id,name,x,y,simc,prng,kind,gmina,powiat
1,Abramy,491.231,691.101,0673733,42,wieś,Kałuszyn-gmina miejsko-wiejska,miński
2,Adamczycha,584.796,651.442,0505929,63,wieś,Baranowo-gmina wiejska,ostrołęcki
3,Adamowa Góra,489.387,582.242,0731703,91,wieś,Młodzieszyn-gmina wiejska,sochaczewski
4,Adamowice,453.772,601.768,0732335,100,wieś,Mszczonów-gmina miejsko-wiejska,żyrardowski
5,Adamowizna,468.391,611.932,0002111,103,wieś,Grodzisk Mazowiecki-gmina miejsko-wiejska,grodziski
6,Adamowo,561.059,560.075,0111952,119,wieś,Bieżuń-gmina miejsko-wiejska,żuromiński
7,Adamowo,523.856,608.898,0116582,125,wieś,Joniec-gmina wiejska,płoński
8,Adamowo,534.411,615.009,0120690,122,wieś,Nowe Miasto-gmina miejsko-wiejska,płoński
9,Adamowo,561.635,579.157,0126468,120,wieś,Strzegowo-gmina wiejska,mławski
10,Adamowo,563.234,653.398,0508566,121,wieś,Czerwonka-gmina wiejska,makowski
11,Adamowo,543.930,668.281,0509169,130,wieś,Długosiodło-gmina wiejska,wyszkowski
12,Adamowo,553.135,532.769,0571168,117,wieś,Mochowo-gmina wiejska,sierpecki
13,Adampol,519.894,675.749,0673124,205,wieś,Jadów-gmina miejsko-wiejska,wołomiński
14,Adampol,506.772,685.407,0675376,206,wieś,Korytnica-gmina wiejska,węgrowski
15,Adamów,476.890,611.834,0002157,144,wieś,Grodzisk Mazowiecki-gmina miejsko-wiejska,grodziski
16,Adamów,497.259,543.668,0577627,138,wieś,Szczawin Kościelny-gmina wiejska,gostyniński
17,Adamów,419.610,664.141,0619142,154,wieś,Głowaczów-gmina miejsko-wiejska,kozienicki
18,Adamów,386.835,641.562,0627220,160,osada,Kowala-gmina wiejska,radomski
19,Adamów,424.292,632.106,0632651,150,wieś,Promna-gmina wiejska,białobrzeski
20,Adamów,354.180,671.260,0636229,174,wieś,Sienno-gmina miejsko-wiejska,lipski
21,Adamów,493.982,684.887,0670210,147,wieś,Dobre-gmina miejsko-wiejska,miński
22,Adamów,498.947,691.702,0693411,146,wieś,Wierzbno-gmina wiejska,węgrowski
23,Adamów Drwalewski,452.696,639.981,0616422,187,wieś,Chynów-gmina wiejska,grójecki
24,Adamów Rososki,452.311,647.068,0616439,189,wieś,Chynów-gmina wiejska,grójecki
25,Adamów-Parcel,462.126,608.185,0735196,185,wieś,Radziejowice-gmina wiejska,żyrardowski
26,Adamów-Wieś,463.209,609.481,0735210,186,wieś,Radziejowice-gmina wiejska,żyrardowski
27,Adamówek,501.424,617.377,0001117,190,wieś,Czosnów-gmina wiejska,nowodworski
28,Adamówek,454.341,605.781,0732341,191,wieś,Mszczonów-gmina miejsko-wiejska,żyrardowski
29,Adelin,517.303,666.248,0523459,217,wieś,Zabrodzie-gmina wiejska,wyszkowski
30,Adolfin,400.798,665.783,0630474,227,wieś,Pionki-gmina wiejska,radomski
31,Adolfów,536.565,722.780,0669370,235,wieś,Ceranów-gmina wiejska,sokołowski
32,Agnieszkowo,562.559,534.816,0578213,250,wieś,Szczutowo-gmina wiejska,sierpecki
33,Albinów,531.656,711.471,0675873,289,wieś,Kosów Lacki-gmina miejsko-wiejska,sokołowski
34,Albinów,482.904,700.695,0676559,291,wieś,Kotuń-gmina wiejska,siedlecki
35,Aleksandria,528.265,609.818,0120709,311,wieś,Nowe Miasto-gmina miejsko-wiejska,płoński
36,Aleksandria,461.843,597.426,0734601,312,wieś,Puszcza Mariańska-gmina wiejska,żyrardowski
37,Aleksandrowo,520.575,622.162,0119830,344,wieś,Nasielsk-gmina miejsko-wiejska,nowodworski
38,Aleksandrowo,554.840,587.537,0127166,337,wieś,Strzegowo-gmina wiejska,mławski
39,Aleksandrowo,596.884,624.879,0507220,345,przysiółek,Chorzele-gmina miejsko-wiejska,przasnyski
40,Aleksandrowo,590.627,662.222,0512881,346,wieś,Lelis-gmina wiejska,ostrołęcki
41,Aleksandrowo,580.237,694.336,0521992,347,wieś,Troszyn-gmina wiejska,ostrołęcki
42,Aleksandrowo,529.557,561.801,0576415,338,wieś,Staroźreby-gmina miejsko-wiejska,płocki
43,Aleksandrowo k. Pokrytek,563.172,588.878,0127002,336,kolonia,Strzegowo-gmina wiejska,mławski
44,Aleksandrynów,515.219,525.668,0564091,442,wieś,Gostynin-gmina wiejska,gostyniński
45,Aleksandrów,498.202,611.092,0001123,360,wieś,Czosnów-gmina wiejska,nowodworski
46,Aleksandrów,455.240,649.727,0001502,367,wieś,Góra Kalwaria-gmina miejsko-wiejska,piaseczyński
47,Aleksandrów,505.920,639.251,0005569,357,wieś,Nieporęt-gmina wiejska,legionowski
48,Aleksandrów,493.607,564.891,0566003,359,wieś,Iłów-gmina wiejska,sochaczewski
49,Aleksandrów,495.912,556.494,0574391,358,wieś,Sanniki-gmina miejsko-wiejska,gostyniński
50,Aleksandrów,373.319,622.605,0615701,380,wieś,Chlewiska-gmina wiejska,szydłowiecki
51,Aleksandrów,397.463,662.952,0625332,377,wieś,Jedlnia-Letnisko-gmina miejsko-wiejska,radomski
52,Aleksandrów,435.948,660.514,0628537,370,wieś,Magnuszew-gmina miejsko-wiejska,kozienicki
53,Aleksandrów,452.414,618.165,0631290,366,wieś,Pniewy-gmina wiejska,grójecki
54,Aleksandrów,369.648,676.226,0636235,378,wieś,Sienno-gmina miejsko-wiejska,lipski
55,Aleksandrów,415.135,623.961,0642106,376,wieś,Wyśmierzyce-gmina miejsko-wiejska,białobrzeski
56,Aleksandrów,486.510,686.457,0673466,364,wieś,Jakubów-gmina wiejska,miński
57,Aleksandrów,441.835,675.384,0678274,368,wieś,Łaskarzew-gmina wiejska,garwoliński
58,Aleksandrów,488.436,576.906,0736505,361,wieś,Rybno-gmina wiejska,sochaczewski
59,Aleksandrów,475.714,590.399,0739202,362,wieś,Wiskitki-gmina miejsko-wiejska,żyrardowski
60,Aleksandrów Duży,360.417,681.011,0636241,381,wieś,Sienno-gmina miejsko-wiejska,lipski
61,Aleksandrówka,444.007,620.716,0613955,430,wieś,Belsk Duży-gmina wiejska,grójecki
62,Aleksandrówka,414.647,676.229,0627302,435,wieś,Kozienice-gmina miejsko-wiejska,kozienicki
63,Aleksandrówka,397.509,682.776,0631746,436,wieś,Policzna-gmina wiejska,zwoleński
64,Aleksandrówka,484.863,665.118,0669890,423,wieś,Dębe Wielkie-gmina wiejska,miński
65,Aleksandrówka,489.484,709.277,0671970,425,wieś,Grębków-gmina wiejska,węgrowski
66,Alfonsowo,437.062,635.784,0623570,447,wieś,Jasieniec-gmina wiejska,grójecki
67,Alfonsów,504.200,559.630,0575290,448,wieś,Słubice-gmina wiejska,płocki
68,Alojzów,375.352,657.234,0622546,462,wieś,Iłża-gmina miejsko-wiejska,radomski
69,Altanka,488.051,583.182,0738088,481,wieś,Sochaczew-gmina wiejska,sochaczewski
70,Amelin,580.059,649.885,0511657,495,wieś,Krasnosielc-gmina wiejska,makowski
71,Anastazew,520.427,668.726,0523471,556,wieś,Zabrodzie-gmina wiejska,wyszkowski
72,Anatolin,495.748,552.066,0572707,563,wieś,Pacyna-gmina wiejska,gostyniński
73,Andrzejewo,556.467,715.530,0394507,584,wieś,Andrzejewo-gmina wiejska,ostrowski
74,Andrzejki-Tyszki,571.588,697.837,0508106,589,wieś,Czerwin-gmina wiejska,ostrołęcki
75,Andrzejów,494.564,589.878,0009544,595,wieś,Brochów-gmina wiejska,sochaczewski
76,Andrzejów,498.676,544.994,0577700,594,osada,Szczawin Kościelny-gmina wiejska,gostyniński
77,Andrzejów,383.679,691.977,0633225,600,wieś,Przyłęk-gmina wiejska,zwoleński
78,Andrzejów Duranowski,482.180,585.351,0738094,609,wieś,Sochaczew-gmina wiejska,sochaczewski
79,Andrzejówka,397.123,681.020,0631752,614,wieś,Policzna-gmina wiejska,zwoleński
80,Andzin,525.783,613.757,0119787,626,wieś,Nasielsk-gmina miejsko-wiejska,nowodworski
81,Anielew,481.375,681.277,0681483,638,wieś,Mińsk Mazowiecki-gmina wiejska,miński
82,Anielin,548.283,624.543,0115000,650,kolonia,Gołymin-Ośrodek-gmina wiejska,ciechanowski
83,Anielin,534.184,612.900,0120715,651,wieś,Nowe Miasto-gmina miejsko-wiejska,płoński
84,Anielin,500.206,531.483,0564100,649,wieś,Gostynin-gmina wiejska,gostyniński
85,Anielin,441.685,626.340,0613978,653,wieś,Belsk Duży-gmina wiejska,grójecki
86,Anielin,402.477,677.038,0618510,658,wieś,Garbatka-Letnisko-gmina wiejska,kozienicki
87,Anielin,437.525,657.413,0628543,655,wieś,Magnuszew-gmina miejsko-wiejska,kozienicki
88,Anielin,376.884,661.517,0636809,660,wieś,Skaryszew-gmina miejsko-wiejska,radomski
89,Anielinek,487.360,680.162,0673472,670,wieś,Jakubów-gmina wiejska,miński
90,Anielów,437.896,691.312,0688172,677,wieś,Sobolew-gmina wiejska,garwoliński
91,Annopol,569.373,626.882,0517967,732,wieś,Przasnysz-gmina wiejska,przasnyski
92,Annopol,505.204,543.356,0577640,730,wieś,Szczawin Kościelny-gmina wiejska,gostyniński
93,Annopol,440.093,608.344,0614707,735,wieś,Błędów-gmina wiejska,grójecki
94,Annopol,510.574,683.645,0691837,733,wieś,Strachówka-gmina wiejska,wołomiński
95,Annowo,601.933,619.994,0507420,759,kolonia,Chorzele-gmina miejsko-wiejska,przasnyski
96,Annów,396.389,682.109,0632154,763,wieś,Policzna-gmina wiejska,zwoleński
97,Antonia,625.299,666.699,0513343,795,wieś,Łyse-gmina wiejska,ostrołęcki
98,Antonie,586.499,668.929,0515738,796,wieś,Olszewo-Borki-gmina wiejska,ostrołęcki
99,Antoniew,481.709,580.028,0733576,803,wieś,Nowa Sucha-gmina wiejska,sochaczewski
100,Antoniew,487.657,580.621,0738639,802,wieś,Sochaczew-gmina wiejska,sochaczewski
101,Antoniew,464.321,591.160,0739219,804,wieś,Wiskitki-gmina miejsko-wiejska,żyrardowski
102,Antoniewo,560.169,566.452,0125167,830,wieś,Siemiątkowo-gmina wiejska,żuromiński
103,Antoniewo,555.766,688.815,0516241,829,wieś,Ostrów Mazowiecka-gmina wiejska,ostrowski
104,Antoniewo,542.240,544.886,0565015,827,wieś,Gozdowo-gmina wiejska,sierpecki
105,Antonin,442.829,683.021,0671728,846,kolonia,Górzno-gmina wiejska,garwoliński
106,Antonina,498.535,684.483,0670226,853,wieś,Dobre-gmina miejsko-wiejska,miński
107,Antonina,486.056,684.168,0673489,845,wieś,Jakubów-gmina wiejska,miński
108,Antoninek,465.830,670.271,0674550,860,wieś,Kołbiel-gmina wiejska,otwocki
109,Antoninów,467.079,630.585,0006149,864,wieś,Piaseczno-gmina miejsko-wiejska,piaseczyński
110,Antoninów,515.406,536.403,0564122,861,wieś,Gostynin-gmina wiejska,gostyniński
111,Antoninów,507.203,541.869,0569421,862,wieś,Łąck-gmina wiejska,płocki
112,Antoniów,372.100,618.626,0615718,880,wieś,Chlewiska-gmina wiejska,szydłowiecki
113,Antoniów,373.111,667.932,0617048,879,wieś,Ciepielów-gmina miejsko-wiejska,lipski
114,Antoniów,396.773,604.274,0618711,884,wieś,Gielniów-gmina miejsko-wiejska,przysuski
115,Antoniów,379.591,654.612,0637200,878,wieś,Skaryszew-gmina miejsko-wiejska,radomski
116,Antoniówka,398.471,658.358,0625355,907,wieś,Jedlnia-Letnisko-gmina miejsko-wiejska,radomski
117,Antoniówka,398.723,679.117,0631769,908,wieś,Policzna-gmina wiejska,zwoleński
118,Antoniówka Wilczkowska,427.855,672.472,0680302,919,wieś,Maciejowice-gmina miejsko-wiejska,garwoliński
119,Antoniówka Świerżowska,426.202,671.716,0680271,918,wieś,Maciejowice-gmina miejsko-wiejska,garwoliński
120,Antonowo,543.578,696.891,0507182,924,osada leśna,Brok-gmina miejsko-wiejska,ostrowski
121,Antosin,490.371,573.803,0736528,942,wieś,Rybno-gmina wiejska,sochaczewski
122,Anusin,374.150,681.929,0617054,953,wieś,Ciepielów-gmina miejsko-wiejska,lipski
123,Arcelin,533.116,588.604,0121927,983,wieś,Płońsk-gmina wiejska,płoński
124,Archutowo,516.554,574.496,0560176,985,wieś,Bodzanów-gmina miejsko-wiejska,płocki
125,Archutówko,515.404,573.329,0560182,986,wieś,Bodzanów-gmina miejsko-wiejska,płocki
126,Arciechów,516.734,641.296,0007539,988,wieś,Radzymin-gmina miejsko-wiejska,wołomiński
127,Arciechów,501.220,574.544,0566010,989,wieś,Iłów-gmina wiejska,sochaczewski
128,Arciechówek,500.133,574.393,0566026,990,wieś,Iłów-gmina wiejska,sochaczewski
129,Arynów,485.181,673.295,0681490,1047,wieś,Mińsk Mazowiecki-gmina wiejska,miński
130,Atalin,391.338,682.104,0642796,1061,wieś,Zwoleń-gmina miejsko-wiejska,zwoleński
131,Augustowo,560.851,588.852,0126474,1084,wieś,Strzegowo-gmina wiejska,mławski
132,Augustowo,543.889,674.170,0509181,1085,wieś,Długosiodło-gmina wiejska,wyszkowski
133,Augustów,565.419,631.325,0117274,1098,wieś,Krasne-gmina wiejska,przasnyski
134,Augustów,426.832,650.260,0621452,1101,wieś,Grabów nad Pilicą-gmina wiejska,kozienicki
135,Augustów,388.394,642.820,0626900,1105,wieś,Kowala-gmina wiejska,radomski
136,Augustów,409.234,671.374,0630505,1103,wieś,Pionki-gmina wiejska,radomski
137,Augustówek,502.283,615.613,0001130,1111,wieś,Czosnów-gmina wiejska,nowodworski
138,Augustówka,460.748,671.786,0683105,1117,wieś,Osieck-gmina miejsko-wiejska,otwocki
139,Baba,604.927,672.717,0513366,1175,wieś,Łyse-gmina wiejska,ostrołęcki
140,Babice,429.490,697.337,0692334,1340,wieś,Trojanów-gmina wiejska,garwoliński
141,Babice Nowe,487.742,625.984,0008929,1349,wieś,Stare Babice-gmina wiejska,warszawski zachodni
142,Babiec Piaseczny,558.960,547.426,0574066,1389,wieś,Rościszewo-gmina wiejska,sierpecki
143,Babiec Rżały,559.649,547.710,0574072,1390,wieś,Rościszewo-gmina wiejska,sierpecki
144,Babiec-Więczanki,560.217,546.044,0574089,1387,wieś,Rościszewo-gmina wiejska,sierpecki
145,Babiec-Wrzosy,561.055,546.248,1056310,1388,kolonia,Rościszewo-gmina wiejska,sierpecki
146,Babilon,368.264,683.486,0627911,1422,wieś,Lipsko-gmina miejsko-wiejska,lipski
147,Babin,387.796,688.008,0633260,1434,wieś,Przyłęk-gmina wiejska,zwoleński
148,Baboszewo,535.851,585.020,0111515,1491,wieś,Baboszewo-gmina wiejska,płoński
149,Babski Borek,472.257,587.783,0739231,196779,osada leśna,Wiskitki-gmina miejsko-wiejska,żyrardowski
150,Babskie Budy,471.809,587.008,0739225,1509,wieś,Wiskitki-gmina miejsko-wiejska,żyrardowski
151,Baby,551.311,607.926,0112360,1524,wieś,Ciechanów-gmina wiejska,ciechanowski
152,Baby Dolne,506.684,524.658,0564145,1528,wieś,Gostynin-gmina wiejska,gostyniński
153,Baby Górne,506.843,523.138,0564151,1529,wieś,Gostynin-gmina wiejska,gostyniński
154,Bachorza,485.332,762.616,0012463,1570,wieś,Huszlew-gmina wiejska,łosicki
155,Bachorza,508.234,725.116,0688597,1569,wieś,Sokołów Podlaski-gmina wiejska,sokołowski
156,Bacze,563.759,615.150,0121376,1629,wieś,Opinogóra Górna-gmina wiejska,ciechanowski
157,Baczki,522.491,688.080,0678682,1635,wieś,Łochów-gmina miejsko-wiejska,węgrowski
158,Baczki,506.506,734.973,0684790,1636,wieś,Repki-gmina wiejska,sokołowski
159,Badowo-Dańki,455.079,606.291,0732358,1661,wieś,Mszczonów-gmina miejsko-wiejska,żyrardowski
160,Badowo-Mściska,456.002,606.610,0732364,1663,wieś,Mszczonów-gmina miejsko-wiejska,żyrardowski
161,Badulki,411.305,604.424,0630020,1668,wieś,Odrzywół-gmina miejsko-wiejska,przysuski
162,Badów Górny,453.881,605.259,0732370,1664,wieś,Mszczonów-gmina miejsko-wiejska,żyrardowski
163,Bagatele,558.287,681.607,0522419,1677,wieś,Wąsewo-gmina wiejska,ostrowski
164,Bagienice,600.484,624.149,0507236,1699,wieś,Chorzele-gmina miejsko-wiejska,przasnyski
165,Bagienice Duże,587.166,567.319,0117676,1703,wieś,Kuczbork-Osada-gmina wiejska,żuromiński
166,Bagienice Małe,586.913,567.999,0117682,1704,wieś,Kuczbork-Osada-gmina wiejska,żuromiński
167,Bagienice Nowe,586.498,565.421,0117831,1706,wieś,Kuczbork-Osada-gmina wiejska,żuromiński
168,Bagienice Szlacheckie,578.918,647.363,0511670,1707,wieś,Krasnosielc-gmina wiejska,makowski
169,Bagienice-Folwark,580.091,646.360,0511663,1701,wieś,Krasnosielc-gmina wiejska,makowski
170,Bagienko,539.263,671.586,0506567,1730,osada leśna,Brańszczyk-gmina wiejska,wyszkowski
171,Bagno,504.782,627.630,0003010,1886,osada leśna,Jabłonna-gmina wiejska,legionowski
172,Bakuła,596.088,650.691,0505941,2087,wieś,Baranowo-gmina wiejska,ostrołęcki
173,Balcery,509.473,670.572,0521704,2109,wieś,Tłuszcz-gmina miejsko-wiejska,wołomiński
174,Bale,491.383,713.700,0682070,2123,wieś,Mokobody-gmina wiejska,siedlecki
175,Bandysie,606.330,647.732,0507940,2291,wieś,Czarnia-gmina wiejska,ostrołęcki
176,Baniocha,464.020,645.754,0001519,2357,wieś,Góra Kalwaria-gmina miejsko-wiejska,piaseczyński
177,Barak,371.793,630.331,0639162,2437,wieś,Szydłowiec-gmina miejsko-wiejska,szydłowiecki
178,Baraki,541.181,598.404,0125693,2452,wieś,Sochocin-gmina miejsko-wiejska,płoński
179,Baraki Chotumskie,559.218,600.265,0112377,2460,wieś,Ciechanów-gmina wiejska,ciechanowski
180,Baraki Osuchowskie,446.467,608.395,1060620,2461,kolonia,Mszczonów-gmina miejsko-wiejska,żyrardowski
181,Baranek,554.054,588.396,0126675,2473,kolonia,Strzegowo-gmina wiejska,mławski
182,Barania Ruda,478.356,699.933,0682927,2509,osada leśna,Mrozy-gmina miejsko-wiejska,miński
183,Baranicha,441.924,679.077,0678370,192421,osada,Łaskarzew-gmina wiejska,garwoliński
184,Baraniec,547.993,634.238,0116754,2539,wieś,Karniewo-gmina wiejska,makowski
185,Baraniec,546.210,599.277,0121063,2538,wieś,Ojrzeń-gmina wiejska,ciechanowski
186,Baranowo,592.498,653.450,0505958,2583,wieś,Baranowo-gmina wiejska,ostrołęcki
187,Baranów,375.835,691.021,0616043,2595,wieś,Chotcza-gmina wiejska,lipski
188,Baranów,474.137,600.756,0722822,2592,wieś,Baranów-gmina wiejska,grodziski
189,Barańce,566.911,620.538,0117512,2647,wieś,Krasne-gmina wiejska,przasnyski
190,Barchów,520.071,679.987,0678707,2688,wieś,Łochów-gmina miejsko-wiejska,węgrowski
191,Barcice,521.324,653.408,0520018,2692,wieś,Somianka-gmina wiejska,wyszkowski
192,Barcice Drwalewskie,450.983,637.280,0616445,2694,wieś,Chynów-gmina wiejska,grójecki
193,Barcice Rososkie,449.077,647.607,0616451,2696,wieś,Chynów-gmina wiejska,grójecki
194,Barcikowo,516.975,560.756,0575628,2703,wieś,Słupno-gmina wiejska,płocki
195,Barcząca,479.730,680.274,0681508,2726,wieś,Mińsk Mazowiecki-gmina wiejska,miński
196,Bardzice,383.770,650.545,0626923,2780,wieś,Kowala-gmina wiejska,radomski
197,Bartków,503.256,741.511,0675287,195005,osada leśna,Korczew-gmina wiejska,siedlecki
198,Bartniki,577.313,628.857,0517708,3005,wieś,Przasnysz-gmina wiejska,przasnyski
199,Bartniki,460.952,586.385,0734618,3004,wieś,Puszcza Mariańska-gmina wiejska,żyrardowski
200,Bartodzieje,538.480,648.304,0515075,3015,wieś,Obryte-gmina wiejska,pułtuski
201,Bartodzieje,435.628,632.350,0613984,3016,wieś,Belsk Duży-gmina wiejska,grójecki
202,Bartodzieje,408.866,653.028,0624108,3017,wieś,Jastrzębia-gmina wiejska,radomski
203,Bartodzieje,388.338,673.141,0639699,3018,wieś,Tczów-gmina wiejska,zwoleński
204,Bartodzieje-Gajówka,538.946,646.338,0515081,46655,osada leśna,Obryte-gmina wiejska,pułtuski
205,Bartosy,563.082,680.791,0522425,3038,wieś,Wąsewo-gmina wiejska,ostrowski
206,Bartosz,507.485,720.112,0688628,3042,kolonia,Sokołów Podlaski-gmina wiejska,sokołowski
207,Bartoszówka,457.918,613.865,0740346,3067,wieś,Żabia Wola-gmina wiejska,grodziski
208,Bartołdy,567.812,623.219,0117133,3027,wieś,Krasne-gmina wiejska,przasnyski
209,Barycz Nowa,386.114,684.228,0642827,3139,wieś,Zwoleń-gmina miejsko-wiejska,zwoleński
210,Barycz Stara,386.124,685.769,0642833,3140,wieś,Zwoleń-gmina miejsko-wiejska,zwoleński
211,Barycz-Kolonia,386.875,684.735,0642810,3138,wieś,Zwoleń-gmina miejsko-wiejska,zwoleński
212,Baryczka,387.253,696.188,0633277,3144,wieś,Przyłęk-gmina wiejska,zwoleński
213,Basin,476.830,602.802,0722839,3177,wieś,Baranów-gmina wiejska,grodziski
214,Basinów,520.578,673.119,0523488,3178,wieś,Zabrodzie-gmina wiejska,wyszkowski
215,Basinów,427.805,662.658,0628589,3179,wieś,Magnuszew-gmina miejsko-wiejska,kozienicki
216,Baszkówka,464.751,631.622,0006161,3209,wieś,Piaseczno-gmina miejsko-wiejska,piaseczyński
217,Batogowo,570.229,654.940,0520768,3241,wieś,Sypniewo-gmina wiejska,makowski
218,Bazar,557.290,642.035,0521070,3299,osada,Szelków-gmina wiejska,makowski
219,Bałki,512.355,728.247,0684808,2209,wieś,Repki-gmina wiejska,sokołowski
220,Bażantarnia,407.242,673.351,0630764,194694,osada leśna,Pionki-gmina wiejska,radomski
221,Bednary,463.205,596.013,0734647,3566,wieś,Puszcza Mariańska-gmina wiejska,żyrardowski
222,Bednarze,515.250,689.062,0675382,3574,wieś,Korytnica-gmina wiejska,węgrowski
223,Begno,544.946,625.172,0115861,3607,wieś,Gzy-gmina wiejska,pułtuski
224,Begno,527.835,571.467,0576421,3606,wieś,Staroźreby-gmina miejsko-wiejska,płocki
225,Bejdy,483.873,745.789,0016610,3610,wieś,Olszanka-gmina wiejska,łosicki
226,Belin,533.750,612.751,0120721,3641,wieś,Nowe Miasto-gmina miejsko-wiejska,płoński
227,Belno,502.312,521.515,0564168,3652,wieś,Gostynin-gmina wiejska,gostyniński
228,Belsk Duży,441.536,624.674,0613990,3658,wieś,Belsk Duży-gmina wiejska,grójecki
229,Belsk Mały,443.072,625.197,0614009,3659,wieś,Belsk Duży-gmina wiejska,grójecki
230,Bemowo,488.741,630.253,0988780,3738,część miasta,Warszawa-gmina miejska,Warszawa
231,Bendorzyn,538.376,539.726,0571174,3741,wieś,Mochowo-gmina wiejska,sierpecki
232,Benenard,463.156,598.145,0735233,3745,wieś,Radziejowice-gmina wiejska,żyrardowski
233,Beniaminów,510.565,643.100,0005575,3746,wieś,Nieporęt-gmina wiejska,legionowski
234,Berkowizna,361.679,670.804,0635603,3864,wieś,Rzeczniów-gmina wiejska,lipski
235,Bestwiny,470.728,678.897,0686954,3992,wieś,Siennica-gmina miejsko-wiejska,miński
236,Beszyno,522.237,589.173,0119497,4003,wieś,Naruszewo-gmina wiejska,płoński
237,Bełek,421.508,611.814,0629577,3701,wieś,Nowe Miasto nad Pilicą-gmina miejsko-wiejska,grójecki
238,Beźnik,397.545,619.383,0632190,4068,wieś,Przysucha-gmina miejsko-wiejska,przysuski
239,Biała,526.822,543.938,0576036,4236,wieś,Stara Biała-gmina wiejska,płocki
240,Biała Góra,429.979,645.131,0638599,4333,wieś,Stromiec-gmina wiejska,białobrzeski
241,Białasy,561.637,543.571,0578242,4473,wieś,Szczutowo-gmina wiejska,sierpecki
242,Białe,515.618,534.986,0564174,4505,wieś,Gostynin-gmina wiejska,gostyniński
243,Białe Błoto,526.723,630.958,0129136,4585,wieś,Winnica-gmina wiejska,pułtuski
244,Białe Błoto,551.417,548.717,0574592,4584,wieś,Sierpc-gmina wiejska,sierpecki
245,Białe Błoto,580.494,559.159,1060487,10524,kolonia,Żuromin-gmina miejsko-wiejska,żuromiński
246,Białe-Giezki,550.873,727.074,0395004,4517,wieś,Boguty-Pianki-gmina wiejska,ostrowski
247,Białe-Kwaczoły,548.622,727.385,0394921,4518,wieś,Boguty-Pianki-gmina wiejska,ostrowski
248,Białe-Misztale,549.801,725.859,0394950,4519,wieś,Boguty-Pianki-gmina wiejska,ostrowski
249,Białe-Papieże,549.850,725.506,0394973,4520,wieś,Boguty-Pianki-gmina wiejska,ostrowski
250,Białe-Szczepanowice,549.504,727.106,0394980,4521,wieś,Boguty-Pianki-gmina wiejska,ostrowski
251,Białe-Zieje,549.683,726.535,0394996,4522,wieś,Boguty-Pianki-gmina wiejska,ostrowski
252,Białebłoto-Kobyla,540.983,676.033,0506461,4657,wieś,Brańszczyk-gmina wiejska,wyszkowski
253,Białebłoto-Kurza,539.382,677.205,0506478,4658,wieś,Brańszczyk-gmina wiejska,wyszkowski
254,Białebłoto-Stara Wieś,541.054,676.798,0506484,4659,wieś,Brańszczyk-gmina wiejska,wyszkowski
255,Białka,495.330,539.414,0577656,4688,wieś,Szczawin Kościelny-gmina wiejska,gostyniński
256,Białka,365.835,654.590,0622813,4703,wieś,Iłża-gmina miejsko-wiejska,radomski
257,Białki,508.902,673.096,0521414,4728,wieś,Tłuszcz-gmina miejsko-wiejska,wołomiński
258,Białki,478.800,726.346,0686575,4729,wieś,Siedlce-gmina wiejska,siedlecki
259,Białkowo,520.705,556.873,0573434,4744,wieś,Radzanowo-gmina wiejska,płocki
260,Białobiel,586.607,671.307,0512898,4755,wieś,Lelis-gmina wiejska,ostrołęcki
261,Białobrzeg Bliższy,584.681,666.873,0515744,4777,wieś,Olszewo-Borki-gmina wiejska,ostrołęcki
262,Białobrzeg Dalszy,585.736,663.928,0515750,4778,wieś,Olszewo-Borki-gmina wiejska,ostrołęcki
263,Białobrzegi,511.072,639.805,0005581,4783,wieś,Nieporęt-gmina wiejska,legionowski
264,Białobrzegi,510.981,562.142,0560199,4782,wieś,Bodzanów-gmina miejsko-wiejska,płocki
265,Białobrzegi,374.097,691.668,0616072,4788,wieś,Chotcza-gmina wiejska,lipski
266,Białobrzegi,531.841,729.036,0690281,4780,wieś,Sterdyń-gmina wiejska,sokołowski
267,Białobrzegi,421.693,635.147,0973286,4784,miasto,Białobrzegi-gmina miejsko-wiejska,białobrzeski
268,Białobrzegi,509.615,638.961,1053760,236119,osada leśna,Nieporęt-gmina wiejska,legionowski
269,Białocin,490.485,566.086,0566032,4806,wieś,Iłów-gmina wiejska,sochaczewski
270,Białoskóry,545.185,547.317,0574600,4860,wieś,Sierpc-gmina wiejska,sierpecki
271,Białotarsk,508.823,521.855,0564180,4874,wieś,Gostynin-gmina wiejska,gostyniński
272,Białowieża,542.927,638.467,0122996,4888,wieś,Pułtusk-gmina miejsko-wiejska,pułtuski
273,Białołęka,496.680,638.472,0988796,4847,część miasta,Warszawa-gmina miejska,Warszawa
274,Białusny Lasek,612.638,653.360,0514839,4913,wieś,Myszyniec-gmina miejsko-wiejska,ostrołęcki
275,Białusny Lasek,614.155,653.493,0514845,4912,osada leśna,Myszyniec-gmina miejsko-wiejska,ostrołęcki
276,Białutki,487.621,611.037,0000017,4914,wieś,Błonie-gmina miejsko-wiejska,warszawski zachodni
277,Białuty,485.454,609.359,0000023,4917,wieś,Błonie-gmina miejsko-wiejska,warszawski zachodni
278,Białuty,541.465,548.897,0565021,4916,wieś,Gozdowo-gmina wiejska,sierpecki
279,Biały Dwór,581.646,559.125,0118641,4945,wieś,Lubowidz-gmina miejsko-wiejska,żuromiński
280,Biały Ług,455.567,641.207,0006988,4972,wieś,Prażmów-gmina wiejska,piaseczyński
281,Biały Ług,396.990,684.220,0631781,4979,wieś,Policzna-gmina wiejska,zwoleński
282,Białyszewo,546.377,549.778,0574652,5061,wieś,Sierpc-gmina wiejska,sierpecki
283,Białyszewo-Towarzystwo,545.318,549.312,0574669,5062,wieś,Sierpc-gmina wiejska,sierpecki
284,Bibiampol,491.602,584.485,0731710,5065,wieś,Młodzieszyn-gmina wiejska,sochaczewski
285,Bidakowo,579.451,560.009,1060501,199745,kolonia,Żuromin-gmina miejsko-wiejska,żuromiński
286,Biedrzyce-Koziegłowy,569.444,653.678,0520774,5188,wieś,Sypniewo-gmina wiejska,makowski
287,Biedrzyce-Stara Wieś,568.110,652.601,0520780,5189,wieś,Sypniewo-gmina wiejska,makowski
288,Biedów,378.565,671.943,0626165,5176,osada,Kazanów-gmina miejsko-wiejska,zwoleński
289,Bieganów,465.451,602.327,0728397,5208,wieś,Jaktorów-gmina wiejska,grodziski
290,Biejkowska Wola,426.795,637.114,0632668,5222,wieś,Promna-gmina wiejska,białobrzeski
291,Biejków,427.290,638.415,0632674,5224,wieś,Promna-gmina wiejska,białobrzeski
292,Biel,549.127,698.632,0514644,5230,osada leśna,Małkinia Górna-gmina miejsko-wiejska,ostrowski
293,Biel,549.675,699.747,0516258,5229,wieś,Ostrów Mazowiecka-gmina wiejska,ostrowski
294,Biel,482.284,732.407,0686581,5240,wieś,Siedlce-gmina wiejska,siedlecki
295,Bielany,550.829,568.810,0123317,5298,wieś,Raciąż-gmina wiejska,płoński
296,Bielany,536.112,628.161,0129142,5299,wieś,Winnica-gmina wiejska,pułtuski
297,Bielany,433.711,618.946,0614713,5306,wieś,Błędów-gmina wiejska,grójecki
298,Bielany,371.891,669.892,0617137,5308,wieś,Ciepielów-gmina miejsko-wiejska,lipski
299,Bielany,491.893,632.838,0988804,5300,część miasta,Warszawa-gmina miejska,Warszawa
300,Bielany-Jarosławy,501.477,721.881,0668229,5316,wieś,Bielany-gmina wiejska,sokołowski
301,Bielany-Wąsy,503.142,721.176,0668235,5318,wieś,Bielany-gmina wiejska,sokołowski
302,Bielany-Żyłaki,502.261,721.109,0668258,5319,wieś,Bielany-gmina wiejska,sokołowski
303,Bielawa,473.519,645.819,0003665,5348,wieś,Konstancin-Jeziorna-gmina miejsko-wiejska,piaseczyński
304,Bielawy,545.340,595.046,0114519,5439,wieś,Glinojeck-gmina miejsko-wiejska,ciechanowski
305,Bielawy,569.461,573.394,0127730,5437,wieś,Szreńsk-gmina wiejska,mławski
306,Bielawy,506.189,537.779,0564197,5434,wieś,Gostynin-gmina wiejska,gostyniński
307,Bielawy Gołuskie,564.126,564.716,0111975,5454,wieś,Bieżuń-gmina miejsko-wiejska,żuromiński
308,Biele,534.957,598.388,0125701,5472,wieś,Sochocin-gmina miejsko-wiejska,płoński
309,Bielice,479.865,587.533,0738119,5585,osada,Sochaczew-gmina wiejska,sochaczewski
310,Bielicha,396.433,645.071,0642247,5593,wieś,Zakrzew-gmina wiejska,radomski
311,Bielino,546.832,659.009,0518754,5611,wieś,Rząśnik-gmina wiejska,wyszkowski
312,Bielino,515.275,552.725,0575947,5612,wieś,Słupno-gmina wiejska,płocki
313,Bieliny,494.240,598.581,0003116,5620,wieś,Kampinos-gmina wiejska,warszawski zachodni
314,Bieliny,495.445,590.182,0009567,5618,wieś,Brochów-gmina wiejska,sochaczewski
315,Bieliny,396.185,604.373,0618728,5625,wieś,Gielniów-gmina miejsko-wiejska,przysuski
316,Bieliny,419.062,602.869,0629583,5622,wieś,Nowe Miasto nad Pilicą-gmina miejsko-wiejska,grójecki
317,Bieliny,398.076,671.976,0630528,5623,wieś,Pionki-gmina wiejska,radomski
318,Bieliny,499.037,579.357,0731749,5617,wieś,Młodzieszyn-gmina wiejska,sochaczewski
319,Bielsk,534.266,554.371,0559552,5682,wieś,Bielsk-gmina wiejska,płocki
320,Bieniew,501.052,576.171,0566049,5741,wieś,Iłów-gmina wiejska,sochaczewski
321,Bieniewice,480.746,606.869,0000046,5742,wieś,Błonie-gmina miejsko-wiejska,warszawski zachodni
322,Bieniewiec,463.243,611.859,0740369,5743,wieś,Żabia Wola-gmina wiejska,grodziski
323,Bieniewo-Parcela,483.302,602.227,0000075,5745,wieś,Błonie-gmina miejsko-wiejska,warszawski zachodni
324,Bieniewo-Wieś,481.388,601.612,0000081,5746,wieś,Błonie-gmina miejsko-wiejska,warszawski zachodni
325,Bieniędzice,395.339,633.997,0641265,5748,wieś,Wolanów-gmina wiejska,radomski
326,Bierdzież,402.450,689.508,0631798,5806,wieś,Policzna-gmina wiejska,zwoleński
327,Biernaty,577.027,647.562,0511692,5843,wieś,Krasnosielc-gmina wiejska,makowski
328,Biernaty Średnie,490.290,750.946,0015496,5844,wieś,Łosice-gmina miejsko-wiejska,łosicki
329,Biernik,455.581,591.600,0734653,5846,wieś,Puszcza Mariańska-gmina wiejska,żyrardowski
330,Bierwce,413.252,649.623,0624539,5863,wieś,Jedlińsk-gmina wiejska,radomski
331,Bierwiecka Wola,410.804,650.302,0624568,5867,wieś,Jedlińsk-gmina wiejska,radomski
332,Bierzewice,509.578,532.315,0564205,5872,wieś,Gostynin-gmina wiejska,gostyniński
333,Bieszków Dolny,372.328,637.421,0629086,5950,wieś,Mirów-gmina wiejska,szydłowiecki
334,Bieszków Górny,373.424,638.426,0629092,5951,wieś,Mirów-gmina wiejska,szydłowiecki
335,Bieńki-Karkuty,550.359,612.970,0126037,5771,wieś,Sońsk-gmina wiejska,ciechanowski
336,Bieńki-Śmietanki,551.345,613.424,0126050,5773,wieś,Sońsk-gmina wiejska,ciechanowski
337,Bieżany,563.620,578.374,0124156,5971,wieś,Radzanów-gmina wiejska,mławski
338,Bieżuń,566.386,559.662,0111981,5974,miasto,Bieżuń-gmina miejsko-wiejska,żuromiński
339,Bikówek,447.815,625.236,0622115,6001,wieś,Grójec-gmina miejsko-wiejska,grójecki
340,Binduga,505.673,762.581,0018773,6071,wieś,Sarnaki-gmina wiejska,łosicki
341,Binduga,606.297,641.892,0507259,6070,wieś,Chorzele-gmina miejsko-wiejska,przasnyski
342,Bindużka,549.958,657.227,0519630,6080,wieś,Rzewnie-gmina wiejska,makowski
343,Biskupice,479.422,615.056,0000490,6150,wieś,Brwinów-gmina miejsko-wiejska,pruszkowski
344,Biskupice,523.906,536.336,0560822,6148,wieś,Brudzeń Duży-gmina wiejska,płocki
345,Biskupice,539.263,566.368,0563039,6149,wieś,Drobin-gmina miejsko-wiejska,płocki
346,Bledzewko,549.827,540.851,0574675,6273,wieś,Sierpc-gmina wiejska,sierpecki
347,Bledzewo,551.248,541.727,0574681,6274,wieś,Sierpc-gmina wiejska,sierpecki
348,Blichowo,522.004,567.824,0561313,6306,wieś,Bulkowo-gmina wiejska,płocki
349,Blinno,560.028,531.740,0578259,6310,wieś,Szczutowo-gmina wiejska,sierpecki
350,Blizne Jasińskiego,488.245,627.918,0008645,6355,wieś,Stare Babice-gmina wiejska,warszawski zachodni
351,Blizne Łaszczyńskiego,488.011,628.715,0008651,6356,wieś,Stare Babice-gmina wiejska,warszawski zachodni
352,Blizno,563.987,539.367,0578265,6358,wieś,Szczutowo-gmina wiejska,sierpecki
353,Blochy,544.430,675.655,0509198,6407,wieś,Długosiodło-gmina wiejska,wyszkowski
354,Bobin,569.410,676.763,0508112,7119,wieś,Czerwin-gmina wiejska,ostrołęcki
355,Bobino Wielkie,577.086,638.408,0517275,7124,wieś,Płoniawy-Bramura-gmina wiejska,makowski
356,Bobino-Grzybki,577.572,636.872,0517269,7123,wieś,Płoniawy-Bramura-gmina wiejska,makowski
357,Bobki,405.770,677.923,1055049,7125,wieś,Garbatka-Letnisko-gmina wiejska,kozienicki
358,Bobrek,417.778,641.754,0638613,7167,wieś,Stromiec-gmina wiejska,białobrzeski
359,Bobrek-Kolonia,418.378,642.577,0638620,7178,kolonia,Stromiec-gmina wiejska,białobrzeski
360,Bobrowce,445.943,610.685,0732387,7192,wieś,Mszczonów-gmina miejsko-wiejska,żyrardowski
361,Bobrowiec,468.054,634.658,0006184,7206,wieś,Piaseczno-gmina miejsko-wiejska,piaseczyński
362,Bobrowniki,417.344,658.376,0619159,7242,wieś,Głowaczów-gmina miejsko-wiejska,kozienicki
363,Bobry,601.659,622.211,0507609,7304,kolonia,Chorzele-gmina miejsko-wiejska,przasnyski
364,Boby,548.258,643.311,0123004,7325,wieś,Pułtusk-gmina miejsko-wiejska,pułtuski
365,Bocian,470.461,666.980,0674566,7381,wieś,Kołbiel-gmina wiejska,otwocki
366,Bociany,389.208,616.040,1058220,4046,osada,Przysucha-gmina miejsko-wiejska,przysuski
367,Bodzanów,515.404,570.077,0560213,7520,miasto,Bodzanów-gmina miejsko-wiejska,płocki
368,Bodzew,437.616,625.167,0614015,7529,wieś,Belsk Duży-gmina wiejska,grójecki
369,Bogate,567.416,633.426,0517720,7576,wieś,Przasnysz-gmina wiejska,przasnyski
370,Bogatki,462.355,634.684,0006190,7580,wieś,Piaseczno-gmina miejsko-wiejska,piaseczyński
371,Bogdalec,561.603,636.313,0517281,7587,wieś,Płoniawy-Bramura-gmina wiejska,makowski
372,Bogdaniec,486.603,591.129,0738310,7594,wieś,Sochaczew-gmina wiejska,sochaczewski
373,Bogdany Małe,598.621,623.368,0507271,7640,wieś,Chorzele-gmina miejsko-wiejska,przasnyski
374,Bogdany Wielkie,599.642,623.200,0507265,7641,wieś,Chorzele-gmina miejsko-wiejska,przasnyski
375,Boglewice,439.938,637.690,0623586,7652,wieś,Jasieniec-gmina wiejska,grójecki
376,Bogucin,559.156,617.337,0121382,7695,wieś,Opinogóra Górna-gmina wiejska,ciechanowski
377,Bogucin,542.363,572.551,0123330,7694,wieś,Raciąż-gmina wiejska,płoński
378,Bogucin,406.814,678.248,0618562,7696,wieś,Garbatka-Letnisko-gmina wiejska,kozienicki
379,Bogurzyn,576.411,585.390,0129515,7727,wieś,Wiśniewo-gmina wiejska,mławski
380,Bogurzynek,575.295,584.368,0129521,7728,wieś,Wiśniewo-gmina wiejska,mławski
381,Boguszewiec,568.492,548.418,0119095,7778,wieś,Lutocin-gmina wiejska,żuromiński
382,Boguszków,439.392,655.855,0628626,7788,wieś,Magnuszew-gmina miejsko-wiejska,kozienicki
383,Boguszówka,402.020,696.543,0619892,7796,wieś,Gniewoszów-gmina wiejska,kozienicki
384,Bogusławice,524.112,594.407,0121933,7743,wieś,Płońsk-gmina wiejska,płoński
385,Bogusławice,388.994,659.437,0636815,7745,wieś,Skaryszew-gmina miejsko-wiejska,radomski
386,Bogusławice-Kolonia,388.250,658.716,0636821,7749,kolonia,Skaryszew-gmina miejsko-wiejska,radomski
387,Boguty Leśne,546.504,729.898,0395033,7828,wieś,Boguty-Pianki-gmina wiejska,ostrowski
388,Boguty-Augustyny,547.274,730.214,0395056,7826,wieś,Boguty-Pianki-gmina wiejska,ostrowski
389,Boguty-Milczki,548.033,730.384,0395010,7829,wieś,Boguty-Pianki-gmina wiejska,ostrowski
390,Boguty-Pianki,544.466,730.618,0395027,7830,wieś,Boguty-Pianki-gmina wiejska,ostrowski
391,Boguty-Rubiesze,546.177,730.688,0395040,7831,wieś,Boguty-Pianki-gmina wiejska,ostrowski
392,Boguty-Żurawie,544.063,729.326,0395062,168188,wieś,Boguty-Pianki-gmina wiejska,ostrowski
393,Bohy,506.765,735.956,0684814,7847,wieś,Repki-gmina wiejska,sokołowski
394,Boiska,370.841,693.460,0637460,7848,wieś,Solec nad Wisłą-gmina miejsko-wiejska,lipski
395,Boiska-Kolonia,372.660,692.346,0637499,7849,wieś,Solec nad Wisłą-gmina miejsko-wiejska,lipski
396,Bojanowo,562.210,571.973,0124162,7864,wieś,Radzanów-gmina wiejska,mławski
397,Bojany,538.140,687.777,0507006,7874,wieś,Brok-gmina miejsko-wiejska,ostrowski
398,Bojany,538.525,687.650,0507029,193430,osada,Brok-gmina miejsko-wiejska,ostrowski
399,Bojany,538.603,687.139,0507035,193429,osada leśna,Brok-gmina miejsko-wiejska,ostrowski
400,Bojary,538.124,707.826,0675896,7881,wieś,Kosów Lacki-gmina miejsko-wiejska,sokołowski
401,Bojewo,529.420,700.469,0685765,7896,wieś,Sadowne-gmina wiejska,węgrowski
402,Bojmie,486.089,701.764,0676565,7899,wieś,Kotuń-gmina wiejska,siedlecki
403,Bolechowice,533.060,552.457,0559569,7928,wieś,Bielsk-gmina wiejska,płocki
404,Bolechówek,465.413,672.536,0674804,7939,kolonia,Kołbiel-gmina wiejska,otwocki
405,Bolesty,484.990,752.651,0016627,8001,wieś,Olszanka-gmina wiejska,łosicki
406,Bolesty-Kolonia,484.226,754.639,1054802,8002,kolonia,Olszanka-gmina wiejska,łosicki
407,Bolesławek,460.221,613.149,0740375,7965,wieś,Żabia Wola-gmina wiejska,grodziski
408,Bolesławiec Leśny,436.940,609.671,0614765,7978,wieś,Błędów-gmina wiejska,grójecki
409,Bolesławowo,516.752,631.172,0008131,7986,wieś,Serock-gmina miejsko-wiejska,legionowski
410,Bolesławów,475.725,666.986,0009870,7992,wieś,Wiązowna-gmina wiejska,otwocki
411,Bolesławów,509.063,536.701,0564228,7991,wieś,Gostynin-gmina wiejska,gostyniński
412,Bolewo,568.895,597.237,0127232,8029,wieś,Stupsk-gmina wiejska,mławski
413,Bolino,505.940,583.751,0578963,8044,wieś,Wyszogród-gmina miejsko-wiejska,płocki
414,Bolęcin,533.897,603.729,0125718,8030,wieś,Sochocin-gmina miejsko-wiejska,płoński
415,Bolęcin,383.606,614.598,0615351,8031,wieś,Borkowice-gmina wiejska,przysuski
416,Bombalice,538.954,552.553,0565038,8091,wieś,Gozdowo-gmina wiejska,sierpecki
417,Bonin,493.457,774.937,0018780,8129,wieś,Sarnaki-gmina wiejska,łosicki
418,Bonin-Ogródki,492.603,773.977,0018796,8130,wieś,Sarnaki-gmina wiejska,łosicki
419,Bonisław,597.380,596.939,0128770,8135,wieś,Wieczfnia Kościelna-gmina wiejska,mławski
420,Bonisław,539.340,550.732,0565044,8136,wieś,Gozdowo-gmina wiejska,sierpecki
421,Borawe,573.162,673.681,0519340,8170,wieś,Rzekuń-gmina wiejska,ostrołęcki
422,Borcuchy,361.734,663.014,0635773,8188,wieś,Rzeczniów-gmina wiejska,lipski
423,Borczyny,581.587,556.566,0118612,8199,kolonia,Lubowidz-gmina miejsko-wiejska,żuromiński
424,Boreczek,538.382,705.220,0514584,8213,wieś,Małkinia Górna-gmina miejsko-wiejska,ostrowski
425,Borek,567.395,682.484,0508129,8283,wieś,Czerwin-gmina wiejska,ostrołęcki
426,Borek,409.721,695.762,0619923,8351,wieś,Gniewoszów-gmina wiejska,kozienicki
427,Borek Czarniński,488.602,676.124,0689881,8481,wieś,Stanisławów-gmina miejsko-wiejska,miński
428,Borek Miński,488.039,675.132,0681514,8496,wieś,Mińsk Mazowiecki-gmina wiejska,miński
429,Borki,454.522,654.847,0001927,8602,wieś,Góra Kalwaria-gmina miejsko-wiejska,piaseczyński
430,Borki,513.149,643.831,0007568,8585,wieś,Radzymin-gmina miejsko-wiejska,wołomiński
431,Borki,552.968,670.356,0509940,8571,wieś,Goworowo-gmina wiejska,ostrołęcki
432,Borki,509.193,554.595,0563750,8584,wieś,Gąbin-gmina miejsko-wiejska,płocki
433,Borki,369.809,620.027,0615730,8641,wieś,Chlewiska-gmina wiejska,szydłowiecki
434,Borki,388.736,670.307,0639742,8639,wieś,Tczów-gmina wiejska,zwoleński
435,Borki,514.380,679.646,0673130,8605,wieś,Jadów-gmina miejsko-wiejska,wołomiński
436,Borki,473.854,699.068,0682637,8600,wieś,Mrozy-gmina miejsko-wiejska,miński
437,Borki,531.675,719.544,0690520,8574,osada leśna,Sterdyń-gmina wiejska,sokołowski
438,Borki,466.206,697.705,0694675,8597,wieś,Wodynie-gmina wiejska,siedlecki
439,Borki Siedleckie,490.196,724.572,0692156,8744,wieś,Suchożebry-gmina wiejska,siedlecki
440,Borki-Kosiorki,475.931,727.299,0694385,8716,wieś,Wiśniew-gmina wiejska,siedlecki
441,Borki-Kosy,474.382,730.479,0696266,8717,wieś,Zbuczyn-gmina wiejska,siedlecki
442,Borki-Paduchy,474.380,729.175,0694391,8719,wieś,Wiśniew-gmina wiejska,siedlecki
443,Borki-Sołdy,474.702,728.675,0694400,8722,wieś,Wiśniew-gmina wiejska,siedlecki
444,Borki-Wyrki,477.117,729.462,0696272,8724,wieś,Zbuczyn-gmina wiejska,siedlecki
445,Borkowice,385.239,617.138,0615374,8769,wieś,Borkowice-gmina wiejska,przysuski
446,Borkowo,522.946,612.782,0119793,8790,wieś,Nasielsk-gmina miejsko-wiejska,nowodworski
447,Borkowo Kościelne,552.936,548.035,0574706,8796,wieś,Sierpc-gmina wiejska,sierpecki
448,Borkowo Wielkie,554.620,549.427,0574741,8801,wieś,Sierpc-gmina wiejska,sierpecki
449,Borkowo-Boksy,580.058,618.607,0112940,8793,wieś,Czernice Borowe-gmina wiejska,przasnyski
450,Borkowo-Falenta,581.282,617.899,0112957,8794,wieś,Czernice Borowe-gmina wiejska,przasnyski
451,Borków,471.909,669.704,0674595,8817,wieś,Kołbiel-gmina wiejska,otwocki
452,Boroszków,478.679,713.849,0687468,8849,wieś,Skórzec-gmina wiejska,siedlecki
453,Borowa Góra,514.819,637.754,0008148,8877,wieś,Serock-gmina miejsko-wiejska,legionowski
454,Borowa Wola,407.427,611.522,0626515,8891,wieś,Klwów-gmina wiejska,przysuski
455,Borowce,573.426,682.113,0522000,8901,wieś,Troszyn-gmina wiejska,ostrołęcki
456,Borowe,583.274,586.067,0118291,8912,wieś,Lipowiec Kościelny-gmina wiejska,mławski
457,Borowe,538.008,703.332,0514199,8913,wieś,Małkinia Górna-gmina miejsko-wiejska,ostrowski
458,Borowe,422.113,623.447,0629181,8919,wieś,Mogielnica-gmina miejsko-wiejska,grójecki
459,Borowe,445.966,648.617,0640082,8918,wieś,Warka-gmina miejsko-wiejska,grójecki
460,Borowe-Chrzczany,586.090,618.991,0512148,8926,wieś,Krzynowłoga Mała-gmina wiejska,przasnyski
461,Borowice,514.147,560.401,0560220,8950,wieś,Bodzanów-gmina miejsko-wiejska,płocki
462,Borowiczki-Pieńki,515.769,553.675,0575670,8954,wieś,Słupno-gmina wiejska,płocki
463,Borowie,457.234,690.076,0668590,8956,wieś,Borowie-gmina wiejska,garwoliński
464,Borowie-Kolonia,458.119,688.463,0668608,8957,kolonia,Borowie-gmina wiejska,garwoliński
465,Borowiec,458.557,618.621,0009076,8976,wieś,Tarczyn-gmina miejsko-wiejska,piaseczyński
466,Borowiec,381.071,694.534,0616184,172499,wieś,Chotcza-gmina wiejska,lipski
467,Borowiec,380.609,675.009,0617150,8979,wieś,Ciepielów-gmina miejsko-wiejska,lipski
468,Borowiec Pierwszy,402.425,635.322,0634408,9006,wieś,Przytyk-gmina miejsko-wiejska,radomski
469,Borowina,467.252,645.095,0003671,9025,wieś,Konstancin-Jeziorna-gmina miejsko-wiejska,piaseczyński
470,Borowina,469.538,634.005,0004908,9024,osada leśna,Lesznowola-gmina wiejska,piaseczyński
471,Borowina,413.921,613.305,0629608,168340,kolonia,Nowe Miasto nad Pilicą-gmina miejsko-wiejska,grójecki
472,Borowina,440.471,671.926,0694050,9031,osada leśna,Wilga-gmina wiejska,garwoliński
473,Borowo,535.750,565.743,0563045,9122,wieś,Drobin-gmina miejsko-wiejska,płocki
474,Borowo,560.543,548.673,0574095,9121,wieś,Rościszewo-gmina wiejska,sierpecki
475,Borowo,370.584,677.360,0627928,9125,wieś,Lipsko-gmina miejsko-wiejska,lipski
476,Borsuki,497.425,779.446,0018804,9277,wieś,Sarnaki-gmina wiejska,łosicki
477,Borsuki-Gajówka,533.059,645.425,0523979,9269,osada leśna,Zatory-gmina wiejska,pułtuski
478,Borsuki-Kolonia,532.920,643.979,0523703,9279,wieś,Zatory-gmina wiejska,pułtuski
479,Borucza,503.818,673.164,0691843,9325,wieś,Strachówka-gmina wiejska,wołomiński
480,Boruty,554.550,659.039,0519653,9349,wieś,Rzewnie-gmina wiejska,makowski
481,Boruty,576.040,651.271,0520797,9350,wieś,Sypniewo-gmina wiejska,makowski
482,Boruty,439.175,626.342,0614021,9351,wieś,Belsk Duży-gmina wiejska,grójecki
483,Borychów,505.790,731.094,0684820,9400,wieś,Repki-gmina wiejska,sokołowski
484,Boryszew,482.872,658.046,0009886,9443,wieś,Wiązowna-gmina wiejska,otwocki
485,Borza-Strumiany,544.633,627.110,0115878,9452,wieś,Gzy-gmina wiejska,pułtuski
486,Borzeń,510.176,576.735,0570625,9462,wieś,Mała Wieś-gmina wiejska,płocki
487,Borzychy,515.000,697.442,0677814,9488,wieś,Liw-gmina wiejska,węgrowski
488,Borzymy,518.807,679.173,0673153,9507,wieś,Jadów-gmina miejsko-wiejska,wołomiński
489,Borzymówka,473.795,582.099,0733582,9503,wieś,Nowa Sucha-gmina wiejska,sochaczewski
490,Borzęcin,488.976,618.632,0008711,175605,osada,Stare Babice-gmina wiejska,warszawski zachodni
491,Borzęcin,433.181,612.582,0614771,9473,wieś,Błędów-gmina wiejska,grójecki
492,Borzęcin Duży,488.785,618.320,0008668,9478,wieś,Stare Babice-gmina wiejska,warszawski zachodni
493,Borzęcin Mały,488.026,616.237,0008728,9480,wieś,Stare Babice-gmina wiejska,warszawski zachodni
494,Borów,378.379,666.652,0625680,9174,wieś,Kazanów-gmina miejsko-wiejska,zwoleński
495,Borówek,465.914,683.087,0677524,9191,wieś,Latowicz-gmina miejsko-wiejska,miński
496,Borówek,473.424,674.974,0686960,9190,wieś,Siennica-gmina miejsko-wiejska,miński
497,Boska Wola,429.635,648.909,0638642,9539,wieś,Stromiec-gmina wiejska,białobrzeski
498,Bończa,502.758,560.058,0575404,8145,wieś,Słubice-gmina wiejska,płocki
499,Bończa,431.204,642.196,0640076,8146,wieś,Warka-gmina miejsko-wiejska,grójecki
500,Bońki,527.208,592.373,0121940,8149,wieś,Płońsk-gmina wiejska,płoński
501,Bońkowo Kościelne,567.120,581.545,0124191,8151,wieś,Radzanów-gmina wiejska,mławski
502,Bońkowo Podleśne,566.985,579.909,0124216,8152,wieś,Radzanów-gmina wiejska,mławski
503,Boża Wola,506.894,619.453,0002967,9580,wieś,Jabłonna-gmina wiejska,legionowski
504,Boża Wola,415.003,654.326,0624628,9584,wieś,Jedlińsk-gmina wiejska,radomski
505,Boża Wola,475.727,683.332,0686977,9583,wieś,Siennica-gmina miejsko-wiejska,miński
506,Boża Wola,481.130,604.185,0722851,9582,wieś,Baranów-gmina wiejska,grodziski
507,Boże,427.550,647.357,0638665,9604,wieś,Stromiec-gmina wiejska,białobrzeski
508,Bożenczyzna,389.159,682.009,0643494,9616,wieś,Zwoleń-gmina miejsko-wiejska,zwoleński
509,Bożewo,536.300,578.544,0111521,9628,wieś,Baboszewo-gmina wiejska,płoński
510,Bożewo,539.088,537.512,0571197,9627,wieś,Mochowo-gmina wiejska,sierpecki
511,Bożewo Nowe,539.018,537.484,0571470,9631,wieś,Mochowo-gmina wiejska,sierpecki
512,Boży Dar,367.990,680.121,0627940,9655,wieś,Lipsko-gmina miejsko-wiejska,lipski
513,Bożówka,431.029,665.040,0628632,9651,wieś,Magnuszew-gmina miejsko-wiejska,kozienicki
514,Braki,480.757,576.269,0733599,9816,wieś,Nowa Sucha-gmina wiejska,sochaczewski
515,Bramki,482.161,604.604,0000098,9837,wieś,Błonie-gmina miejsko-wiejska,warszawski zachodni
516,Branica,415.722,631.935,0634704,9862,wieś,Radzanów-gmina wiejska,białobrzeski
517,Branków,428.314,640.102,0640099,9889,wieś,Warka-gmina miejsko-wiejska,grójecki
518,Brańszczyk,532.194,674.929,0506509,9899,wieś,Brańszczyk-gmina wiejska,wyszkowski
519,Breginie,560.381,580.415,0126497,9963,wieś,Strzegowo-gmina wiejska,mławski
520,Brelki,540.018,561.989,0563068,9971,wieś,Drobin-gmina miejsko-wiejska,płocki
521,Brochocin,494.406,588.803,0009550,10013,wieś,Brochów-gmina wiejska,sochaczewski
522,Brochocin,524.127,551.877,0573440,10012,wieś,Radzanowo-gmina wiejska,płocki
523,Brochocinek,523.906,553.427,0573470,10015,wieś,Radzanowo-gmina wiejska,płocki
524,Brochów,495.885,585.963,0009580,10019,wieś,Brochów-gmina wiejska,sochaczewski
525,Brochów-Kolonia,494.508,588.045,0009596,10020,wieś,Brochów-gmina wiejska,sochaczewski
526,Brodacze,505.629,723.876,0668287,10031,wieś,Bielany-gmina wiejska,sokołowski
527,Brodek,415.043,626.535,0642170,10047,wieś,Wyśmierzyce-gmina miejsko-wiejska,białobrzeski
528,Brodki,470.044,701.040,0694706,10066,wieś,Wodynie-gmina wiejska,siedlecki
529,Brodowe Łąki,602.218,648.452,0505970,10119,wieś,Baranowo-gmina wiejska,ostrołęcki
530,Brodowo,535.661,624.607,0128303,10124,wieś,Świercze-gmina wiejska,pułtuski
531,Brodowo-Bąboły,535.512,626.538,0129165,10127,wieś,Winnica-gmina wiejska,pułtuski
532,Brodowo-Wity,536.565,626.663,0129171,10130,wieś,Winnica-gmina wiejska,pułtuski
533,Brody,527.439,593.442,0121962,10146,wieś,Płońsk-gmina wiejska,płoński
534,Brody,413.127,656.392,0624150,10152,wieś,Jastrzębia-gmina wiejska,radomski
535,Brody Duże,507.751,573.205,0570631,10166,wieś,Mała Wieś-gmina wiejska,płocki
536,Brody Małe,509.572,573.128,0571091,10172,wieś,Mała Wieś-gmina wiejska,płocki
537,Brody Młockie,549.563,597.016,0114531,10175,wieś,Glinojeck-gmina miejsko-wiejska,ciechanowski
538,Brodzięcin,544.566,607.627,0121070,10184,wieś,Ojrzeń-gmina wiejska,ciechanowski
539,Brogowa,396.158,614.433,0635187,10208,wieś,Rusinów-gmina wiejska,przysuski
540,Brok,540.798,693.022,0966151,168371,miasto,Brok-gmina miejsko-wiejska,ostrowski
541,Bromierz,532.906,567.397,0576444,10224,wieś,Staroźreby-gmina miejsko-wiejska,płocki
542,Bromierzyk,494.610,594.381,0003139,10226,wieś,Kampinos-gmina wiejska,warszawski zachodni
543,Bromierzyk,533.324,569.973,0576450,10225,wieś,Staroźreby-gmina miejsko-wiejska,płocki
544,Broncin,433.733,655.227,0621498,10236,wieś,Grabów nad Pilicą-gmina wiejska,kozienicki
545,Bronisze,484.394,625.640,0005753,10331,wieś,Ożarów Mazowiecki-gmina miejsko-wiejska,warszawski zachodni
546,Broniszew,431.444,631.483,0632711,10332,wieś,Promna-gmina wiejska,białobrzeski
547,Bronisławie,547.489,604.151,0121086,10296,wieś,Ojrzeń-gmina wiejska,ciechanowski
548,Bronisławka,511.190,616.763,0006741,10298,wieś,Pomiechówek-gmina wiejska,nowodworski
549,Bronisławka,450.296,613.538,0732393,10324,wieś,Mszczonów-gmina miejsko-wiejska,żyrardowski
550,Bronisławy,482.437,578.445,0736540,168409,wieś,Rybno-gmina wiejska,sochaczewski
551,Bronisławy,488.472,581.514,0738125,10327,wieś,Sochaczew-gmina wiejska,sochaczewski
552,Bronisławów,457.748,642.446,0007002,10308,wieś,Prażmów-gmina wiejska,piaseczyński
553,Bronisławów,442.911,613.567,0614788,10309,wieś,Błędów-gmina wiejska,grójecki
554,Bronisławów,443.202,643.101,0623592,10310,wieś,Jasieniec-gmina wiejska,grójecki
555,Bronisławów,430.489,636.693,0632680,10312,wieś,Promna-gmina wiejska,białobrzeski
556,Bronisławów,365.284,678.749,0636258,10316,wieś,Sienno-gmina miejsko-wiejska,lipski
557,Bronisławów,479.785,604.897,0722874,10306,wieś,Baranów-gmina wiejska,grodziski
558,Bronisławów,455.006,607.610,0732401,10307,wieś,Mszczonów-gmina miejsko-wiejska,żyrardowski
559,Broniów,380.317,625.207,0615747,10280,wieś,Chlewiska-gmina wiejska,szydłowiecki
560,Bronoszewice,539.269,548.276,0565050,10358,wieś,Gozdowo-gmina wiejska,sierpecki
561,Bronowo Kmiece,528.085,548.107,0576065,10378,wieś,Stara Biała-gmina wiejska,płocki
562,Bronowo-Zalesie,528.102,550.158,0576071,10377,wieś,Stara Biała-gmina wiejska,płocki
563,Broszków,485.130,712.239,0676594,10408,wieś,Kotuń-gmina wiejska,siedlecki
564,Brudki Nowe,555.638,680.820,0522572,10518,wieś,Wąsewo-gmina wiejska,ostrowski
565,Brudki Stare,556.807,679.237,0522678,10519,wieś,Wąsewo-gmina wiejska,ostrowski
566,Brudnice,579.018,558.387,0130145,10523,wieś,Żuromin-gmina miejsko-wiejska,żuromiński
567,Brudnów,394.139,626.515,0640604,10529,wieś,Wieniawa-gmina wiejska,przysuski
568,Brudzeń Duży,533.731,534.123,0560785,10540,wieś,Brudzeń Duży-gmina wiejska,płocki
569,Brudzeń Mały,531.723,533.110,0560791,10541,wieś,Brudzeń Duży-gmina wiejska,płocki
570,Brudzyno,534.513,575.965,0576473,10568,wieś,Staroźreby-gmina miejsko-wiejska,płocki
571,Brulino-Lipskie,550.383,722.103,0407612,10589,wieś,Szulborze Wielkie-gmina wiejska,ostrowski
572,Bruliny,532.777,616.484,0128332,10593,wieś,Świercze-gmina wiejska,pułtuski
573,Brwilno,521.096,540.144,0572038,10653,wieś,Nowy Duninów-gmina wiejska,płocki
574,Brwilno,523.085,540.087,0576088,10654,wieś,Stara Biała-gmina wiejska,płocki
575,Brwilno Dolne,521.039,538.257,0572044,10657,wieś,Nowy Duninów-gmina wiejska,płocki
576,Brwinów,476.506,617.456,0920284,10658,miasto,Brwinów-gmina miejsko-wiejska,pruszkowski
577,Bryski,563.194,545.891,0574110,10730,wieś,Rościszewo-gmina wiejska,sierpecki
578,Bryzgów,380.512,615.636,0615380,10742,wieś,Borkowice-gmina wiejska,przysuski
579,Brzechowo,536.934,562.637,0563074,10763,wieś,Drobin-gmina miejsko-wiejska,płocki
580,Brzegi,448.244,692.353,0680868,10801,wieś,Miastków Kościelny-gmina wiejska,garwoliński
581,Brzeska Wola,418.416,639.655,0614475,10848,wieś,Białobrzegi-gmina miejsko-wiejska,białobrzeski
582,Brzeski,411.912,610.224,0626521,10849,wieś,Klwów-gmina wiejska,przysuski
583,Brzeski-Kołaki,598.250,628.448,0507288,10852,wieś,Chorzele-gmina miejsko-wiejska,przasnyski
584,Brzezia,494.830,563.237,0574400,10903,wieś,Sanniki-gmina miejsko-wiejska,gostyniński
585,Brzezienko,561.223,676.567,0990994,10982,wieś,Wąsewo-gmina wiejska,ostrowski
586,Brzezinka,466.824,657.027,0003406,11095,wieś,Karczew-gmina miejsko-wiejska,otwocki
587,Brzezinki,392.497,602.254,0618757,11144,wieś,Gielniów-gmina miejsko-wiejska,przysuski
588,Brzezinki,404.468,663.037,0630570,11140,wieś,Pionki-gmina wiejska,radomski
589,Brzezinki,438.053,643.754,0640107,11137,wieś,Warka-gmina miejsko-wiejska,grójecki
590,Brzezinki Nowe,384.649,673.757,0639825,11159,wieś,Tczów-gmina wiejska,zwoleński
591,Brzezinki Stare,386.470,673.107,0639914,11160,wieś,Tczów-gmina wiejska,zwoleński
592,Brzezinna Góra,521.344,529.301,0572050,11166,wieś,Nowy Duninów-gmina wiejska,płocki
593,Brzeziny,484.465,662.613,0002631,11207,wieś,Halinów-gmina miejsko-wiejska,miński
594,Brzeziny,495.956,565.570,0574416,11200,wieś,Sanniki-gmina miejsko-wiejska,gostyniński
595,Brzeziny,403.529,665.645,0630586,11238,wieś,Pionki-gmina wiejska,radomski
596,Brzezinów,514.450,668.691,0521443,11167,wieś,Tłuszcz-gmina miejsko-wiejska,wołomiński
597,Brześce,465.030,649.658,0001531,10873,wieś,Góra Kalwaria-gmina miejsko-wiejska,piaseczyński
598,Brzeście,534.846,583.564,0111538,10883,wieś,Baboszewo-gmina wiejska,płoński
599,Brzeście Nowe,536.124,582.980,0111780,88674,wieś,Baboszewo-gmina wiejska,płoński
600,Brzeźce,424.699,638.398,0614506,11382,wieś,Białobrzegi-gmina miejsko-wiejska,białobrzeski
601,Brzeźnica,413.115,682.578,0627331,11431,wieś,Kozienice-gmina miejsko-wiejska,kozienicki
602,Brzeźniczka,407.052,673.199,0630770,194697,osada leśna,Pionki-gmina wiejska,radomski
603,Brzeźnik,499.558,686.930,0693428,11471,wieś,Wierzbno-gmina wiejska,węgrowski
604,Brzeźno,562.948,674.881,0509956,11516,wieś,Goworowo-gmina wiejska,ostrołęcki
605,Brzeźno-Kolonia,564.021,677.814,0509979,11522,wieś,Goworowo-gmina wiejska,ostrołęcki
606,Brzeźno-Wieś,565.195,676.776,0509962,193274,wieś,Goworowo-gmina wiejska,ostrołęcki
607,Brzostowiec,422.121,614.357,0629198,11588,wieś,Mogielnica-gmina miejsko-wiejska,grójecki
608,Brzozowa,601.875,674.968,0511002,11638,wieś,Kadzidło-gmina wiejska,ostrołęcki
609,Brzozowica,500.546,681.885,0670232,11690,wieś,Dobre-gmina miejsko-wiejska,miński
610,Brzozowiec,494.782,569.535,0566061,11705,wieś,Iłów-gmina wiejska,sochaczewski
611,Brzozowo Małe,566.673,625.080,0117558,11742,wieś,Krasne-gmina wiejska,przasnyski
612,Brzozowo Wielkie,566.403,623.982,0117156,11744,wieś,Krasne-gmina wiejska,przasnyski
613,Brzozowo-Czary,595.434,608.891,0114117,11731,wieś,Dzierzgowo-gmina wiejska,mławski
614,Brzozowo-Dąbrówka,592.726,610.043,0114123,11733,wieś,Dzierzgowo-gmina wiejska,mławski
615,Brzozowo-Maje,597.082,610.147,0114146,11736,wieś,Dzierzgowo-gmina wiejska,mławski
616,Brzozowo-Łęg,592.917,611.762,0114130,11735,wieś,Dzierzgowo-gmina wiejska,mławski
617,Brzozowy Kąt,613.520,648.965,0507963,11752,wieś,Czarnia-gmina wiejska,ostrołęcki
618,Brzozowy Kąt,610.788,645.985,1056675,199581,osada leśna,Czarnia-gmina wiejska,ostrołęcki
619,Brzozów,509.654,715.239,0688634,11769,wieś,Sokołów Podlaski-gmina wiejska,sokołowski
620,Brzozów,494.226,726.540,0692162,11770,wieś,Suchożebry-gmina wiejska,siedlecki
621,Brzozów A,494.718,571.801,0566078,11778,wieś,Iłów-gmina wiejska,sochaczewski
622,Brzozów Nowy,493.248,569.567,0566380,11777,wieś,Iłów-gmina wiejska,sochaczewski
623,Brzozów Stary,493.106,570.790,0566575,11779,wieś,Iłów-gmina wiejska,sochaczewski
624,Brzozów-Kolonia,509.434,716.277,0688640,11774,kolonia,Sokołów Podlaski-gmina wiejska,sokołowski
625,Brzozówek,491.203,569.888,0566084,11782,wieś,Iłów-gmina wiejska,sochaczewski
626,Brzozówka,499.501,613.131,0001146,11799,wieś,Czosnów-gmina wiejska,nowodworski
627,Brzozówka,596.590,666.571,0511031,11802,wieś,Kadzidło-gmina wiejska,ostrołęcki
628,Brzozówka,429.925,652.880,0621529,11805,wieś,Grabów nad Pilicą-gmina wiejska,kozienicki
629,Brzozówka,484.850,682.788,0673495,11801,wieś,Jakubów-gmina wiejska,miński
630,Brzumin,455.404,655.254,0001554,11915,wieś,Góra Kalwaria-gmina miejsko-wiejska,piaseczyński
631,Brzuskowola,455.846,694.186,0668614,11919,wieś,Borowie-gmina wiejska,garwoliński
632,Brzustów,403.928,678.357,0618579,11926,wieś,Garbatka-Letnisko-gmina wiejska,kozienicki
633,Brzuza,530.307,683.058,0678720,11938,wieś,Łochów-gmina miejsko-wiejska,węgrowski
634,Brzóza,417.481,662.473,0619188,11852,wieś,Głowaczów-gmina miejsko-wiejska,kozienicki
635,Brzóze,487.202,673.411,0681520,11858,wieś,Mińsk Mazowiecki-gmina wiejska,miński
636,Brzóze Duże,553.200,665.901,0519676,11859,wieś,Rzewnie-gmina wiejska,makowski
637,Brzóze Małe,552.331,665.910,0519682,11860,wieś,Rzewnie-gmina wiejska,makowski
638,Brzózka,528.645,698.061,0690890,11865,wieś,Stoczek-gmina wiejska,węgrowski
639,Bród,406.197,641.894,0624717,10472,wieś,Jedlińsk-gmina wiejska,radomski
640,Buczyn,568.734,687.006,0508187,12179,wieś,Czerwin-gmina wiejska,ostrołęcki
641,Buczyn Dworski,522.747,717.218,0675904,12181,wieś,Kosów Lacki-gmina miejsko-wiejska,sokołowski
642,Buczyn Szlachecki,522.065,717.736,0675910,12182,wieś,Kosów Lacki-gmina miejsko-wiejska,sokołowski
643,Buczynów,455.860,649.470,0001577,12265,wieś,Góra Kalwaria-gmina miejsko-wiejska,piaseczyński
644,Buda,493.357,618.778,0008734,12276,wieś,Stare Babice-gmina wiejska,warszawski zachodni
645,Budel,443.576,674.938,0678280,12293,wieś,Łaskarzew-gmina wiejska,garwoliński
646,Budki,599.505,629.976,0507294,12312,wieś,Chorzele-gmina miejsko-wiejska,przasnyski
647,Budki,372.099,624.533,0615753,12325,wieś,Chlewiska-gmina wiejska,szydłowiecki
648,Budki,438.127,695.493,0697024,12313,wieś,Żelechów-gmina miejsko-wiejska,garwoliński
649,Budki Drugie,372.052,624.616,0615760,12341,wieś,Chlewiska-gmina wiejska,szydłowiecki
650,Budki Petrykowskie,451.935,614.689,0631309,12353,wieś,Pniewy-gmina wiejska,grójecki
651,Budki Piaseckie,482.063,591.115,0738697,12354,wieś,Teresin-gmina wiejska,sochaczewski
652,Budki Pierwsze,373.544,624.996,0615776,12355,wieś,Chlewiska-gmina wiejska,szydłowiecki
653,Budki Suserskie,498.015,541.381,0577662,12360,wieś,Szczawin Kościelny-gmina wiejska,gostyniński
654,Budki Trzecie,372.055,623.763,0615782,12364,wieś,Chlewiska-gmina wiejska,szydłowiecki
655,Budki Wierzchowskie,412.927,651.534,0624663,12365,osada,Jedlińsk-gmina wiejska,radomski
656,Budki Żelazowskie,491.824,590.499,0003228,12367,wieś,Kampinos-gmina wiejska,warszawski zachodni
657,Budkowo,542.258,568.170,0563097,12372,wieś,Drobin-gmina miejsko-wiejska,płocki
658,Budne,582.930,688.678,0522017,12381,wieś,Troszyn-gmina wiejska,ostrołęcki
659,Budne-Sowięta,590.822,655.962,0505987,12382,wieś,Baranowo-gmina wiejska,ostrołęcki
660,Budy,503.263,558.492,0575440,12472,wieś,Słubice-gmina wiejska,płocki
661,Budy,388.651,604.299,0618770,12555,wieś,Gielniów-gmina miejsko-wiejska,przysuski
662,Budy,368.889,650.671,0623178,12678,osada,Iłża-gmina miejsko-wiejska,radomski
663,Budy,379.804,670.023,0626260,196499,wieś,Kazanów-gmina miejsko-wiejska,zwoleński
664,Budy,471.598,709.661,0694712,12483,wieś,Wodynie-gmina wiejska,siedlecki
665,Budy Augustowskie,425.412,651.340,0621587,12604,wieś,Grabów nad Pilicą-gmina wiejska,kozienicki
666,Budy Barcząckie,480.422,679.856,0681572,12605,wieś,Mińsk Mazowiecki-gmina wiejska,miński
667,Budy Bolewskie,567.162,597.652,0127261,12609,wieś,Stupsk-gmina wiejska,mławski
668,Budy Borowickie,512.222,559.840,0560271,12610,wieś,Bodzanów-gmina miejsko-wiejska,płocki
669,Budy Brankowskie,425.312,640.352,0614529,12612,wieś,Białobrzegi-gmina miejsko-wiejska,białobrzeski
670,Budy Budzkie,563.384,583.332,0126907,12615,osada,Strzegowo-gmina wiejska,mławski
671,Budy Ciepielińskie,524.791,636.722,0122619,12618,wieś,Pokrzywnica-gmina wiejska,pułtuski
672,Budy Garlińskie,585.685,603.691,0127982,12628,wieś,Szydłowo-gmina wiejska,mławski
673,Budy Giżyńskie,555.407,591.692,0126505,12630,wieś,Strzegowo-gmina wiejska,mławski
674,Budy Gutarzewskie,540.091,597.635,0125724,12634,wieś,Sochocin-gmina miejsko-wiejska,płoński
675,Budy Iłowskie,496.381,575.815,0566121,12635,wieś,Iłów-gmina wiejska,sochaczewski
676,Budy Janowskie,482.103,681.278,0681589,12636,wieś,Mińsk Mazowiecki-gmina wiejska,miński
677,Budy Józefowskie,465.548,607.670,0735240,12638,wieś,Radziejowice-gmina wiejska,żyrardowski
678,Budy Kaleńskie,502.648,539.883,0577679,12639,wieś,Szczawin Kościelny-gmina wiejska,gostyniński
679,Budy Kowalewkowskie,569.731,587.995,0126824,12645,kolonia,Strzegowo-gmina wiejska,mławski
680,Budy Kozickie,508.162,528.315,0564234,12647,wieś,Gostynin-gmina wiejska,gostyniński
681,Budy Koziebrodzkie,553.368,566.406,0125204,12648,wieś,Siemiątkowo-gmina wiejska,żuromiński
682,Budy Kraszewskie,550.276,572.656,0123346,12650,wieś,Raciąż-gmina wiejska,płoński
683,Budy Krępskie,435.058,676.430,0678297,12651,wieś,Łaskarzew-gmina wiejska,garwoliński
684,Budy Kumińskie,488.601,686.759,0673503,12652,wieś,Jakubów-gmina wiejska,miński
685,Budy Kupientyńskie,513.793,719.060,0688663,12653,wieś,Sokołów Podlaski-gmina wiejska,sokołowski
686,Budy Lucieńskie,515.136,529.057,0564240,12658,wieś,Gostynin-gmina wiejska,gostyniński
687,Budy Mdzewskie,566.275,588.115,0126511,12666,kolonia,Strzegowo-gmina wiejska,mławski
688,Budy Michałowskie,428.794,642.252,0640113,12668,wieś,Warka-gmina miejsko-wiejska,grójecki
689,Budy Michałowskie,466.827,605.818,0728434,12667,wieś,Jaktorów-gmina wiejska,grodziski
690,Budy Milewskie,553.367,564.801,0579402,12669,wieś,Zawidz-gmina wiejska,sierpecki
691,Budy Miłobędzkie,552.422,540.595,0574965,12670,kolonia,Sierpc-gmina wiejska,sierpecki
692,Budy Mszczonowskie,460.229,604.006,0735256,12671,wieś,Radziejowice-gmina wiejska,żyrardowski
693,Budy Niemianowskie,394.663,665.297,0621386,12673,wieś,Gózd-gmina wiejska,radomski
694,Budy Obrębskie,527.650,637.551,0122625,12675,wieś,Pokrzywnica-gmina wiejska,pułtuski
695,Budy Opożdżewskie,437.380,643.545,0640120,12676,wieś,Warka-gmina miejsko-wiejska,grójecki
696,Budy Piaseczne,554.106,563.512,0579419,12679,wieś,Zawidz-gmina wiejska,sierpecki
697,Budy Pobyłkowskie,523.125,635.176,0122631,12682,wieś,Pokrzywnica-gmina wiejska,pułtuski
698,Budy Podłęskie,432.194,670.661,0680331,12684,wieś,Maciejowice-gmina miejsko-wiejska,garwoliński
699,Budy Polskie,557.355,591.234,0126528,12685,osada,Strzegowo-gmina wiejska,mławski
700,Budy Prywatne,587.296,644.309,0511700,12688,wieś,Krasnosielc-gmina wiejska,makowski
701,Budy Przytockie,487.982,687.970,0673740,12691,wieś,Kałuszyn-gmina miejsko-wiejska,miński
702,Budy Radzymińskie,541.461,591.876,0111550,12693,wieś,Baboszewo-gmina wiejska,płoński
703,Budy Rumockie,551.111,595.521,0114548,12695,wieś,Glinojeck-gmina miejsko-wiejska,ciechanowski
704,Budy Rządowe,589.522,642.165,0510474,12696,wieś,Jednorożec-gmina wiejska,przasnyski
705,Budy Siennickie,522.186,620.498,0119818,12697,wieś,Nasielsk-gmina miejsko-wiejska,nowodworski
706,Budy Strzegowskie,560.022,588.726,0126480,12702,osada,Strzegowo-gmina wiejska,mławski
707,Budy Sułkowskie,566.092,593.647,0126534,12704,wieś,Strzegowo-gmina wiejska,mławski
708,Budy Uśniackie,451.800,668.783,0670887,12712,wieś,Garwolin-gmina wiejska,garwoliński
709,Budy Wielgoleskie,466.932,685.030,0677530,12714,wieś,Latowicz-gmina miejsko-wiejska,miński
710,Budy Wolińskie,556.478,593.711,0126540,12718,wieś,Strzegowo-gmina wiejska,mławski
711,Budy Wolskie,452.630,593.654,0734699,12719,wieś,Puszcza Mariańska-gmina wiejska,żyrardowski
712,Budy Zaklasztorne,459.607,590.238,0734713,12724,wieś,Puszcza Mariańska-gmina wiejska,żyrardowski
713,Budy Zosine,470.667,602.567,0728440,12726,wieś,Jaktorów-gmina wiejska,grodziski
714,Budy Łękawickie,475.901,682.231,0686983,12663,wieś,Siennica-gmina miejsko-wiejska,miński
715,Budy-Grudzie,558.001,698.330,0516264,12591,wieś,Ostrów Mazowiecka-gmina wiejska,ostrowski
716,Budy-Grzybek,468.389,606.229,0728405,12592,wieś,Jaktorów-gmina wiejska,grodziski
717,Budy-Kałki,457.215,588.116,0734676,12593,wieś,Puszcza Mariańska-gmina wiejska,żyrardowski
718,Budy-Kałki,457.215,588.116,0734682,12593,wieś,Puszcza Mariańska-gmina wiejska,żyrardowski
719,Budy-Matusy,564.382,579.836,0124222,12665,wieś,Radzanów-gmina wiejska,mławski
720,Budy-Przetycz,547.693,670.819,0509229,12597,wieś,Długosiodło-gmina wiejska,wyszkowski
721,Budy-Strzyże,452.658,606.973,0732418,12598,wieś,Mszczonów-gmina miejsko-wiejska,żyrardowski
722,Budy-Zasłona,451.141,602.928,0732424,12600,wieś,Mszczonów-gmina miejsko-wiejska,żyrardowski
723,Budy-Zbroszki,535.853,632.450,0129188,12602,wieś,Winnica-gmina wiejska,pułtuski
724,Budy-Zofijki,564.219,581.769,0126913,12603,osada,Strzegowo-gmina wiejska,mławski
725,Budykierz,538.015,677.783,0506538,12733,wieś,Brańszczyk-gmina wiejska,wyszkowski
726,Budykierz,537.966,678.749,0506780,12734,osada leśna,Brańszczyk-gmina wiejska,wyszkowski
727,Budziska,490.662,659.523,0002654,12793,wieś,Halinów-gmina miejsko-wiejska,miński
728,Budziska,590.690,639.955,0510787,12795,osada,Jednorożec-gmina wiejska,przasnyski
729,Budziska,461.224,690.734,0677547,12796,wieś,Latowicz-gmina miejsko-wiejska,miński
730,Budziska,522.636,680.885,0678742,12798,wieś,Łochów-gmina miejsko-wiejska,węgrowski
731,Budziska,436.305,695.462,0692357,12803,wieś,Trojanów-gmina wiejska,garwoliński
732,Budziszewo,551.954,711.260,0411507,12845,wieś,Zaręby Kościelne-gmina wiejska,ostrowski
733,Budziszki,568.117,695.252,0520490,12851,wieś,Stary Lubotyń-gmina wiejska,ostrowski
734,Budziszyn,447.575,641.532,0616474,12857,wieś,Chynów-gmina wiejska,grójecki
735,Budziszynek,446.021,641.787,0616480,12858,wieś,Chynów-gmina wiejska,grójecki
736,Budzyno,560.832,640.561,0508572,12882,wieś,Czerwonka-gmina wiejska,makowski
737,Budzyno-Bolki,559.842,641.218,0508589,12880,wieś,Czerwonka-gmina wiejska,makowski
738,Budzyno-Lipniki,562.359,643.932,0508595,12881,wieś,Czerwonka-gmina wiejska,makowski
739,Bugzy Płoskie,600.926,618.034,0507302,13042,wieś,Chorzele-gmina miejsko-wiejska,przasnyski
740,Bugzy-Jarki,601.286,618.311,0507319,13040,kolonia,Chorzele-gmina miejsko-wiejska,przasnyski
741,Bugzy-Święchy,600.955,616.637,0507325,13041,kolonia,Chorzele-gmina miejsko-wiejska,przasnyski
742,Bujak,377.816,657.285,0636838,13050,wieś,Skaryszew-gmina miejsko-wiejska,radomski
743,Bujały-Gniewosze,515.774,727.994,0672455,13061,wieś,Jabłonna Lacka-gmina wiejska,sokołowski
744,Bujały-Mikosze,515.709,729.315,0672461,13062,wieś,Jabłonna Lacka-gmina wiejska,sokołowski
745,Bukowiec,503.758,631.543,0003027,13276,osada leśna,Jabłonna-gmina wiejska,legionowski
746,Bukowiec,381.332,649.738,0626981,13281,wieś,Kowala-gmina wiejska,radomski
747,Bukówno,410.146,627.671,0634710,13554,wieś,Radzanów-gmina wiejska,białobrzeski
748,Bulkowo,520.068,576.482,0561342,13591,wieś,Bulkowo-gmina wiejska,płocki
749,Bulkowo-Kolonia,520.329,575.543,0561359,13592,wieś,Bulkowo-gmina wiejska,płocki
750,Burakowskie,524.498,682.140,0678771,13649,wieś,Łochów-gmina miejsko-wiejska,węgrowski
751,Burkaty,551.053,615.314,0126066,13702,wieś,Sońsk-gmina wiejska,ciechanowski
752,Burlaki,528.938,645.006,0523710,13710,wieś,Zatory-gmina wiejska,pułtuski
753,Buszyce,474.579,598.142,0722880,13839,wieś,Baranów-gmina wiejska,grodziski
754,Bużka,506.298,765.385,0018810,13882,wieś,Sarnaki-gmina wiejska,łosicki
755,Bużyska,508.584,747.385,0675057,13883,wieś,Korczew-gmina wiejska,siedlecki
756,Bykowizna,481.620,669.639,0669909,13993,wieś,Dębe Wielkie-gmina wiejska,miński
757,Bylice,538.173,618.239,0128361,14014,wieś,Świercze-gmina wiejska,pułtuski
758,Bylino,528.736,573.344,0576496,14024,wieś,Staroźreby-gmina miejsko-wiejska,płocki
759,Bystre-Chrzany,594.546,618.147,0512160,14087,wieś,Krzynowłoga Mała-gmina wiejska,przasnyski
760,Bystrzanów,455.662,619.012,0009082,14121,wieś,Tarczyn-gmina miejsko-wiejska,piaseczyński
761,Byszewo,552.910,633.942,0116760,14186,wieś,Karniewo-gmina wiejska,makowski
762,Byszewo-Wygoda,552.191,630.332,0116777,14187,wieś,Karniewo-gmina wiejska,makowski
763,Bzów,477.625,737.861,0696303,14286,wieś,Zbuczyn-gmina wiejska,siedlecki
764,Bączki,435.988,669.214,0680325,3387,wieś,Maciejowice-gmina miejsko-wiejska,garwoliński
765,Bączki,436.456,669.021,1054587,199530,osada leśna,Maciejowice-gmina miejsko-wiejska,garwoliński
766,Bądkowo,543.919,609.941,0126014,3401,wieś,Sońsk-gmina wiejska,ciechanowski
767,Bądkowo Jeziorne,534.735,532.979,0560733,3405,wieś,Brudzeń Duży-gmina wiejska,płocki
768,Bądkowo Kościelne,533.967,533.316,0560740,3406,wieś,Brudzeń Duży-gmina wiejska,płocki
769,Bądkowo-Podlasie,536.348,535.598,0560756,3402,wieś,Brudzeń Duży-gmina wiejska,płocki
770,Bądkowo-Rochny,535.655,535.363,0560762,3403,wieś,Brudzeń Duży-gmina wiejska,płocki
771,Bądkowo-Rumunki,535.257,530.360,0560779,3404,wieś,Brudzeń Duży-gmina wiejska,płocki
772,Bądków,433.097,626.305,0620412,3407,wieś,Goszczyn-gmina wiejska,grójecki
773,Bądzyn,580.694,556.569,0118500,3424,wieś,Lubowidz-gmina miejsko-wiejska,żuromiński
774,Bąki,591.257,598.884,0128763,3445,wieś,Wieczfnia Kościelna-gmina wiejska,mławski
775,Bąkowa,374.588,672.071,0617060,3454,wieś,Ciepielów-gmina miejsko-wiejska,lipski
776,Bąkowiec,406.844,686.814,0618527,3464,wieś,Garbatka-Letnisko-gmina wiejska,kozienicki
777,Bąków,382.783,634.827,0630250,3495,wieś,Orońsko-gmina wiejska,szydłowiecki
778,Bąków,400.330,615.257,0635164,3494,wieś,Rusinów-gmina wiejska,przysuski
779,Bąków-Kolonia,398.537,615.590,0635170,3499,wieś,Rusinów-gmina wiejska,przysuski
780,Bąkówka,466.024,633.837,0006178,3505,wieś,Piaseczno-gmina miejsko-wiejska,piaseczyński
781,Bębnowo,561.745,573.287,0124110,4083,wieś,Radzanów-gmina wiejska,mławski
782,Bębnówko,560.696,571.835,0124133,4087,wieś,Radzanów-gmina wiejska,mławski
783,Będzymin,576.370,555.596,0130139,4174,wieś,Żuromin-gmina miejsko-wiejska,żuromiński
784,Błaziny Dolne,365.564,656.609,0622552,6474,wieś,Iłża-gmina miejsko-wiejska,radomski
785,Błaziny Górne,365.801,657.418,0622575,6475,wieś,Iłża-gmina miejsko-wiejska,radomski
786,Błeszno,415.713,628.998,0634667,6524,wieś,Radzanów-gmina wiejska,białobrzeski
787,Błogoszcz,486.113,730.182,0686598,6589,wieś,Siedlce-gmina wiejska,siedlecki
788,Błogosław,435.153,610.571,0614759,6587,wieś,Błędów-gmina wiejska,grójecki
789,Błogosławie,516.114,610.812,0010346,6588,wieś,Zakroczym-gmina miejsko-wiejska,nowodworski
790,Błomino Gumowskie,532.499,581.481,0113810,6600,wieś,Dzierzążnia-gmina wiejska,płoński
791,Błomino-Gule,532.656,580.870,0113804,6598,wieś,Dzierzążnia-gmina wiejska,płoński
792,Błomino-Jeże,531.718,580.678,0113827,6599,wieś,Dzierzążnia-gmina wiejska,płoński
793,Błonie,453.269,636.170,0007060,6665,wieś,Prażmów-gmina wiejska,piaseczyński
794,Błonie,482.229,610.546,0920249,6664,miasto,Błonie-gmina miejsko-wiejska,warszawski zachodni
795,Błonie Duże,504.106,723.618,0668264,6849,wieś,Bielany-gmina wiejska,sokołowski
796,Błonie Małe,503.992,725.747,0668270,6850,wieś,Bielany-gmina wiejska,sokołowski
797,Błonie-Wieś,482.758,608.455,0000394,6847,wieś,Błonie-gmina miejsko-wiejska,warszawski zachodni
798,Błotki,519.724,694.986,0690884,6987,wieś,Stoczek-gmina wiejska,węgrowski
799,Błędnica,544.393,702.904,0514176,6534,wieś,Małkinia Górna-gmina miejsko-wiejska,ostrowski
800,Błędnica-Leśniczówka,545.221,701.543,0514182,199584,osada leśna,Małkinia Górna-gmina miejsko-wiejska,ostrowski
801,Błędostowo,525.399,631.906,0129159,6540,wieś,Winnica-gmina wiejska,pułtuski
802,Błędowo,520.102,613.896,0006698,6548,wieś,Pomiechówek-gmina wiejska,nowodworski
803,Błędowo,599.695,647.007,0505964,6549,wieś,Baranowo-gmina wiejska,ostrołęcki
804,Błędów,435.922,617.019,0614736,6556,wieś,Błędów-gmina wiejska,grójecki
805,Błędów,380.760,643.642,0640981,6557,wieś,Wierzbica-gmina wiejska,radomski
806,Błędówko,518.022,612.336,0006706,6561,wieś,Pomiechówek-gmina wiejska,nowodworski
807,Całowanie,463.101,658.723,0003412,14317,wieś,Karczew-gmina miejsko-wiejska,otwocki
808,Całownia,558.478,537.106,0578271,14318,wieś,Szczutowo-gmina wiejska,sierpecki
809,Cecylówka Głowaczowska,423.450,654.640,0619314,14393,wieś,Głowaczów-gmina miejsko-wiejska,kozienicki
810,Cecylówka-Brzózka,411.946,663.408,0619308,14394,wieś,Głowaczów-gmina miejsko-wiejska,kozienicki
811,Cegielnia,506.334,646.518,0007597,14484,wieś,Radzymin-gmina miejsko-wiejska,wołomiński
812,Cegielnia,536.179,532.149,0560800,14473,wieś,Brudzeń Duży-gmina wiejska,płocki
813,Cegielnia,425.311,617.308,0629206,14501,wieś,Mogielnica-gmina miejsko-wiejska,grójecki
814,Cegielnia Lewicka,585.560,587.595,0118434,14576,wieś,Lipowiec Kościelny-gmina wiejska,mławski
815,Cegielnia Psucka,520.446,621.049,0119824,14580,wieś,Nasielsk-gmina miejsko-wiejska,nowodworski
816,Cegielnia Ratowska,567.891,573.271,0124245,14581,wieś,Radzanów-gmina wiejska,mławski
817,Cegielnia-Kosewo,513.000,613.317,0006758,14565,wieś,Pomiechówek-gmina wiejska,nowodworski
818,Cegłów,479.187,687.415,0668956,14616,miasto,Cegłów-gmina miejsko-wiejska,miński
819,Cegłów,478.641,603.420,0722897,14615,wieś,Baranów-gmina wiejska,grodziski
820,Cekanowo,534.559,552.615,0559575,14626,wieś,Bielsk-gmina wiejska,płocki
821,Cekanowo,517.591,556.578,0575717,14627,wieś,Słupno-gmina wiejska,płocki
822,Celejów,447.025,661.990,0693807,14651,wieś,Wilga-gmina wiejska,garwoliński
823,Celestynów,468.619,663.391,0000780,14657,wieś,Celestynów-gmina wiejska,otwocki
824,Celestynów,392.432,687.387,0643100,14658,wieś,Zwoleń-gmina miejsko-wiejska,zwoleński
825,Celinowo,524.064,651.373,0520030,14675,wieś,Somianka-gmina wiejska,wyszkowski
826,Celinów,429.210,661.231,0621618,14678,wieś,Grabów nad Pilicą-gmina wiejska,kozienicki
827,Celinów,479.436,668.156,0669921,14676,wieś,Dębe Wielkie-gmina wiejska,miński
828,Celinów,435.634,679.016,0678305,14679,wieś,Łaskarzew-gmina wiejska,garwoliński
829,Cempkowo,525.725,596.495,0121979,14725,wieś,Płońsk-gmina wiejska,płoński
830,Cendrowice,457.956,646.470,0001583,14731,wieś,Góra Kalwaria-gmina miejsko-wiejska,piaseczyński
831,Ceranów,534.317,718.356,0669387,14782,wieś,Ceranów-gmina wiejska,sokołowski
832,Cerekiew,395.295,642.956,0642253,14791,wieś,Zakrzew-gmina wiejska,radomski
833,Cesinów-Las,443.057,619.081,0614794,14853,wieś,Błędów-gmina wiejska,grójecki
834,Ceteń,408.274,608.276,0629933,14857,wieś,Odrzywół-gmina miejsko-wiejska,przysuski
835,Cetlin,543.429,554.943,0565073,14860,wieś,Gozdowo-gmina wiejska,sierpecki
836,Cezarów,488.678,665.929,0669938,14878,wieś,Dębe Wielkie-gmina wiejska,miński
837,Chabowo-Świniary,546.685,561.755,0579425,138420,wieś,Zawidz-gmina wiejska,sierpecki
838,Chajęty,512.986,653.222,0508862,14926,wieś,Dąbrówka-gmina wiejska,wołomiński
839,Chamsk,573.735,562.414,0130151,15044,wieś,Żuromin-gmina miejsko-wiejska,żuromiński
840,Charciabałda,610.543,651.662,0514868,15071,wieś,Myszyniec-gmina miejsko-wiejska,ostrołęcki
841,Charzyny,556.109,578.744,0123352,15125,wieś,Raciąż-gmina wiejska,płoński
842,Chałupki Łaziskie,387.750,631.471,0630391,15012,wieś,Orońsko-gmina wiejska,szydłowiecki
843,Chechnówka,522.765,626.677,0119847,15177,wieś,Nasielsk-gmina miejsko-wiejska,nowodworski
844,Chechły,398.380,691.168,0631806,15174,wieś,Policzna-gmina wiejska,zwoleński
845,Chełchy,574.489,656.544,0520805,15185,wieś,Sypniewo-gmina wiejska,makowski
846,Chełchy Dzierskie,558.610,633.157,0116790,15191,wieś,Karniewo-gmina wiejska,makowski
847,Chełchy Iłowe,559.104,631.332,0116808,15192,wieś,Karniewo-gmina wiejska,makowski
848,Chełchy Kmiece,557.232,634.970,0116837,15190,wieś,Karniewo-gmina wiejska,makowski
849,Chełchy-Chabdzyno,557.429,633.649,0116783,15186,wieś,Karniewo-gmina wiejska,makowski
850,Chełchy-Jakusy,557.820,631.266,0116814,15188,wieś,Karniewo-gmina wiejska,makowski
851,Chełchy-Klimki,557.463,632.255,0116820,15189,wieś,Karniewo-gmina wiejska,makowski
852,Chełst,472.646,674.117,0687008,15347,wieś,Siennica-gmina miejsko-wiejska,miński
853,Chełstowo,521.082,560.869,0573492,15349,wieś,Radzanowo-gmina wiejska,płocki
854,Chełsty,564.854,663.658,0518576,15355,wieś,Różan-gmina miejsko-wiejska,makowski
855,Chinów,419.486,670.662,0627348,15381,wieś,Kozienice-gmina miejsko-wiejska,kozienicki
856,Chlebczyn,502.625,763.867,0018827,15388,wieś,Sarnaki-gmina wiejska,łosicki
857,Chlebiotki,526.631,617.648,0119853,15394,wieś,Nasielsk-gmina miejsko-wiejska,nowodworski
858,Chlebnia,474.713,610.055,0002163,15400,wieś,Grodzisk Mazowiecki-gmina miejsko-wiejska,grodziski
859,Chlebowo,522.784,568.106,0561371,15416,wieś,Bulkowo-gmina wiejska,płocki
860,Chlewiska,376.681,623.008,0615799,15443,wieś,Chlewiska-gmina wiejska,szydłowiecki
861,Chlewiska,479.725,710.096,0676602,15441,wieś,Kotuń-gmina wiejska,siedlecki
862,Chmielew,441.256,661.003,0628661,15568,wieś,Magnuszew-gmina miejsko-wiejska,kozienicki
863,Chmielew,510.607,697.113,0675407,15566,wieś,Korytnica-gmina wiejska,węgrowski
864,Chmielew,477.947,679.063,0681595,15565,wieś,Mińsk Mazowiecki-gmina wiejska,miński
865,Chmielew,510.301,714.404,0688686,15567,wieś,Sokołów Podlaski-gmina wiejska,sokołowski
866,Chmielewko,591.239,600.818,0128786,15569,wieś,Wieczfnia Kościelna-gmina wiejska,mławski
867,Chmielewo,546.656,642.850,0123027,15576,wieś,Pułtusk-gmina miejsko-wiejska,pułtuski
868,Chmielewo,531.851,623.368,0128378,15577,wieś,Świercze-gmina wiejska,pułtuski
869,Chmielewo,551.025,707.670,0411513,15579,wieś,Zaręby Kościelne-gmina wiejska,ostrowski
870,Chmielewo,564.910,697.414,0520509,15578,wieś,Stary Lubotyń-gmina wiejska,ostrowski
871,Chmielewo,504.314,584.340,0578992,15581,wieś,Wyszogród-gmina miejsko-wiejska,płocki
872,Chmielewo Wielkie,594.774,603.820,0128792,15587,wieś,Wieczfnia Kościelna-gmina wiejska,mławski
873,Chmieleń Wielki,590.247,616.155,0512190,15562,wieś,Krzynowłoga Mała-gmina wiejska,przasnyski
874,Chmielnik,519.960,719.607,0685498,15616,wieś,Sabnie-gmina wiejska,sokołowski
875,Chmielonek,589.836,617.270,0512208,15658,wieś,Krzynowłoga Mała-gmina wiejska,przasnyski
876,Chobot,489.206,663.749,0002677,15705,wieś,Halinów-gmina miejsko-wiejska,miński
877,Chochół,479.788,673.731,0681603,15747,wieś,Mińsk Mazowiecki-gmina wiejska,miński
878,Chociszewo,506.771,594.159,0561879,15798,wieś,Czerwińsk nad Wisłą-gmina miejsko-wiejska,płoński
879,Choczeń,548.272,536.887,0571240,15815,wieś,Mochowo-gmina wiejska,sierpecki
880,Chodakówek,488.994,588.601,0738154,15835,wieś,Sochaczew-gmina wiejska,sochaczewski
881,Chodkowo,514.770,569.963,0560288,15853,wieś,Bodzanów-gmina miejsko-wiejska,płocki
882,Chodkowo Wielkie,575.522,637.151,0517312,15858,wieś,Płoniawy-Bramura-gmina wiejska,makowski
883,Chodkowo-Biernaty,577.045,636.284,0517298,15854,wieś,Płoniawy-Bramura-gmina wiejska,makowski
884,Chodkowo-Działki,515.092,570.454,0560294,15855,wieś,Bodzanów-gmina miejsko-wiejska,płocki
885,Chodkowo-Kuchny,574.058,637.100,0517306,15856,wieś,Płoniawy-Bramura-gmina wiejska,makowski
886,Chodkowo-Załogi,575.131,636.442,0517329,15857,wieś,Płoniawy-Bramura-gmina wiejska,makowski
887,Chodków,425.188,664.915,0619320,15859,wieś,Głowaczów-gmina miejsko-wiejska,kozienicki
888,Chodków,427.300,662.741,0619337,15833,osada leśna,Głowaczów-gmina miejsko-wiejska,kozienicki
889,Chodubka,575.979,570.429,0117699,15892,wieś,Kuczbork-Osada-gmina wiejska,żuromiński
890,Chodów,487.802,720.873,0686606,15884,wieś,Siedlce-gmina wiejska,siedlecki
891,Choinek,510.945,528.295,0564257,15931,wieś,Gostynin-gmina wiejska,gostyniński
892,Choiny,553.130,683.119,0522454,15957,wieś,Wąsewo-gmina wiejska,ostrowski
893,Choiny,458.470,682.390,0683648,15962,wieś,Parysów-gmina wiejska,garwoliński
894,Choiny,499.744,664.067,0684079,15960,wieś,Poświętne-gmina wiejska,wołomiński
895,Choiny,493.842,666.032,0689898,15961,wieś,Stanisławów-gmina miejsko-wiejska,miński
896,Choja,479.046,735.733,0696310,16001,wieś,Zbuczyn-gmina wiejska,siedlecki
897,Chojeczno-Cesarze,489.259,706.994,0671987,16023,wieś,Grębków-gmina wiejska,węgrowski
898,Chojeczno-Sybilaki,488.975,707.618,0671993,16024,wieś,Grębków-gmina wiejska,węgrowski
899,Chojniki,586.193,659.260,0515767,16084,wieś,Olszewo-Borki-gmina wiejska,ostrołęcki
900,Chojnowo,574.820,618.633,0112963,16107,wieś,Czernice Borowe-gmina wiejska,przasnyski
901,Chojnowo,583.139,571.041,0117707,16104,wieś,Kuczbork-Osada-gmina wiejska,żuromiński
902,Chojnowo,573.616,651.234,0520811,16108,wieś,Sypniewo-gmina wiejska,makowski
903,Chojnów,463.515,642.900,0006215,16118,wieś,Piaseczno-gmina miejsko-wiejska,piaseczyński
904,Chojnówka,574.632,616.946,0112970,16121,kolonia,Czernice Borowe-gmina wiejska,przasnyski
905,Cholewy,484.858,601.913,0000135,16171,wieś,Błonie-gmina miejsko-wiejska,warszawski zachodni
906,Cholewy,524.632,589.717,0121985,16170,wieś,Płońsk-gmina wiejska,płoński
907,Chomentów-Puszcz,382.217,652.129,0636844,113380,wieś,Skaryszew-gmina miejsko-wiejska,radomski
908,Chomentów-Socha,382.941,652.199,0636850,126093,wieś,Skaryszew-gmina miejsko-wiejska,radomski
909,Chomentów-Szczygieł,381.917,650.903,0636873,134986,wieś,Skaryszew-gmina miejsko-wiejska,radomski
910,Chomęc,556.047,570.299,0125210,16193,wieś,Siemiątkowo-gmina wiejska,żuromiński
911,Chomętowo,522.461,556.763,0573500,16205,wieś,Radzanowo-gmina wiejska,płocki
912,Chonowa,393.128,607.664,0618875,194141,osada,Gielniów-gmina miejsko-wiejska,przysuski
913,Chorchosy,545.803,673.774,0509235,16260,wieś,Długosiodło-gmina wiejska,wyszkowski
914,Choromany,577.037,686.276,0522023,16270,wieś,Troszyn-gmina wiejska,ostrołęcki
915,Choromany-Witnice,571.518,692.638,0508135,16272,wieś,Czerwin-gmina wiejska,ostrołęcki
916,Chorzele,601.122,626.500,0966270,16299,miasto,Chorzele-gmina miejsko-wiejska,przasnyski
917,Chorążek,498.488,543.915,0577716,16249,wieś,Szczawin Kościelny-gmina wiejska,gostyniński
918,Chosna,454.323,640.226,0007025,16346,wieś,Prażmów-gmina wiejska,piaseczyński
919,Choszczak,480.957,669.455,0669915,16350,kolonia,Dębe Wielkie-gmina wiejska,miński
920,Choszcze,480.262,697.884,0682643,16352,wieś,Mrozy-gmina miejsko-wiejska,miński
921,Choszczewka,585.188,608.456,0114152,16355,wieś,Dzierzgowo-gmina wiejska,mławski
922,Choszczewka,570.502,635.989,0517335,16356,wieś,Płoniawy-Bramura-gmina wiejska,makowski
923,Choszczowe,519.022,667.815,0523494,16366,wieś,Zabrodzie-gmina wiejska,wyszkowski
924,Choszczówka Dębska,485.432,670.435,0669944,16372,wieś,Dębe Wielkie-gmina wiejska,miński
925,Choszczówka Rudzka,484.649,670.192,0669950,16373,wieś,Dębe Wielkie-gmina wiejska,miński
926,Choszczówka Stojecka,484.020,671.507,0669967,16374,wieś,Dębe Wielkie-gmina wiejska,miński
927,Chotcza Dolna,377.237,694.599,0616095,16383,wieś,Chotcza-gmina wiejska,lipski
928,Chotcza Górna,378.261,693.065,0616126,16384,wieś,Chotcza-gmina wiejska,lipski
929,Chotcza-Józefów,378.688,693.484,0616155,16382,wieś,Chotcza-gmina wiejska,lipski
930,Chotomów,506.664,628.178,0002973,16398,wieś,Jabłonna-gmina wiejska,legionowski
931,Chotum,559.165,598.469,0112383,16404,wieś,Ciechanów-gmina wiejska,ciechanowski
932,Chotycze,487.980,758.721,0015504,16405,wieś,Łosice-gmina miejsko-wiejska,łosicki
933,Chotycze-Kolonia,489.054,758.284,0015510,16406,wieś,Łosice-gmina miejsko-wiejska,łosicki
934,Chotynia,439.986,685.920,0688195,16410,wieś,Sobolew-gmina wiejska,garwoliński
935,Chotyze,375.158,678.464,0617195,16416,wieś,Ciepielów-gmina miejsko-wiejska,lipski
936,Chrapoń,570.735,547.532,0119103,16453,wieś,Lutocin-gmina wiejska,żuromiński
937,Chrapoń,561.102,570.010,0125227,16454,wieś,Siemiątkowo-gmina wiejska,żuromiński
938,Chrcynno,524.561,626.101,0119876,16479,wieś,Nasielsk-gmina miejsko-wiejska,nowodworski
939,Chroboty,463.541,600.020,0735262,16492,wieś,Radziejowice-gmina wiejska,żyrardowski
940,Chromakowo,573.285,555.558,0119126,16507,wieś,Lutocin-gmina wiejska,żuromiński
941,Chromin,458.535,693.408,0668637,16513,wieś,Borowie-gmina wiejska,garwoliński
942,Chrominek,459.173,691.831,0668643,16514,kolonia,Borowie-gmina wiejska,garwoliński
943,Chromna,476.151,731.867,0696326,16517,wieś,Zbuczyn-gmina wiejska,siedlecki
944,Chronów,389.449,634.496,0630267,16525,wieś,Orońsko-gmina wiejska,szydłowiecki
945,Chronów-Kolonia,387.619,634.648,1000717,173116,wieś,Orońsko-gmina wiejska,szydłowiecki
946,Chronówek,389.655,636.394,0630296,16529,wieś,Orońsko-gmina wiejska,szydłowiecki
947,Chrosna,466.353,668.621,0674603,16538,wieś,Kołbiel-gmina wiejska,otwocki
948,Chrostowo,574.349,685.977,0522030,16549,wieś,Troszyn-gmina wiejska,ostrołęcki
949,Chrostowo Wielkie,572.340,615.165,0112986,16551,wieś,Czernice Borowe-gmina wiejska,przasnyski
950,Chrostowo-Zalesie,571.645,614.183,0113000,16550,wieś,Czernice Borowe-gmina wiejska,przasnyski
951,Chrościce,546.625,612.531,0126095,16557,wieś,Sońsk-gmina wiejska,ciechanowski
952,Chrościce,489.832,690.085,0673756,16558,wieś,Kałuszyn-gmina miejsko-wiejska,miński
953,Chrościn,521.343,581.911,0113833,16559,wieś,Dzierzążnia-gmina wiejska,płoński
954,Chrośla,483.059,668.976,0669973,16561,wieś,Dębe Wielkie-gmina wiejska,miński
955,Chruszczewka Szlachecka,523.955,709.874,0675927,16654,wieś,Kosów Lacki-gmina miejsko-wiejska,sokołowski
956,Chruszczewka Włościańska,523.675,709.467,0675940,16655,wieś,Kosów Lacki-gmina miejsko-wiejska,sokołowski
957,Chruszczewo,560.524,605.880,0112408,16656,wieś,Ciechanów-gmina wiejska,ciechanowski
958,Chruściechów,414.501,636.103,0638091,16669,wieś,Stara Błotnica-gmina wiejska,białobrzeski
959,Chruściele,555.898,618.394,0115447,16674,osada,Gołymin-Ośrodek-gmina wiejska,ciechanowski
960,Chruściele,512.249,658.956,0508885,16676,wieś,Dąbrówka-gmina wiejska,wołomiński
961,Chruślice,395.106,636.582,0641294,16691,wieś,Wolanów-gmina wiejska,radomski
962,Chruśnice,565.966,680.974,0508141,16699,wieś,Czerwin-gmina wiejska,ostrołęcki
963,Chrzanowo,557.512,612.139,0121399,16719,wieś,Opinogóra Górna-gmina wiejska,ciechanowski
964,Chrzanowo,556.325,656.330,0519707,16721,wieś,Rzewnie-gmina wiejska,makowski
965,Chrzanowo,554.483,639.170,0521087,16720,wieś,Szelków-gmina wiejska,makowski
966,Chrzanowo-Bronisze,554.716,638.255,0116843,16724,wieś,Karniewo-gmina wiejska,makowski
967,Chrzanów Duży,474.638,610.833,0002186,16739,wieś,Grodzisk Mazowiecki-gmina miejsko-wiejska,grodziski
968,Chrzanów Mały,475.463,611.903,0002192,16740,wieś,Grodzisk Mazowiecki-gmina miejsko-wiejska,grodziski
969,Chrzanówek,558.233,611.888,0121407,16744,wieś,Opinogóra Górna-gmina wiejska,ciechanowski
970,Chrzczanka Włościańska,548.718,669.202,0509270,16797,wieś,Długosiodło-gmina wiejska,wyszkowski
971,Chrzczanka-Folwark,548.637,670.171,0509241,16796,wieś,Długosiodło-gmina wiejska,wyszkowski
972,Chrzczany,484.676,591.938,0738160,16798,wieś,Sochaczew-gmina wiejska,sochaczewski
973,Chrzczonki,562.583,660.007,0518582,16799,wieś,Różan-gmina miejsko-wiejska,makowski
974,Chrzczony,554.795,656.562,0519713,16801,wieś,Rzewnie-gmina wiejska,makowski
975,Chrzczony,575.903,684.651,0522046,16802,wieś,Troszyn-gmina wiejska,ostrołęcki
976,Chrzonek,610.231,642.941,1056698,16808,osada leśna,Czarnia-gmina wiejska,ostrołęcki
977,Chrząszczówka,464.841,669.596,0674626,16791,wieś,Kołbiel-gmina wiejska,otwocki
978,Chrzęsne,511.791,668.583,0521466,16805,wieś,Tłuszcz-gmina miejsko-wiejska,wołomiński
979,Chudek,592.874,659.689,0511048,16839,wieś,Kadzidło-gmina wiejska,ostrołęcki
980,Chudolipie,453.181,611.757,0732430,16853,wieś,Mszczonów-gmina miejsko-wiejska,żyrardowski
981,Chudowola,452.671,631.134,0622121,16857,wieś,Grójec-gmina miejsko-wiejska,grójecki
982,Chudzynek,534.944,562.239,0563105,16873,wieś,Drobin-gmina miejsko-wiejska,płocki
983,Chudzyno,533.668,562.380,0563128,16874,wieś,Drobin-gmina miejsko-wiejska,płocki
984,Chustki,379.183,633.274,0639179,16883,wieś,Szydłowiec-gmina miejsko-wiejska,szydłowiecki
985,Chwałowice,370.522,661.376,0622581,16947,wieś,Iłża-gmina miejsko-wiejska,radomski
986,Chybów,501.161,766.161,0018833,17001,wieś,Sarnaki-gmina wiejska,łosicki
987,Chyczewo,541.921,573.332,0123406,17013,wieś,Raciąż-gmina wiejska,płoński
988,Chylice,470.030,641.295,0006221,17019,wieś,Piaseczno-gmina miejsko-wiejska,piaseczyński
989,Chylice,469.636,607.168,0728470,17018,wieś,Jaktorów-gmina wiejska,grodziski
990,Chylice-Kolonia,470.061,606.453,0728457,17020,wieś,Jaktorów-gmina wiejska,grodziski
991,Chylice-Pólko,470.012,640.687,0006238,17022,osada,Piaseczno-gmina miejsko-wiejska,piaseczyński
992,Chyliczki,470.701,641.359,0006244,17025,wieś,Piaseczno-gmina miejsko-wiejska,piaseczyński
993,Chyliczki,472.400,606.448,0728486,17023,wieś,Jaktorów-gmina wiejska,grodziski
994,Chylin,508.480,569.650,1000686,173113,wieś,Mała Wieś-gmina wiejska,płocki
995,Chyliny,556.300,644.898,0521101,17032,wieś,Szelków-gmina wiejska,makowski
996,Chynów,450.914,643.243,0616497,17052,wieś,Chynów-gmina wiejska,grójecki
997,Chyżyny,464.823,687.089,0677553,17086,wieś,Latowicz-gmina miejsko-wiejska,miński
998,Chądzyny-Krusze,560.053,577.442,0126557,15142,wieś,Strzegowo-gmina wiejska,mławski
999,Chądzyny-Kuski,559.636,578.493,0126563,15143,wieś,Strzegowo-gmina wiejska,mławski
1000,Chądzyń,530.852,725.151,0690298,15146,wieś,Sterdyń-gmina wiejska,sokołowski
1001,Chęciny,448.534,688.635,0671562,15371,wieś,Górzno-gmina wiejska,garwoliński
1002,Chłopia Łąka,577.821,646.235,0511717,15491,wieś,Krasnosielc-gmina wiejska,makowski
1003,Chłopków,495.866,763.888,0017354,15497,wieś,Platerów-gmina wiejska,łosicki
1004,Chłopków-Kolonia,495.367,765.373,0017360,15499,wieś,Platerów-gmina wiejska,łosicki
1005,Ciachcin,528.735,554.383,0559581,17087,wieś,Bielsk-gmina wiejska,płocki
1006,Ciachcin Nowy,528.855,553.435,0559894,17088,wieś,Bielsk-gmina wiejska,płocki
1007,Ciborów,389.277,649.630,0627271,175584,wieś,Kowala-gmina wiejska,radomski
1008,Cichawy,539.758,615.993,0126103,17169,wieś,Sońsk-gmina wiejska,ciechanowski
1009,Cichowo,588.311,615.335,0512214,17220,wieś,Krzynowłoga Mała-gmina wiejska,przasnyski
1010,Ciechanów,558.628,608.276,0930414,17260,miasto,Ciechanów-gmina miejska,ciechanowski
1011,Ciechlin,445.394,614.671,0631338,17264,wieś,Pniewy-gmina wiejska,grójecki
1012,Ciechostowice,367.996,623.626,0639185,17295,wieś,Szydłowiec-gmina miejsko-wiejska,szydłowiecki
1013,Cieciersk,546.004,573.428,0123412,17309,wieś,Raciąż-gmina wiejska,płoński
1014,Ciecierówka,369.900,666.152,0635454,17307,wieś,Rzeczniów-gmina wiejska,lipski
1015,Cieciszew,468.246,649.076,0003688,17328,wieś,Konstancin-Jeziorna-gmina miejsko-wiejska,piaseczyński
1016,Cieciórki,533.311,593.467,0121991,17325,wieś,Płońsk-gmina wiejska,płoński
1017,Cieciórki Szlacheckie,564.636,647.671,0508603,17326,wieś,Czerwonka-gmina wiejska,makowski
1018,Cieciórki Włościańskie,563.942,646.367,0508610,17327,wieś,Czerwonka-gmina wiejska,makowski
1019,Cieksyn,524.394,612.938,0119899,17346,wieś,Nasielsk-gmina miejsko-wiejska,nowodworski
1020,Cielechowizna,479.278,675.109,0681610,17363,wieś,Mińsk Mazowiecki-gmina wiejska,miński
1021,Cielemęc,480.433,734.519,0696349,17366,wieś,Zbuczyn-gmina wiejska,siedlecki
1022,Ciemne,505.075,649.436,0007605,17432,wieś,Radzymin-gmina miejsko-wiejska,wołomiński
1023,Ciemne,504.992,647.455,0007611,60414,osada leśna,Radzymin-gmina miejsko-wiejska,wołomiński
1024,Ciemniewko,551.297,617.223,0126110,17454,wieś,Sońsk-gmina wiejska,ciechanowski
1025,Ciemniewo,539.032,600.620,0125730,17455,wieś,Sochocin-gmina miejsko-wiejska,płoński
1026,Ciemniewo,549.811,618.663,0126126,17456,wieś,Sońsk-gmina wiejska,ciechanowski
1027,Ciemniewo,558.490,646.175,0508626,17457,wieś,Czerwonka-gmina wiejska,makowski
1028,Ciemno-Gnojna,457.004,607.772,0732447,17468,wieś,Mszczonów-gmina miejsko-wiejska,żyrardowski
1029,Ciepielewo,553.932,644.797,0521130,17526,wieś,Szelków-gmina wiejska,makowski
1030,Ciepielin,525.007,634.891,0122648,17527,wieś,Pokrzywnica-gmina wiejska,pułtuski
1031,Ciepielów,378.896,679.662,0617203,17531,miasto,Ciepielów-gmina miejsko-wiejska,lipski
1032,Ciepielów-Kolonia,381.308,682.108,0617226,17532,wieś,Ciepielów-gmina miejsko-wiejska,lipski
1033,Ciepła,384.659,633.707,0630304,17557,wieś,Orońsko-gmina wiejska,szydłowiecki
1034,Ciepłe,460.935,614.919,0740381,17564,wieś,Żabia Wola-gmina wiejska,grodziski
1035,Ciepłe A,461.571,614.545,0740398,17568,wieś,Żabia Wola-gmina wiejska,grodziski
1036,Cierpigórz,578.646,563.327,0130168,17627,wieś,Żuromin-gmina miejsko-wiejska,żuromiński
1037,Cierpigórz,570.347,626.020,0517737,17628,wieś,Przasnysz-gmina wiejska,przasnyski
1038,Cierpigórz,491.645,745.292,0684375,17629,wieś,Przesmyki-gmina wiejska,siedlecki
1039,Cierpięta,592.248,645.482,0506024,17624,wieś,Baranowo-gmina wiejska,ostrołęcki
1040,Cierpięta,493.838,693.949,0693434,17625,wieś,Wierzbno-gmina wiejska,węgrowski
1041,Cierszewo,525.702,536.157,0560816,17640,wieś,Brudzeń Duży-gmina wiejska,płocki
1042,Cieszewko,536.443,563.994,0563140,17669,wieś,Drobin-gmina miejsko-wiejska,płocki
1043,Cieszewo,535.936,565.361,0563157,17670,wieś,Drobin-gmina miejsko-wiejska,płocki
1044,Cieszki,579.670,553.332,0118517,17677,wieś,Lubowidz-gmina miejsko-wiejska,żuromiński
1045,Cieszkowo Nowe,537.886,583.701,0111797,17681,wieś,Baboszewo-gmina wiejska,płoński
1046,Cieszkowo Stare,537.859,585.525,0111892,17682,wieś,Baboszewo-gmina wiejska,płoński
1047,Cieszkowo-Kolonia,539.282,583.589,0111567,17680,wieś,Baboszewo-gmina wiejska,płoński
1048,Cieńsza,533.193,648.973,0523732,17520,wieś,Zatory-gmina wiejska,pułtuski
1049,Cieśle,511.414,567.527,0560302,17730,wieś,Bodzanów-gmina miejsko-wiejska,płocki
1050,Cieśle,544.723,569.342,0563163,17729,wieś,Drobin-gmina miejsko-wiejska,płocki
1051,Cieślin,539.032,535.333,0571257,17746,wieś,Mochowo-gmina wiejska,sierpecki
1052,Ciopan,493.542,669.762,0689906,17825,wieś,Stanisławów-gmina miejsko-wiejska,miński
1053,Ciosny,472.071,728.696,0694416,17843,wieś,Wiśniew-gmina wiejska,siedlecki
1054,Cisie,486.503,663.169,0002690,17895,wieś,Halinów-gmina miejsko-wiejska,miński
1055,Cisie,516.879,648.866,0508891,17892,wieś,Dąbrówka-gmina wiejska,wołomiński
1056,Cisie-Zagrudzie,480.590,713.373,0676619,17903,wieś,Kotuń-gmina wiejska,siedlecki
1057,Cisk,569.258,670.824,0509985,17909,wieś,Goworowo-gmina wiejska,ostrołęcki
1058,Ciski,528.705,652.553,0523749,17911,wieś,Zatory-gmina wiejska,pułtuski
1059,Cisowe,497.719,601.573,0004038,17949,wieś,Leoncin-gmina wiejska,nowodworski
1060,Cisse,562.003,537.891,0578288,18004,wieś,Szczutowo-gmina wiejska,sierpecki
1061,Ciszyca,473.649,649.518,0003702,18041,wieś,Konstancin-Jeziorna-gmina miejsko-wiejska,piaseczyński
1062,Cisówka,495.204,667.160,0689912,17992,wieś,Stanisławów-gmina miejsko-wiejska,miński
1063,Ciućkowo,506.684,576.313,0579000,18057,wieś,Wyszogród-gmina miejsko-wiejska,płocki
1064,Ciółkowo,527.090,559.964,0573517,17862,wieś,Radzanowo-gmina wiejska,płocki
1065,Ciółkowo Małe,544.086,651.997,0515098,17863,wieś,Obryte-gmina wiejska,pułtuski
1066,Ciółkowo Rządowe,543.667,653.186,0515129,17864,wieś,Obryte-gmina wiejska,pułtuski
1067,Ciółkówko,526.863,559.643,0573530,17865,wieś,Radzanowo-gmina wiejska,płocki
1068,Cięciwa,487.710,666.324,0669980,17773,wieś,Dębe Wielkie-gmina wiejska,miński
1069,Cięciwa,497.220,656.086,0684270,17772,przysiółek,Wołomin-gmina miejsko-wiejska,wołomiński
1070,Cięćk,616.102,664.424,0514880,17774,wieś,Myszyniec-gmina miejsko-wiejska,ostrołęcki
1071,Coniew,453.408,652.544,0001590,18113,wieś,Góra Kalwaria-gmina miejsko-wiejska,piaseczyński
1072,Cudnów,397.184,668.218,0625361,18133,wieś,Jedlnia-Letnisko-gmina miejsko-wiejska,radomski
1073,Cudów,418.830,677.160,0627704,18136,wieś,Kozienice-gmina miejsko-wiejska,kozienicki
1074,Cukrówka,379.389,624.425,0615813,18146,wieś,Chlewiska-gmina wiejska,szydłowiecki
1075,Cumino,520.644,582.787,0113840,18147,wieś,Dzierzążnia-gmina wiejska,płoński
1076,Cupel,518.662,642.302,0008154,18149,wieś,Serock-gmina miejsko-wiejska,legionowski
1077,Cupel,611.398,640.450,0507970,18150,wieś,Czarnia-gmina wiejska,ostrołęcki
1078,Cybulice,503.231,612.136,0001175,18199,wieś,Czosnów-gmina wiejska,nowodworski
1079,Cybulice Duże,502.529,610.904,0001181,18200,wieś,Czosnów-gmina wiejska,nowodworski
1080,Cybulice Małe,504.068,611.489,0001198,18201,wieś,Czosnów-gmina wiejska,nowodworski
1081,Cybulin,513.555,572.105,0560319,18203,wieś,Bodzanów-gmina miejsko-wiejska,płocki
1082,Cychrowska Wola,433.867,658.473,0621630,18216,wieś,Grabów nad Pilicą-gmina wiejska,kozienicki
1083,Cychry,448.465,613.638,0631344,18218,wieś,Pniewy-gmina wiejska,grójecki
1084,Cyganka,487.271,670.804,0669996,18244,wieś,Dębe Wielkie-gmina wiejska,miński
1085,Cyganka,471.344,592.989,0989330,18245,wieś,Wiskitki-gmina miejsko-wiejska,żyrardowski
1086,Cygany,544.178,657.405,0515141,18286,wieś,Obryte-gmina wiejska,pułtuski
1087,Cyganówka,391.685,683.237,0643330,18271,wieś,Zwoleń-gmina miejsko-wiejska,zwoleński
1088,Cyganówka,447.061,668.071,0693836,18268,wieś,Wilga-gmina wiejska,garwoliński
1089,Cygów,499.200,665.470,0684085,18326,wieś,Poświętne-gmina wiejska,wołomiński
1090,Cyk,615.290,646.308,0507992,18330,wieś,Czarnia-gmina wiejska,ostrołęcki
1091,Cyndaty,553.806,574.713,0125233,18354,wieś,Siemiątkowo-gmina wiejska,żuromiński
1092,Cypriany,487.285,577.697,0736557,18386,wieś,Rybno-gmina wiejska,sochaczewski
1093,Cywiny Wojskie,536.900,580.531,0111580,18455,wieś,Baboszewo-gmina wiejska,płoński
1094,Cywiny-Dynguny,538.536,579.275,0111573,18454,wieś,Baboszewo-gmina wiejska,płoński
1095,Czachorowo,538.994,541.237,0565080,18462,wieś,Gozdowo-gmina wiejska,sierpecki
1096,Czachowo,535.633,545.037,0565096,18469,wieś,Gozdowo-gmina wiejska,sierpecki
1097,Czachy,467.322,715.360,0670730,18483,wieś,Domanice-gmina wiejska,siedlecki
1098,Czachów,442.212,632.298,0623600,18474,wieś,Jasieniec-gmina wiejska,grójecki
1099,Czachówek,456.902,643.447,0001620,18477,wieś,Góra Kalwaria-gmina miejsko-wiejska,piaseczyński
1100,Czajki,523.103,616.712,0119920,18530,osada,Nasielsk-gmina miejsko-wiejska,nowodworski
1101,Czajków,472.819,707.270,0694729,18557,wieś,Wodynie-gmina wiejska,siedlecki
1102,Czaple,505.216,695.719,0675413,18634,wieś,Korytnica-gmina wiejska,węgrowski
1103,Czaple Górne,506.295,741.381,0675070,18641,wieś,Korczew-gmina wiejska,siedlecki
1104,Czaple-Andrelewicze,505.657,741.098,0684837,18637,wieś,Repki-gmina wiejska,sokołowski
1105,Czaple-Kolonia,506.773,739.774,0684843,18638,kolonia,Repki-gmina wiejska,sokołowski
1106,Czaplice Wielkie,594.871,623.982,0507331,18673,wieś,Chorzele-gmina miejsko-wiejska,przasnyski
1107,Czaplice-Bąki,593.033,622.246,0512220,18669,wieś,Krzynowłoga Mała-gmina wiejska,przasnyski
1108,Czaplice-Furmany,594.671,624.670,0507348,18670,kolonia,Chorzele-gmina miejsko-wiejska,przasnyski
1109,Czaplice-Kurki,592.870,621.490,0512237,18671,wieś,Krzynowłoga Mała-gmina wiejska,przasnyski
1110,Czaplice-Piłaty,595.077,624.012,0507354,194082,kolonia,Chorzele-gmina miejsko-wiejska,przasnyski
1111,Czaplin,456.129,648.150,0001650,18675,wieś,Góra Kalwaria-gmina miejsko-wiejska,piaseczyński
1112,Czaplinek,455.756,646.944,0001666,18682,wieś,Góra Kalwaria-gmina miejsko-wiejska,piaseczyński
1113,Czaplowizna-Gajówka,529.681,687.826,0679055,175614,osada leśna,Łochów-gmina miejsko-wiejska,węgrowski
1114,Czarna,502.629,651.476,0010197,18788,wieś,Wołomin-gmina miejsko-wiejska,wołomiński
1115,Czarna,519.083,609.851,0010352,18786,wieś,Zakroczym-gmina miejsko-wiejska,nowodworski
1116,Czarna,489.564,676.960,0689929,18792,wieś,Stanisławów-gmina miejsko-wiejska,miński
1117,Czarna Kolonia,400.006,669.545,0630600,18875,wieś,Pionki-gmina wiejska,radomski
1118,Czarna Rola,411.085,644.752,0624781,18904,wieś,Jedlińsk-gmina wiejska,radomski
1119,Czarna Struga,501.639,643.715,1053837,199539,osada leśna,Nieporęt-gmina wiejska,legionowski
1120,Czarna Wieś,398.419,669.644,0630592,18944,wieś,Pionki-gmina wiejska,radomski
1121,Czarnia,612.242,646.633,0508000,19206,wieś,Czarnia-gmina wiejska,ostrołęcki
1122,Czarnia,603.616,674.711,0511054,19209,wieś,Kadzidło-gmina wiejska,ostrołęcki
1123,Czarnocin,561.610,592.795,0126586,19254,wieś,Strzegowo-gmina wiejska,mławski
1124,Czarnocin,408.297,625.578,0634756,19257,wieś,Radzanów-gmina wiejska,białobrzeski
1125,Czarnocin,501.697,684.276,0670249,19256,wieś,Dobre-gmina miejsko-wiejska,miński
1126,Czarnocinek,560.401,594.326,0126592,19261,wieś,Strzegowo-gmina wiejska,mławski
1127,Czarnogłów,496.167,687.812,0670255,19269,wieś,Dobre-gmina miejsko-wiejska,miński
1128,Czarnolas,375.311,670.907,0617456,19278,wieś,Ciepielów-gmina miejsko-wiejska,lipski
1129,Czarnolas,399.263,687.787,0631829,19279,wieś,Policzna-gmina wiejska,zwoleński
1130,Czarnominek,537.695,545.346,0565104,19291,wieś,Gozdowo-gmina wiejska,sierpecki
1131,Czarnostów,550.423,634.706,0116850,19300,wieś,Karniewo-gmina wiejska,makowski
1132,Czarnostów-Polesie,552.291,635.620,0116866,19301,wieś,Karniewo-gmina wiejska,makowski
1133,Czarnotrzew,592.635,656.995,0506030,19316,wieś,Baranowo-gmina wiejska,ostrołęcki
1134,Czarnoty,536.885,611.045,0120738,19318,wieś,Nowe Miasto-gmina miejsko-wiejska,płoński
1135,Czarnoty,498.703,731.375,0683424,19319,wieś,Paprotnia-gmina wiejska,siedlecki
1136,Czarnowiec,577.671,673.913,0519363,19328,wieś,Rzekuń-gmina wiejska,ostrołęcki
1137,Czarnowiec,577.583,673.430,0519370,8168,osada leśna,Rzekuń-gmina wiejska,ostrołęcki
1138,Czarnowiec,454.138,666.517,0683128,19329,wieś,Osieck-gmina miejsko-wiejska,otwocki
1139,Czarnowo,513.737,620.404,0006764,19337,wieś,Pomiechówek-gmina wiejska,nowodworski
1140,Czarnowo,560.004,670.206,0509991,19336,wieś,Goworowo-gmina wiejska,ostrołęcki
1141,Czarnowo,515.706,618.806,1056439,199577,osada leśna,Pomiechówek-gmina wiejska,nowodworski
1142,Czarnowąż,488.617,709.300,0676625,19323,wieś,Kotuń-gmina wiejska,siedlecki
1143,Czarny Las,458.699,643.945,0001689,19467,wieś,Góra Kalwaria-gmina miejsko-wiejska,piaseczyński
1144,Czarny Las,467.318,608.864,0002200,19466,wieś,Grodzisk Mazowiecki-gmina miejsko-wiejska,grodziski
1145,Czarny Lasek,393.094,668.116,0621400,19539,wieś,Gózd-gmina wiejska,radomski
1146,Czarny Ług,413.589,652.282,0624657,19545,wieś,Jedlińsk-gmina wiejska,radomski
1147,Czarnów,467.637,643.766,0003731,19362,wieś,Konstancin-Jeziorna-gmina miejsko-wiejska,piaseczyński
1148,Czarnów,487.976,604.124,0004357,19361,wieś,Leszno-gmina wiejska,warszawski zachodni
1149,Czarnów,519.793,650.105,0508900,19360,wieś,Dąbrówka-gmina wiejska,wołomiński
1150,Czarnów,492.912,545.464,0572848,19359,wieś,Pacyna-gmina wiejska,gostyniński
1151,Czarnów,454.000,688.114,0668850,192323,osada,Borowie-gmina wiejska,garwoliński
1152,Czarnówka,476.130,666.345,0009900,19373,wieś,Wiązowna-gmina wiejska,otwocki
1153,Czarzaste Małe,597.879,620.482,0507383,19735,kolonia,Chorzele-gmina miejsko-wiejska,przasnyski
1154,Czarzaste Wielkie,598.899,621.122,0507561,19736,kolonia,Chorzele-gmina miejsko-wiejska,przasnyski
1155,Czeberaki,489.829,762.926,0020215,19800,wieś,Stara Kornica-gmina wiejska,łosicki
1156,Czeczotki,503.486,612.933,0001206,19872,wieś,Czosnów-gmina wiejska,nowodworski
1157,Czekaj,446.004,620.876,0631350,19896,wieś,Pniewy-gmina wiejska,grójecki
1158,Czekaj,457.935,602.363,0732460,19879,wieś,Mszczonów-gmina miejsko-wiejska,żyrardowski
1159,Czekanów,513.464,733.620,0672478,19908,wieś,Jabłonna Lacka-gmina wiejska,sokołowski
1160,Czepielin,490.310,731.889,0682376,19961,wieś,Mordy-gmina miejsko-wiejska,siedlecki
1161,Czepielin-Kolonia,491.038,731.118,0682382,19963,wieś,Mordy-gmina miejsko-wiejska,siedlecki
1162,Czermno,503.931,554.726,0563766,20063,wieś,Gąbin-gmina miejsko-wiejska,płocki
1163,Czernice,560.125,616.301,0121413,20161,wieś,Opinogóra Górna-gmina wiejska,ciechanowski
1164,Czernice Borowe,575.401,615.239,0113046,20164,wieś,Czernice Borowe-gmina wiejska,przasnyski
1165,Czernidła,471.323,650.128,0003754,20181,wieś,Konstancin-Jeziorna-gmina miejsko-wiejska,piaseczyński
1166,Czernie,560.394,675.197,0510014,20183,wieś,Goworowo-gmina wiejska,ostrołęcki
1167,Czerniejew,477.180,710.402,0687474,20190,wieś,Skórzec-gmina wiejska,siedlecki
1168,Czerniewo,525.716,563.980,0573552,20209,wieś,Radzanowo-gmina wiejska,płocki
1169,Czersk,457.118,653.322,0001695,20258,wieś,Góra Kalwaria-gmina miejsko-wiejska,piaseczyński
1170,Czerwin,568.569,685.254,0508158,20340,wieś,Czerwin-gmina wiejska,ostrołęcki
1171,Czerwińsk nad Wisłą,503.912,589.300,0561885,20349,miasto,Czerwińsk nad Wisłą-gmina miejsko-wiejska,płoński
1172,Czerwińskie,594.191,654.699,0506308,88718,wieś,Baranowo-gmina wiejska,ostrołęcki
1173,Czerwona,373.413,668.679,0617255,20363,wieś,Ciepielów-gmina miejsko-wiejska,lipski
1174,Czerwona Karczma,416.960,608.855,0629896,20405,osada,Nowe Miasto nad Pilicą-gmina miejsko-wiejska,grójecki
1175,Czerwona Niwa,475.028,589.374,0739248,20407,wieś,Wiskitki-gmina miejsko-wiejska,żyrardowski
1176,Czerwona Niwa-Parcel,474.356,588.031,0739254,20408,wieś,Wiskitki-gmina miejsko-wiejska,żyrardowski
1177,Czerwonka,433.909,652.293,0621647,20521,wieś,Grabów nad Pilicą-gmina wiejska,kozienicki
1178,Czerwonka,506.801,714.472,0688700,20517,wieś,Sokołów Podlaski-gmina wiejska,sokołowski
1179,Czerwonka,502.363,695.967,0693457,20516,wieś,Wierzbno-gmina wiejska,węgrowski
1180,Czerwonka Szlachecka,560.663,649.531,0508632,20547,wieś,Czerwonka-gmina wiejska,makowski
1181,Czerwonka Włościańska,560.885,649.153,0508649,20548,wieś,Czerwonka-gmina wiejska,makowski
1182,Czerwonka-Folwark,502.613,695.557,0693463,20538,wieś,Wierzbno-gmina wiejska,węgrowski
1183,Czerwonka-Parcel,484.199,585.964,0738183,20541,wieś,Sochaczew-gmina wiejska,sochaczewski
1184,Czerwonka-Wieś,483.304,588.575,0738208,20544,wieś,Sochaczew-gmina wiejska,sochaczewski
1185,Czesin,559.654,687.236,0522460,20640,wieś,Wąsewo-gmina wiejska,ostrowski
1186,Czesławin,441.094,611.947,0614819,20654,wieś,Błędów-gmina wiejska,grójecki
1187,Czesławów,497.466,550.691,0572713,20657,wieś,Pacyna-gmina wiejska,gostyniński
1188,Czosnów,504.206,617.707,0001212,20786,wieś,Czosnów-gmina wiejska,nowodworski
1189,Czołomyje,490.931,736.684,0682399,20749,wieś,Mordy-gmina miejsko-wiejska,siedlecki
1190,Cztery Kopce,417.623,668.886,0627383,20814,osada leśna,Kozienice-gmina miejsko-wiejska,kozienicki
1191,Czubajowizna,501.640,662.964,0684116,20832,wieś,Poświętne-gmina wiejska,wołomiński
1192,Czubin,480.327,613.929,0000514,20874,wieś,Brwinów-gmina miejsko-wiejska,pruszkowski
1193,Czuchleby,492.773,758.844,0015527,20885,wieś,Łosice-gmina miejsko-wiejska,łosicki
1194,Czuchów,497.349,758.623,0017377,20887,wieś,Platerów-gmina wiejska,łosicki
1195,Czuchów-Pieńki,497.340,757.790,0017390,20891,wieś,Platerów-gmina wiejska,łosicki
1196,Czuryły,481.018,735.493,0696355,20937,wieś,Zbuczyn-gmina wiejska,siedlecki
1197,Czyste,483.519,587.507,0738190,21020,wieś,Sochaczew-gmina wiejska,sochaczewski
1198,Czyszkówek,449.708,678.230,0670893,21043,wieś,Garwolin-gmina wiejska,garwoliński
1199,Czyżew,499.159,557.176,0574422,21057,wieś,Sanniki-gmina miejsko-wiejska,gostyniński
1200,Czyżówka,410.267,638.342,0638100,21096,wieś,Stara Błotnica-gmina wiejska,białobrzeski
1201,Cząstków Mazowiecki,504.301,618.863,0001152,19783,wieś,Czosnów-gmina wiejska,nowodworski
1202,Cząstków Polski,503.980,619.676,0001169,170623,wieś,Czosnów-gmina wiejska,nowodworski
1203,Częstoniew,446.401,634.609,0622138,20698,wieś,Grójec-gmina miejsko-wiejska,grójecki
1204,Częstoniew-Kolonia,445.002,634.924,0622144,20699,wieś,Grójec-gmina miejsko-wiejska,grójecki
1205,Człekówka,467.376,667.583,0674632,20703,wieś,Kołbiel-gmina wiejska,otwocki
1206,Dachowa,483.557,580.872,0738220,21190,wieś,Sochaczew-gmina wiejska,sochaczewski
1207,Dalanówek,527.235,598.501,0122039,21231,wieś,Płońsk-gmina wiejska,płoński
1208,Dalboszek,431.788,619.761,0629212,21235,wieś,Mogielnica-gmina miejsko-wiejska,grójecki
1209,Dalekie,539.783,669.664,0506596,45289,osada leśna,Brańszczyk-gmina wiejska,wyszkowski
1210,Dalekie,542.376,671.693,0509293,21249,wieś,Długosiodło-gmina wiejska,wyszkowski
1211,Dalekie,558.816,683.239,0522477,21250,wieś,Wąsewo-gmina wiejska,ostrowski
1212,Dalekie-Tartak,538.024,668.327,0506550,21256,osada,Brańszczyk-gmina wiejska,wyszkowski
1213,Dalnia,567.549,587.571,0126600,21313,wieś,Strzegowo-gmina wiejska,mławski
1214,Daltrozów,432.244,635.680,0632728,21339,wieś,Promna-gmina wiejska,białobrzeski
1215,Damiany,564.971,684.140,0508164,21353,wieś,Czerwin-gmina wiejska,ostrołęcki
1216,Damianów,430.276,690.338,0692386,21351,wieś,Trojanów-gmina wiejska,garwoliński
1217,Damięty,570.645,674.538,0510020,21358,wieś,Goworowo-gmina wiejska,ostrołęcki
1218,Damięty-Narwoty,548.588,612.273,0126132,21359,wieś,Sońsk-gmina wiejska,ciechanowski
1219,Daniszewo,575.824,676.237,0519386,21422,wieś,Rzekuń-gmina wiejska,ostrołęcki
1220,Daniszewo,524.704,577.273,0561402,21421,wieś,Bulkowo-gmina wiejska,płocki
1221,Daniszów,363.853,684.220,0627970,21424,wieś,Lipsko-gmina miejsko-wiejska,lipski
1222,Daniłowo,562.907,670.270,0510043,21405,wieś,Goworowo-gmina wiejska,ostrołęcki
1223,Daniłowo,546.645,704.718,0514207,21407,wieś,Małkinia Górna-gmina miejsko-wiejska,ostrowski
1224,Daniłowo-Parcele,548.044,703.436,0514213,21408,wieś,Małkinia Górna-gmina miejsko-wiejska,ostrowski
1225,Daniłówka Druga,546.759,702.750,0514220,21411,wieś,Małkinia Górna-gmina miejsko-wiejska,ostrowski
1226,Daniłówka Pierwsza,545.152,704.930,0514236,21412,wieś,Małkinia Górna-gmina miejsko-wiejska,ostrowski
1227,Daszew,446.542,617.004,0631367,21546,wieś,Pniewy-gmina wiejska,grójecki
1228,Daszewice,441.968,620.447,0614297,21548,wieś,Belsk Duży-gmina wiejska,grójecki
1229,Dawia,609.310,673.716,0513426,21571,wieś,Łyse-gmina wiejska,ostrołęcki
1230,Dawidy,476.167,635.184,0007930,21583,wieś,Raszyn-gmina wiejska,pruszkowski
1231,Dawidy,482.025,747.172,0016633,21584,wieś,Olszanka-gmina wiejska,łosicki
1232,Dawidy Bankowe,474.858,635.472,0007947,21586,wieś,Raszyn-gmina wiejska,pruszkowski
1233,Dawidów,397.553,657.421,0625378,21579,wieś,Jedlnia-Letnisko-gmina miejsko-wiejska,radomski
1234,Daćbogi,467.475,723.704,0694439,21195,wieś,Wiśniew-gmina wiejska,siedlecki
1235,Dańków,431.159,616.813,0614831,21470,wieś,Błędów-gmina wiejska,grójecki
1236,Decie,505.667,694.702,0675436,22752,wieś,Korytnica-gmina wiejska,węgrowski
1237,Derlatka,433.356,697.272,0692392,22852,wieś,Trojanów-gmina wiejska,garwoliński
1238,Deskurów,523.747,665.066,0522804,22860,wieś,Wyszków-gmina miejsko-wiejska,wyszkowski
1239,Desno,487.479,664.524,0002714,22863,wieś,Halinów-gmina miejsko-wiejska,miński
1240,Dmochy-Rogale,497.960,717.666,0668318,24355,wieś,Bielany-gmina wiejska,sokołowski
1241,Dmochy-Rętki,497.982,717.152,0668293,24353,wieś,Bielany-gmina wiejska,sokołowski
1242,Dobaczewo,549.993,537.458,0571286,24541,wieś,Mochowo-gmina wiejska,sierpecki
1243,Dobczyn,504.782,656.254,0511462,24552,wieś,Klembów-gmina wiejska,wołomiński
1244,Dobiecin,451.356,648.826,0616511,24559,wieś,Chynów-gmina wiejska,grójecki
1245,Dobiecin,430.947,614.385,0629241,24560,wieś,Mogielnica-gmina miejsko-wiejska,grójecki
1246,Dobiesz,461.657,644.824,0001726,24579,wieś,Góra Kalwaria-gmina miejsko-wiejska,piaseczyński
1247,Dobieszyn,419.938,651.163,0638671,24599,wieś,Stromiec-gmina wiejska,białobrzeski
1248,Dobki,491.529,566.015,0566144,24610,wieś,Iłów-gmina wiejska,sochaczewski
1249,Dobki Nowe,572.094,688.709,0508320,88728,wieś,Czerwin-gmina wiejska,ostrołęcki
1250,Dobki Stare,570.516,688.688,0508402,128962,wieś,Czerwin-gmina wiejska,ostrołęcki
1251,Dobra,518.021,574.877,0561425,24641,wieś,Bulkowo-gmina wiejska,płocki
1252,Dobra Wola,580.957,581.714,0118300,24667,wieś,Lipowiec Kościelny-gmina wiejska,mławski
1253,Dobra Wola,523.470,610.623,0119959,24669,wieś,Nasielsk-gmina miejsko-wiejska,nowodworski
1254,Dobra Wola,435.010,639.001,0623617,24670,wieś,Jasieniec-gmina wiejska,grójecki
1255,Dobra Wola,403.839,616.223,0626774,24671,przysiółek,Klwów-gmina wiejska,przysuski
1256,Dobre,498.365,682.506,0670278,24695,miasto,Dobre-gmina miejsko-wiejska,miński
1257,Dobrogosty,588.952,606.045,0114169,24732,wieś,Dzierzgowo-gmina wiejska,mławski
1258,Dobrosielice Drugie,543.351,563.792,0563170,24782,wieś,Drobin-gmina miejsko-wiejska,płocki
1259,Dobrosielice Pierwsze,542.998,562.518,0563186,24783,wieś,Drobin-gmina miejsko-wiejska,płocki
1260,Dobrołęka,575.302,667.058,0515796,24745,wieś,Olszewo-Borki-gmina wiejska,ostrołęcki
1261,Dobrska-Kolonia,534.916,574.262,0123435,24826,wieś,Raciąż-gmina wiejska,płoński
1262,Dobrska-Włościany,537.598,574.170,0123441,24828,wieś,Raciąż-gmina wiejska,płoński
1263,Dobrut,382.864,637.095,0630310,24837,wieś,Orońsko-gmina wiejska,szydłowiecki
1264,Dobrzankowo,570.230,632.120,0517772,24872,wieś,Przasnysz-gmina wiejska,przasnyski
1265,Dobrzanów,474.819,706.312,0687540,24873,wieś,Skórzec-gmina wiejska,siedlecki
1266,Dobrzenica,452.461,634.889,0007031,24897,wieś,Prażmów-gmina wiejska,piaseczyński
1267,Dobrzenice Duże,543.041,539.201,0571292,24899,wieś,Mochowo-gmina wiejska,sierpecki
1268,Dobrzenice Małe,542.773,538.205,0571300,24900,wieś,Mochowo-gmina wiejska,sierpecki
1269,Dobrzyków,511.816,550.875,0563772,24935,wieś,Gąbin-gmina miejsko-wiejska,płocki
1270,Dobrzyniec,474.754,668.405,0674655,24939,wieś,Kołbiel-gmina wiejska,otwocki
1271,Dobrzyń,502.217,616.685,0001241,24962,wieś,Czosnów-gmina wiejska,nowodworski
1272,Dobrów,492.885,541.508,0577685,24823,wieś,Szczawin Kościelny-gmina wiejska,gostyniński
1273,Doliwo,491.997,735.797,0682407,25248,wieś,Mordy-gmina miejsko-wiejska,siedlecki
1274,Dolne Pole,505.876,714.480,0688730,25308,wieś,Sokołów Podlaski-gmina wiejska,sokołowski
1275,Domanice,468.233,717.763,0670746,25745,wieś,Domanice-gmina wiejska,siedlecki
1276,Domanice-Kolonia,469.570,718.553,0670769,170820,wieś,Domanice-gmina wiejska,siedlecki
1277,Domaniew,481.704,620.340,0000520,25751,wieś,Brwinów-gmina miejsko-wiejska,pruszkowski
1278,Domaniewek,481.984,619.524,0000537,175547,wieś,Brwinów-gmina miejsko-wiejska,pruszkowski
1279,Domaniewek Pierwszy,483.536,620.009,0005760,25753,wieś,Ożarów Mazowiecki-gmina miejsko-wiejska,warszawski zachodni
1280,Domaniewice,418.015,599.948,0629620,25756,wieś,Nowe Miasto nad Pilicą-gmina miejsko-wiejska,grójecki
1281,Domaniewice,430.122,635.136,0632734,25755,wieś,Promna-gmina wiejska,białobrzeski
1282,Domaniów,398.449,628.563,0634070,25767,wieś,Przytyk-gmina miejsko-wiejska,radomski
1283,Domaszew,432.047,672.699,0680348,25806,wieś,Maciejowice-gmina miejsko-wiejska,garwoliński
1284,Domaszew-Młyn,430.868,673.787,0680354,192462,osada,Maciejowice-gmina miejsko-wiejska,garwoliński
1285,Domosław,530.780,633.338,0129194,25877,wieś,Winnica-gmina wiejska,pułtuski
1286,Dosin,514.550,636.557,0008183,25964,wieś,Serock-gmina miejsko-wiejska,legionowski
1287,Doziny,572.905,583.757,0127746,25985,wieś,Szreńsk-gmina wiejska,mławski
1288,Dramin,545.441,582.703,0111604,26107,wieś,Baboszewo-gmina wiejska,płoński
1289,Draminek,545.808,581.336,0123458,26108,wieś,Raciąż-gmina wiejska,płoński
1290,Drażniew,506.291,752.436,0675086,26163,wieś,Korczew-gmina wiejska,siedlecki
1291,Dreglin,551.483,583.084,0114554,26204,wieś,Glinojeck-gmina miejsko-wiejska,ciechanowski
1292,Drewnowo-Gołyń,549.064,729.005,0395100,26242,wieś,Boguty-Pianki-gmina wiejska,ostrowski
1293,Drewnowo-Lipskie,547.031,727.928,0395122,26243,wieś,Boguty-Pianki-gmina wiejska,ostrowski
1294,Drewnowo-Ziemaki,546.011,728.735,0395139,26244,wieś,Boguty-Pianki-gmina wiejska,ostrowski
1295,Drezno,374.238,683.584,0617290,26247,wieś,Ciepielów-gmina miejsko-wiejska,lipski
1296,Drgicz,522.497,695.510,0690909,26261,wieś,Stoczek-gmina wiejska,węgrowski
1297,Drobin,541.855,566.730,0563223,26266,miasto,Drobin-gmina miejsko-wiejska,płocki
1298,Drochowo,518.314,594.635,0119379,26297,wieś,Naruszewo-gmina wiejska,płoński
1299,Drochówka,517.402,596.314,0119391,26300,wieś,Naruszewo-gmina wiejska,płoński
1300,Drochówka za Rąbieżem,517.703,598.303,1060984,199630,kolonia,Naruszewo-gmina wiejska,płoński
1301,Drogiszka,566.486,591.017,0126630,26307,wieś,Strzegowo-gmina wiejska,mławski
1302,Drogoszewo,525.317,665.130,0522810,26329,wieś,Wyszków-gmina miejsko-wiejska,wyszkowski
1303,Drop,502.282,685.578,0670284,26352,wieś,Dobre-gmina miejsko-wiejska,miński
1304,Drozdowo,542.548,582.371,0123464,26374,wieś,Raciąż-gmina wiejska,płoński
1305,Drozdowo,551.032,665.254,0519759,26376,wieś,Rzewnie-gmina wiejska,makowski
1306,Drozdy,458.250,624.556,0009290,26394,osada,Tarczyn-gmina miejsko-wiejska,piaseczyński
1307,Drozdów,383.712,680.601,0643459,26384,wieś,Zwoleń-gmina miejsko-wiejska,zwoleński
1308,Drożanki,390.557,667.613,0620932,26400,wieś,Gózd-gmina wiejska,radomski
1309,Drożdżyn,531.422,599.191,0125747,26410,wieś,Sochocin-gmina miejsko-wiejska,płoński
1310,Drożdżówka,468.913,683.671,0687037,26407,wieś,Siennica-gmina miejsko-wiejska,miński
1311,Druchowo,546.197,566.276,0123470,26440,wieś,Raciąż-gmina wiejska,płoński
1312,Drupia,471.966,716.966,0687563,26497,wieś,Skórzec-gmina wiejska,siedlecki
1313,Drutarnia,385.109,612.352,0633797,26499,wieś,Przysucha-gmina miejsko-wiejska,przysuski
1314,Drwalew,449.728,639.041,0616528,26519,wieś,Chynów-gmina wiejska,grójecki
1315,Drwalewice,448.653,639.267,0616534,26522,wieś,Chynów-gmina wiejska,grójecki
1316,Drwały,531.430,648.168,0523778,26526,wieś,Zatory-gmina wiejska,pułtuski
1317,Drwały,529.580,552.719,0559606,26525,wieś,Bielsk-gmina wiejska,płocki
1318,Drwały,503.851,575.755,0579052,26527,wieś,Wyszogród-gmina miejsko-wiejska,płocki
1319,Drwęcz,577.612,678.609,0519392,26539,wieś,Rzekuń-gmina wiejska,ostrołęcki
1320,Drybus,474.781,598.956,0722911,26549,wieś,Baranów-gmina wiejska,grodziski
1321,Drążdżewo,582.575,642.186,0511723,26181,wieś,Krasnosielc-gmina wiejska,makowski
1322,Drążdżewo Małe,581.156,643.642,0511746,26183,wieś,Krasnosielc-gmina wiejska,makowski
1323,Drążdżewo Nowe,585.890,640.698,0510698,26184,wieś,Jednorożec-gmina wiejska,przasnyski
1324,Drążdżewo-Kujawy,583.384,640.505,0511730,26182,wieś,Krasnosielc-gmina wiejska,makowski
1325,Drążewo,548.813,610.670,0126149,26187,wieś,Sońsk-gmina wiejska,ciechanowski
1326,Drążno,403.154,611.710,0626538,26196,wieś,Klwów-gmina wiejska,przysuski
1327,Dręszew,519.390,655.447,0508922,26252,wieś,Dąbrówka-gmina wiejska,wołomiński
1328,Drężek,614.460,658.428,0514897,26256,wieś,Myszyniec-gmina miejsko-wiejska,ostrołęcki
1329,Drężewo,582.422,669.332,0515804,26257,wieś,Olszewo-Borki-gmina wiejska,ostrołęcki
1330,Dubicze,491.314,772.357,0020238,26714,wieś,Stara Kornica-gmina wiejska,łosicki
1331,Dubrawa,362.449,665.257,0635483,26788,wieś,Rzeczniów-gmina wiejska,lipski
1332,Duchnice,482.990,622.473,0005776,26806,wieś,Ożarów Mazowiecki-gmina miejsko-wiejska,warszawski zachodni
1333,Duchnów,483.091,660.585,0009917,26811,wieś,Wiązowna-gmina wiejska,otwocki
1334,Duchów,497.571,686.050,0670290,26821,wieś,Dobre-gmina miejsko-wiejska,miński
1335,Ducka Wola,426.179,645.417,0638702,26825,wieś,Stromiec-gmina wiejska,białobrzeski
1336,Duczki,502.052,655.814,0010205,26829,wieś,Wołomin-gmina miejsko-wiejska,wołomiński
1337,Duczymin,600.381,619.895,0507414,26833,wieś,Chorzele-gmina miejsko-wiejska,przasnyski
1338,Dudka,455.499,686.119,0668650,26845,wieś,Borowie-gmina wiejska,garwoliński
1339,Dudki,432.945,695.593,0692417,26850,wieś,Trojanów-gmina wiejska,garwoliński
1340,Dudowizna,538.477,683.520,0506604,26886,wieś,Brańszczyk-gmina wiejska,wyszkowski
1341,Dudy,547.230,695.036,0516608,26900,wieś,Ostrów Mazowiecka-gmina wiejska,ostrowski
1342,Dudy Puszczańskie,622.267,665.743,0513509,26907,wieś,Łyse-gmina wiejska,ostrołęcki
1343,Dukt,553.416,593.258,0114560,26941,wieś,Glinojeck-gmina miejsko-wiejska,ciechanowski
1344,Dunaj,570.008,592.029,0127315,26994,wieś,Stupsk-gmina wiejska,mławski
1345,Dunaj,610.794,645.859,0508023,193264,osada leśna,Czarnia-gmina wiejska,ostrołęcki
1346,Duninopol,474.531,595.849,0739260,27027,wieś,Wiskitki-gmina miejsko-wiejska,żyrardowski
1347,Duninów Duży,517.677,529.218,0572067,27032,wieś,Nowy Duninów-gmina wiejska,płocki
1348,Duranów,480.971,586.035,0738102,27071,wieś,Sochaczew-gmina wiejska,sochaczewski
1349,Durlasy,591.188,670.358,0512935,27086,wieś,Lelis-gmina wiejska,ostrołęcki
1350,Duży Dół,452.091,628.350,0622167,27329,wieś,Grójec-gmina miejsko-wiejska,grójecki
1351,Duży Las,396.556,626.527,0634555,27363,przysiółek,Przytyk-gmina miejsko-wiejska,radomski
1352,Dwa Młyny,555.917,542.488,0575150,27431,kolonia,Sierpc-gmina wiejska,sierpecki
1353,Dwórzno,455.290,610.585,0732499,27710,wieś,Mszczonów-gmina miejsko-wiejska,żyrardowski
1354,Dybki,543.290,684.330,0507070,27734,osada leśna,Brok-gmina miejsko-wiejska,ostrowski
1355,Dybki,543.765,682.647,0516301,27733,wieś,Ostrów Mazowiecka-gmina wiejska,ostrowski
1356,Dybów,521.155,715.936,0675979,27758,wieś,Kosów Lacki-gmina miejsko-wiejska,sokołowski
1357,Dybów-Kolonia,506.424,650.133,0007628,27759,wieś,Radzymin-gmina miejsko-wiejska,wołomiński
1358,Dylew,429.035,623.306,0629258,27810,wieś,Mogielnica-gmina miejsko-wiejska,grójecki
1359,Dylewo,594.426,663.825,0511077,27818,wieś,Kadzidło-gmina wiejska,ostrołęcki
1360,Dylewo,571.735,655.775,0520828,27819,wieś,Sypniewo-gmina wiejska,makowski
1361,Dynak,594.705,643.775,0510480,27881,wieś,Jednorożec-gmina wiejska,przasnyski
1362,Dyszobaba,563.384,661.257,0518607,27921,wieś,Różan-gmina miejsko-wiejska,makowski
1363,Dyzin,471.508,663.555,0000862,27933,wieś,Celestynów-gmina wiejska,otwocki
1364,Dzban,556.226,568.108,0125240,27935,przysiółek,Siemiątkowo-gmina wiejska,żuromiński
1365,Dzbanice,528.207,640.525,0122654,27937,wieś,Pokrzywnica-gmina wiejska,pułtuski
1366,Dzbenin,579.037,670.592,0519400,27945,wieś,Rzekuń-gmina wiejska,ostrołęcki
1367,Dzbenin,581.767,685.769,0522069,27946,wieś,Troszyn-gmina wiejska,ostrołęcki
1368,Dzbonie,564.034,613.994,0121471,27948,wieś,Opinogóra Górna-gmina wiejska,ciechanowski
1369,Dzbądz,556.048,664.021,0518613,27943,wieś,Różan-gmina miejsko-wiejska,makowski
1370,Dzbądzek,556.366,665.489,0510050,27944,wieś,Goworowo-gmina wiejska,ostrołęcki
1371,Dziadkowskie,475.688,760.298,0012470,27975,wieś,Huszlew-gmina wiejska,łosicki
1372,Dziadkowskie-Folwark,475.972,760.798,0012486,27976,wieś,Huszlew-gmina wiejska,łosicki
1373,Dziarno,538.950,624.282,0128409,28513,wieś,Świercze-gmina wiejska,pułtuski
1374,Dziarnowo,529.007,546.154,0576125,28523,wieś,Stara Biała-gmina wiejska,płocki
1375,Dziarnów,422.695,621.521,0629264,28525,wieś,Mogielnica-gmina miejsko-wiejska,grójecki
1376,Działki,540.447,657.923,0515170,194279,kolonia,Obryte-gmina wiejska,pułtuski
1377,Działki,467.723,595.727,0739277,28272,wieś,Wiskitki-gmina miejsko-wiejska,żyrardowski
1378,Działki Brzóskie,414.683,667.799,0619640,11846,wieś,Głowaczów-gmina miejsko-wiejska,kozienicki
1379,Działki Suskowolskie,403.057,671.649,0631120,28327,wieś,Pionki-gmina wiejska,radomski
1380,Działy,493.155,555.498,0574439,28376,wieś,Sanniki-gmina miejsko-wiejska,gostyniński
1381,Działy Czarnowskie,514.426,652.014,0508939,28469,wieś,Dąbrówka-gmina wiejska,wołomiński
1382,Działyń,580.428,661.626,0515810,28491,wieś,Olszewo-Borki-gmina wiejska,ostrołęcki
1383,Dziechciniec,478.558,660.954,0009923,28571,wieś,Wiązowna-gmina wiejska,otwocki
1384,Dziecinów,431.320,659.366,0621682,28587,wieś,Grabów nad Pilicą-gmina wiejska,kozienicki
1385,Dziecinów,460.055,656.891,0687706,28585,wieś,Sobienie-Jeziory-gmina wiejska,otwocki
1386,Dzieczewo,562.993,569.328,0125256,28588,wieś,Siemiątkowo-gmina wiejska,żuromiński
1387,Dziedzice,535.539,558.748,0559612,28606,wieś,Bielsk-gmina wiejska,płocki
1388,Dziegietnia,505.937,722.410,0688752,28640,wieś,Sokołów Podlaski-gmina wiejska,sokołowski
1389,Dziegietnia-Kolonia,505.906,722.586,0688769,195818,wieś,Sokołów Podlaski-gmina wiejska,sokołowski
1390,Dziekanów Leśny,500.114,626.253,0005115,28656,wieś,Łomianki-gmina miejsko-wiejska,warszawski zachodni
1391,Dziekanów Nowy,502.044,624.474,0005173,89986,wieś,Łomianki-gmina miejsko-wiejska,warszawski zachodni
1392,Dziekanów Polski,501.538,625.606,0005121,28657,wieś,Łomianki-gmina miejsko-wiejska,warszawski zachodni
1393,Dziektarzewo,545.502,590.025,0111610,28670,wieś,Baboszewo-gmina wiejska,płoński
1394,Dziektarzewo-Wylaty,542.470,589.207,0111627,28672,kolonia,Baboszewo-gmina wiejska,płoński
1395,Dzielin,573.635,616.456,0113052,28707,wieś,Czernice Borowe-gmina wiejska,przasnyski
1396,Dzielnik,469.362,685.268,0687050,28738,wieś,Siennica-gmina miejsko-wiejska,miński
1397,Dziembakowo,549.846,549.865,0574770,28741,wieś,Sierpc-gmina wiejska,sierpecki
1398,Dzierzby Szlacheckie,523.121,732.348,0672604,28810,wieś,Jabłonna Lacka-gmina wiejska,sokołowski
1399,Dzierzby Włościańskie,523.387,732.803,0672538,28811,wieś,Jabłonna Lacka-gmina wiejska,sokołowski
1400,Dzierzgowo,588.655,611.170,0114198,28820,wieś,Dzierzgowo-gmina wiejska,mławski
1401,Dzierzgówek,590.507,609.242,0114206,28824,wieś,Dzierzgowo-gmina wiejska,mławski
1402,Dzierzkówek Nowy,378.503,661.224,0637252,89987,wieś,Skaryszew-gmina miejsko-wiejska,radomski
1403,Dzierzkówek Stary,379.364,660.018,0637364,129746,wieś,Skaryszew-gmina miejsko-wiejska,radomski
1404,Dzierzązna,518.275,542.494,0572073,28787,wieś,Nowy Duninów-gmina wiejska,płocki
1405,Dzierzążnia,529.881,582.595,0113856,28793,wieś,Dzierzążnia-gmina wiejska,płoński
1406,Dzierzęga-Nadbory,599.117,618.969,0507443,28813,wieś,Chorzele-gmina miejsko-wiejska,przasnyski
1407,Dzierżanowo,550.255,639.785,0521147,28842,wieś,Szelków-gmina wiejska,makowski
1408,Dzierżanowo,514.994,580.703,0570677,28843,wieś,Mała Wieś-gmina wiejska,płocki
1409,Dzierżanowo-Osada,515.363,579.271,0570683,173114,wieś,Mała Wieś-gmina wiejska,płocki
1410,Dzierżanów,513.772,677.359,0673437,28845,wieś,Jadów-gmina miejsko-wiejska,wołomiński
1411,Dzierżenin,524.914,641.607,0122660,28876,wieś,Pokrzywnica-gmina wiejska,pułtuski
1412,Dziewanowo,541.200,562.203,0563252,28939,wieś,Drobin-gmina miejsko-wiejska,płocki
1413,Dziewule,470.383,733.100,0696361,28999,wieś,Zbuczyn-gmina wiejska,siedlecki
1414,Dziki Bór,567.117,542.427,0578319,29073,wieś,Szczutowo-gmina wiejska,sierpecki
1415,Dziunin,429.439,618.174,0629270,29219,wieś,Mogielnica-gmina miejsko-wiejska,grójecki
1416,Dziurków,367.025,689.385,0637513,29263,wieś,Solec nad Wisłą-gmina miejsko-wiejska,lipski
1417,Dziwy,582.965,554.361,0118523,29296,wieś,Lubowidz-gmina miejsko-wiejska,żuromiński
1418,Dzięcioły,494.085,756.175,0015533,29025,wieś,Łosice-gmina miejsko-wiejska,łosicki
1419,Dzięcioły,509.160,667.939,0521489,29024,wieś,Tłuszcz-gmina miejsko-wiejska,wołomiński
1420,Dzięcioły Bliższe,530.385,722.895,0690312,29028,wieś,Sterdyń-gmina wiejska,sokołowski
1421,Dzięcioły Dalsze,530.877,723.519,0690335,29029,wieś,Sterdyń-gmina wiejska,sokołowski
1422,Dzięgielewo,535.799,543.519,0565110,29039,wieś,Gozdowo-gmina wiejska,sierpecki
1423,Dzięglewo,489.335,589.860,0738243,29044,wieś,Sochaczew-gmina wiejska,sochaczewski
1424,Dziękowizna,482.655,682.336,0681632,29050,wieś,Mińsk Mazowiecki-gmina wiejska,miński
1425,Dzwonek,569.574,681.913,0508201,29299,wieś,Czerwin-gmina wiejska,ostrołęcki
1426,Dąbek,573.078,591.525,0127284,21619,wieś,Stupsk-gmina wiejska,mławski
1427,Dąbek,569.536,688.110,0508170,21622,wieś,Czerwin-gmina wiejska,ostrołęcki
1428,Dąbek,578.494,686.159,0522052,21621,wieś,Troszyn-gmina wiejska,ostrołęcki
1429,Dąbki,559.227,625.301,0117357,21713,kolonia,Krasne-gmina wiejska,przasnyski
1430,Dąbkowa Parowa,561.911,539.201,0578294,21728,wieś,Szczutowo-gmina wiejska,sierpecki
1431,Dąbkowizna,508.674,641.591,0005724,21734,osada leśna,Nieporęt-gmina wiejska,legionowski
1432,Dąbrowa,525.419,628.743,0119936,21855,wieś,Nasielsk-gmina miejsko-wiejska,nowodworski
1433,Dąbrowa,544.446,604.641,0121092,21837,wieś,Ojrzeń-gmina wiejska,ciechanowski
1434,Dąbrowa,567.514,585.771,0126617,21834,wieś,Strzegowo-gmina wiejska,mławski
1435,Dąbrowa,579.389,562.628,0130174,21832,wieś,Żuromin-gmina miejsko-wiejska,żuromiński
1436,Dąbrowa,552.155,710.553,0394542,21842,wieś,Andrzejewo-gmina wiejska,ostrowski
1437,Dąbrowa,601.794,646.251,0506047,21881,wieś,Baranowo-gmina wiejska,ostrołęcki
1438,Dąbrowa,596.897,620.618,0507360,21879,wieś,Chorzele-gmina miejsko-wiejska,przasnyski
1439,Dąbrowa,538.462,659.488,0518760,21840,wieś,Rząśnik-gmina wiejska,wyszkowski
1440,Dąbrowa,376.191,680.369,0617278,21945,wieś,Ciepielów-gmina miejsko-wiejska,lipski
1441,Dąbrowa,426.189,614.824,0629229,21913,wieś,Mogielnica-gmina miejsko-wiejska,grójecki
1442,Dąbrowa,421.819,606.056,0629614,21914,wieś,Nowe Miasto nad Pilicą-gmina miejsko-wiejska,grójecki
1443,Dąbrowa,413.690,600.359,0629940,21919,wieś,Odrzywół-gmina miejsko-wiejska,przysuski
1444,Dąbrowa,504.982,689.758,0675420,21889,wieś,Korytnica-gmina wiejska,węgrowski
1445,Dąbrowa,439.883,674.034,0678328,21912,wieś,Łaskarzew-gmina wiejska,garwoliński
1446,Dąbrowa,521.439,690.562,0678788,21886,wieś,Łochów-gmina miejsko-wiejska,węgrowski
1447,Dąbrowa,497.243,710.074,0682086,21893,wieś,Mokobody-gmina wiejska,siedlecki
1448,Dąbrowa,477.763,692.115,0682650,21880,wieś,Mrozy-gmina miejsko-wiejska,miński
1449,Dąbrowa,499.446,746.994,0684381,21901,wieś,Przesmyki-gmina wiejska,siedlecki
1450,Dąbrowa,474.206,675.821,0687014,21877,wieś,Siennica-gmina miejsko-wiejska,miński
1451,Dąbrowa,509.269,710.735,0688717,21887,wieś,Sokołów Podlaski-gmina wiejska,sokołowski
1452,Dąbrowa,498.014,626.981,0920887,21864,wieś,Łomianki-gmina miejsko-wiejska,warszawski zachodni
1453,Dąbrowa Chotomowska,508.075,627.184,0002996,22129,wieś,Jabłonna-gmina wiejska,legionowski
1454,Dąbrowa Duża,450.271,646.679,0616505,22136,wieś,Chynów-gmina wiejska,grójecki
1455,Dąbrowa Goszczewicka,399.085,622.752,0632214,22138,wieś,Potworów-gmina wiejska,przysuski
1456,Dąbrowa Jastrzębska,406.834,657.071,0624189,22146,wieś,Jastrzębia-gmina wiejska,radomski
1457,Dąbrowa Kozłowska,401.356,657.491,0624203,22147,wieś,Jastrzębia-gmina wiejska,radomski
1458,Dąbrowa-Kolonia,440.653,673.963,0678334,22102,wieś,Łaskarzew-gmina wiejska,garwoliński
1459,Dąbrowa-Las,400.864,680.217,0631976,22106,wieś,Policzna-gmina wiejska,zwoleński
1460,Dąbrowica,502.067,665.902,0684122,22226,wieś,Poświętne-gmina wiejska,wołomiński
1461,Dąbrowice,578.108,551.486,0130180,22254,wieś,Żuromin-gmina miejsko-wiejska,żuromiński
1462,Dąbrusk,531.758,562.821,0576510,22673,wieś,Staroźreby-gmina miejsko-wiejska,płocki
1463,Dąbrówka,469.602,661.636,0000833,22422,wieś,Celestynów-gmina wiejska,otwocki
1464,Dąbrówka,499.526,609.028,0001229,22416,wieś,Czosnów-gmina wiejska,nowodworski
1465,Dąbrówka,475.453,607.905,0002170,22418,wieś,Grodzisk Mazowiecki-gmina miejsko-wiejska,grodziski
1466,Dąbrówka,563.082,648.679,0508655,22405,wieś,Czerwonka-gmina wiejska,makowski
1467,Dąbrówka,515.596,655.965,0508916,22414,wieś,Dąbrówka-gmina wiejska,wołomiński
1468,Dąbrówka,597.119,677.072,0512906,22428,wieś,Lelis-gmina wiejska,ostrołęcki
1469,Dąbrówka,595.304,674.107,0512912,22427,osada leśna,Lelis-gmina wiejska,ostrołęcki
1470,Dąbrówka,563.277,664.601,0518599,22406,wieś,Różan-gmina miejsko-wiejska,makowski
1471,Dąbrówka,552.117,655.653,0519720,22407,wieś,Rzewnie-gmina wiejska,makowski
1472,Dąbrówka,509.446,524.656,0564263,22395,wieś,Gostynin-gmina wiejska,gostyniński
1473,Dąbrówka,416.908,633.878,0614535,22445,wieś,Białobrzegi-gmina miejsko-wiejska,białobrzeski
1474,Dąbrówka,371.966,684.986,0627992,22452,wieś,Lipsko-gmina miejsko-wiejska,lipski
1475,Dąbrówka,446.806,619.118,0631373,22429,wieś,Pniewy-gmina wiejska,grójecki
1476,Dąbrówka,353.542,672.509,0636264,22489,wieś,Sienno-gmina miejsko-wiejska,lipski
1477,Dąbrówka,467.929,692.742,0677560,22424,wieś,Latowicz-gmina miejsko-wiejska,miński
1478,Dąbrówka Makowska,391.178,655.641,0636880,22573,kolonia,Skaryszew-gmina miejsko-wiejska,radomski
1479,Dąbrówka Nagórna,400.273,644.398,0642260,22585,wieś,Zakrzew-gmina wiejska,radomski
1480,Dąbrówka Nowa,436.623,618.499,0615078,22589,wieś,Błędów-gmina wiejska,grójecki
1481,Dąbrówka Ostrowska,601.763,621.870,0507390,22590,wieś,Chorzele-gmina miejsko-wiejska,przasnyski
1482,Dąbrówka Podłężna,402.933,642.391,0642313,22594,wieś,Zakrzew-gmina wiejska,radomski
1483,Dąbrówka Stara,435.573,619.139,0615121,22603,wieś,Błędów-gmina wiejska,grójecki
1484,Dąbrówka Warszawska,381.873,646.607,0640998,22610,wieś,Wierzbica-gmina wiejska,radomski
1485,Dąbrówka Zabłotnia,384.986,641.976,0626952,22620,wieś,Kowala-gmina wiejska,radomski
1486,Dąbrówka-Niwka,480.108,714.800,0687497,22538,wieś,Skórzec-gmina wiejska,siedlecki
1487,Dąbrówka-Stany,476.178,711.829,0687511,22540,wieś,Skórzec-gmina wiejska,siedlecki
1488,Dąbrówka-Wyłazy,481.028,716.501,0687528,22543,wieś,Skórzec-gmina wiejska,siedlecki
1489,Dąbrówka-Ług,476.476,715.563,0687480,22533,wieś,Skórzec-gmina wiejska,siedlecki
1490,Dąbrówki,564.072,560.523,0111998,22634,wieś,Bieżuń-gmina miejsko-wiejska,żuromiński
1491,Dąbrówki,556.752,548.042,0574758,22635,wieś,Sierpc-gmina wiejska,sierpecki
1492,Dąbrówki,425.303,659.833,0619343,22666,wieś,Głowaczów-gmina miejsko-wiejska,kozienicki
1493,Dąbrówki,428.265,650.639,0621660,22641,wieś,Grabów nad Pilicą-gmina wiejska,kozienicki
1494,Dąbrówki,416.646,680.192,0627390,22642,wieś,Kozienice-gmina miejsko-wiejska,kozienicki
1495,Dąbrówki,366.950,666.291,0635649,193011,osada,Rzeczniów-gmina wiejska,lipski
1496,Dęba,403.454,628.644,0634041,22884,wieś,Przytyk-gmina miejsko-wiejska,radomski
1497,Dębe,515.963,630.180,0008160,22917,wieś,Serock-gmina miejsko-wiejska,legionowski
1498,Dębe,528.659,708.523,0675956,22916,wieś,Kosów Lacki-gmina miejsko-wiejska,sokołowski
1499,Dębe Duże,518.605,676.556,0673176,22918,wieś,Jadów-gmina miejsko-wiejska,wołomiński
1500,Dębe Małe,517.396,675.414,0673182,22921,wieś,Jadów-gmina miejsko-wiejska,wołomiński
1501,Dębe Małe,464.012,689.316,0677576,22920,wieś,Latowicz-gmina miejsko-wiejska,miński
1502,Dębe Wielkie,484.279,666.910,0670054,22922,wieś,Dębe Wielkie-gmina wiejska,miński
1503,Dębie,445.782,624.482,0622150,22979,wieś,Grójec-gmina miejsko-wiejska,grójecki
1504,Dębienica,539.094,670.657,0506580,22995,osada leśna,Brańszczyk-gmina wiejska,wyszkowski
1505,Dębienica,544.352,678.031,0509347,22996,wieś,Długosiodło-gmina wiejska,wyszkowski
1506,Dębina,504.265,616.632,0001235,23059,wieś,Czosnów-gmina wiejska,nowodworski
1507,Dębinki,520.747,637.031,0008177,23257,wieś,Serock-gmina miejsko-wiejska,legionowski
1508,Dębinki,521.501,617.506,0119942,23256,wieś,Nasielsk-gmina miejsko-wiejska,nowodworski
1509,Dębinki,515.051,663.773,0523502,23260,wieś,Zabrodzie-gmina wiejska,wyszkowski
1510,Dębiny,582.783,606.424,0128036,23269,wieś,Szydłowo-gmina wiejska,mławski
1511,Dębiny,578.623,633.734,0517766,23277,wieś,Przasnysz-gmina wiejska,przasnyski
1512,Dębiny,528.048,651.540,0523755,23273,wieś,Zatory-gmina wiejska,pułtuski
1513,Dębiny,396.404,619.940,0632220,23282,wieś,Przysucha-gmina miejsko-wiejska,przysuski
1514,Dębiny Osuchowskie,450.172,611.541,0732476,23295,wieś,Mszczonów-gmina miejsko-wiejska,żyrardowski
1515,Dębiny-Kolonia,397.349,619.931,0632243,23293,kolonia,Przysucha-gmina miejsko-wiejska,przysuski
1516,Dębniak,379.191,664.386,0625697,23347,wieś,Kazanów-gmina miejsko-wiejska,zwoleński
1517,Dębnica,383.566,671.978,0625711,23388,wieś,Kazanów-gmina miejsko-wiejska,zwoleński
1518,Dębnowola,422.136,624.791,0629235,23482,wieś,Mogielnica-gmina miejsko-wiejska,grójecki
1519,Dębnowola,444.108,652.502,0640136,23481,wieś,Warka-gmina miejsko-wiejska,grójecki
1520,Dębowa Góra,411.408,602.688,0630161,23543,wieś,Odrzywół-gmina miejsko-wiejska,przysuski
1521,Dębowa Karczma,568.904,624.051,0117140,170815,kolonia,Krasne-gmina wiejska,przasnyski
1522,Dębowce,471.876,700.843,0682666,23586,wieś,Mrozy-gmina miejsko-wiejska,miński
1523,Dębowe Pole,358.358,667.872,0636293,23606,wieś,Sienno-gmina miejsko-wiejska,lipski
1524,Dębowo,569.458,610.632,0115619,190128,przysiółek,Grudusk-gmina wiejska,ciechanowski
1525,Dębowo,544.630,548.702,0574764,23696,wieś,Sierpc-gmina wiejska,sierpecki
1526,Dębowola,429.304,663.205,0628690,23710,wieś,Magnuszew-gmina miejsko-wiejska,kozienicki
1527,Dębsk,584.186,600.015,0128013,23781,wieś,Szydłowo-gmina wiejska,mławski
1528,Dębsk,573.281,565.766,0130197,23780,wieś,Żuromin-gmina miejsko-wiejska,żuromiński
1529,Dębsk,537.724,553.185,0559598,23782,wieś,Bielsk-gmina wiejska,płocki
1530,Dęby,614.631,665.361,0513478,23813,wieś,Łyse-gmina wiejska,ostrołęcki
1531,Dębówka,480.747,605.524,0000158,23750,wieś,Błonie-gmina miejsko-wiejska,warszawski zachodni
1532,Dębówka,457.096,648.315,0001710,23752,wieś,Góra Kalwaria-gmina miejsko-wiejska,piaseczyński
1533,Dębówka,466.833,650.356,0003760,23751,wieś,Konstancin-Jeziorna-gmina miejsko-wiejska,piaseczyński
1534,Dębówka,570.488,550.000,0119155,23747,wieś,Lutocin-gmina wiejska,żuromiński
1535,Dębówka,426.696,688.172,0692400,23759,wieś,Trojanów-gmina wiejska,garwoliński
1536,Dębówka,480.988,592.097,0738711,23749,wieś,Teresin-gmina wiejska,sochaczewski
1537,Dębówka,481.553,591.328,1058088,206297,kolonia,Teresin-gmina wiejska,sochaczewski
1538,Długa Brzezina,379.925,612.939,0633640,23928,wieś,Przysucha-gmina miejsko-wiejska,przysuski
1539,Długa Kościelna,488.262,660.086,0002720,23946,wieś,Halinów-gmina miejsko-wiejska,miński
1540,Długa Szlachecka,489.500,659.334,0002737,23967,wieś,Halinów-gmina miejsko-wiejska,miński
1541,Długi Kąt,596.421,669.316,0512929,24015,wieś,Lelis-gmina wiejska,ostrołęcki
1542,Długie,606.183,645.249,0508046,24095,wieś,Czarnia-gmina wiejska,ostrołęcki
1543,Długie,409.030,620.962,0632289,24104,wieś,Potworów-gmina wiejska,przysuski
1544,Długie Grodzieckie,540.240,717.816,0669447,24127,wieś,Ceranów-gmina wiejska,sokołowski
1545,Długie Grzymki,538.896,718.693,0669476,24128,wieś,Ceranów-gmina wiejska,sokołowski
1546,Długie Kamieńskie,538.772,720.124,0669482,24149,wieś,Ceranów-gmina wiejska,sokołowski
1547,Długokąty,591.933,603.881,0128823,24214,wieś,Wieczfnia Kościelna-gmina wiejska,mławski
1548,Długokąty,457.355,589.276,0734736,24215,wieś,Puszcza Mariańska-gmina wiejska,żyrardowski
1549,Długosiodło,546.867,674.872,0509353,24240,wieś,Długosiodło-gmina wiejska,wyszkowski
1550,Długosz,377.257,629.286,0639370,24243,wieś,Szydłowiec-gmina miejsko-wiejska,szydłowiecki
1551,Długowizna,457.934,600.372,0732482,24255,wieś,Mszczonów-gmina miejsko-wiejska,żyrardowski
1552,Długowola,434.261,629.536,0620435,24256,wieś,Goszczyn-gmina wiejska,grójecki
1553,Długowola Druga,362.567,681.670,0628017,24258,wieś,Lipsko-gmina miejsko-wiejska,lipski
1554,Długowola Pierwsza,362.118,682.649,0628000,24259,wieś,Lipsko-gmina miejsko-wiejska,lipski
1555,Długołęka,563.363,620.374,0121420,24224,wieś,Opinogóra Górna-gmina wiejska,ciechanowski
1556,Długołęka Wielka,568.660,660.409,0514673,24230,wieś,Młynarze-gmina wiejska,makowski
1557,Długołęka-Koski,569.487,659.245,0514667,24227,wieś,Młynarze-gmina wiejska,makowski
1558,Dłuska Wola,407.736,622.067,0632310,24262,wieś,Potworów-gmina wiejska,przysuski
1559,Dłutkowo,566.757,641.924,0517341,24269,wieś,Płoniawy-Bramura-gmina wiejska,makowski
1560,Dłutowo,515.554,597.516,0119362,24270,wieś,Naruszewo-gmina wiejska,płoński
1561,Dłutówka,586.421,652.307,0506053,24276,wieś,Baranowo-gmina wiejska,ostrołęcki
1562,Dłużew,468.275,677.915,0687020,24307,wieś,Siennica-gmina miejsko-wiejska,miński
1563,Dłużka,486.851,675.693,0681626,24312,wieś,Mińsk Mazowiecki-gmina wiejska,miński
1564,Dłużniewo,538.803,590.392,0111596,24322,wieś,Baboszewo-gmina wiejska,płoński
1565,Dłużniewo Duże,534.568,573.003,0576527,24324,wieś,Staroźreby-gmina miejsko-wiejska,płocki
1566,Dźwierzno,566.003,563.139,0112012,29335,wieś,Bieżuń-gmina miejsko-wiejska,żuromiński
1567,Dźwierzno,524.711,554.420,0573575,29336,wieś,Radzanowo-gmina wiejska,płocki
1568,Edwardowo,447.722,612.476,0732507,29367,wieś,Mszczonów-gmina miejsko-wiejska,żyrardowski
1569,Edwardów,448.473,642.400,0616540,29370,wieś,Chynów-gmina wiejska,grójecki
1570,Edwardów,430.484,658.048,0621713,29372,wieś,Grabów nad Pilicą-gmina wiejska,kozienicki
1571,Edwardów,383.256,660.201,0636896,29374,wieś,Skaryszew-gmina miejsko-wiejska,radomski
1572,Elżbiecin,566.905,552.252,0119161,29438,wieś,Lutocin-gmina wiejska,żuromiński
1573,Elżbiecin,558.415,613.782,0121488,29439,kolonia,Opinogóra Górna-gmina wiejska,ciechanowski
1574,Elżbiecin,582.901,644.670,0511752,29441,wieś,Krasnosielc-gmina wiejska,makowski
1575,Elżbietów,433.266,694.288,0692430,29461,wieś,Trojanów-gmina wiejska,garwoliński
1576,Elżbietów,479.467,595.070,0738728,29459,wieś,Teresin-gmina wiejska,sochaczewski
1577,Emilianów,511.281,653.582,0007634,29501,wieś,Radzymin-gmina miejsko-wiejska,wołomiński
1578,Emilianów,511.762,537.211,0564270,29500,wieś,Gostynin-gmina wiejska,gostyniński
1579,Emilianów,494.309,567.689,0566150,29503,wieś,Iłów-gmina wiejska,sochaczewski
1580,Emilianów,410.403,604.392,0630043,29510,wieś,Odrzywół-gmina miejsko-wiejska,przysuski
1581,Emilianów,516.699,716.772,0688775,29508,wieś,Sokołów Podlaski-gmina wiejska,sokołowski
1582,Emilianów,451.625,591.014,0734759,29506,wieś,Puszcza Mariańska-gmina wiejska,żyrardowski
1583,Emilianówka,465.780,715.108,0670775,29523,wieś,Domanice-gmina wiejska,siedlecki
1584,Emilin,522.252,727.420,0685618,29526,osada leśna,Sabnie-gmina wiejska,sokołowski
1585,Emilów,422.584,661.031,0619350,29535,wieś,Głowaczów-gmina miejsko-wiejska,kozienicki
1586,Emolinek,509.912,602.893,0010369,29542,wieś,Zakroczym-gmina miejsko-wiejska,nowodworski
1587,Emowo,568.169,631.170,0517789,29543,wieś,Przasnysz-gmina wiejska,przasnyski
1588,Emów,479.630,655.980,0009930,29544,wieś,Wiązowna-gmina wiejska,otwocki
1589,Erminów,483.279,578.284,0736600,29559,wieś,Rybno-gmina wiejska,sochaczewski
1590,Eugeniów,354.756,674.065,0636301,29579,wieś,Sienno-gmina miejsko-wiejska,lipski
1591,Ewelin,449.499,673.265,0670918,29592,wieś,Garwolin-gmina wiejska,garwoliński
1592,Fabianów,435.505,616.874,0614854,29619,wieś,Błędów-gmina wiejska,grójecki
1593,Falatycze,491.009,761.130,0017408,29670,wieś,Platerów-gmina wiejska,łosicki
1594,Falatycze,490.979,762.260,1054890,236165,osada leśna,Platerów-gmina wiejska,łosicki
1595,Falbogi,490.268,692.981,0673762,29672,wieś,Kałuszyn-gmina miejsko-wiejska,miński
1596,Falbogi Borowe,517.038,611.512,0006770,29673,wieś,Pomiechówek-gmina wiejska,nowodworski
1597,Falbogi Wielkie,517.078,606.880,0129745,29674,wieś,Załuski-gmina wiejska,płoński
1598,Falenty,476.202,631.564,0007960,29686,osada,Raszyn-gmina wiejska,pruszkowski
1599,Falenty Duże,475.629,630.939,0007953,29687,wieś,Raszyn-gmina wiejska,pruszkowski
1600,Falenty Nowe,476.338,632.595,0008013,29688,wieś,Raszyn-gmina wiejska,pruszkowski
1601,Falęcice,424.528,634.044,0632740,29690,wieś,Promna-gmina wiejska,białobrzeski
1602,Falęcice-Parcela,427.707,632.475,0632970,97112,wieś,Promna-gmina wiejska,białobrzeski
1603,Falęcice-Wola,424.650,633.069,0632763,29691,wieś,Promna-gmina wiejska,białobrzeski
1604,Falęcin,476.938,614.480,0000550,29696,wieś,Brwinów-gmina miejsko-wiejska,pruszkowski
1605,Falęcin,444.424,638.014,0622173,29697,wieś,Grójec-gmina miejsko-wiejska,grójecki
1606,Famułki Brochowskie,494.723,591.844,0009610,29743,wieś,Brochów-gmina wiejska,sochaczewski
1607,Famułki Królewskie,497.590,593.264,0009633,29744,wieś,Brochów-gmina wiejska,sochaczewski
1608,Famułki Łazowskie,496.714,594.050,0009640,29745,wieś,Brochów-gmina wiejska,sochaczewski
1609,Faustynowo,548.809,590.919,0114608,29794,wieś,Glinojeck-gmina miejsko-wiejska,ciechanowski
1610,Felcyn,566.251,553.267,0119178,29813,wieś,Lutocin-gmina wiejska,żuromiński
1611,Feliksów,488.792,614.916,0004370,29847,wieś,Leszno-gmina wiejska,warszawski zachodni
1612,Feliksów,498.303,534.398,0564286,29844,wieś,Gostynin-gmina wiejska,gostyniński
1613,Feliksów,486.507,589.861,0738250,29846,wieś,Sochaczew-gmina wiejska,sochaczewski
1614,Feliksów,471.176,598.254,0739283,29849,wieś,Wiskitki-gmina miejsko-wiejska,żyrardowski
1615,Felin,483.295,761.106,0012492,29871,wieś,Huszlew-gmina wiejska,łosicki
1616,Fidest,523.489,669.713,0522833,29923,wieś,Wyszków-gmina miejsko-wiejska,wyszkowski
1617,Fidury,550.034,685.626,0516330,29928,wieś,Ostrów Mazowiecka-gmina wiejska,ostrowski
1618,Fijałkowo,572.007,633.593,0517795,29959,wieś,Przasnysz-gmina wiejska,przasnyski
1619,Filipinów,393.835,685.657,0642840,29988,wieś,Zwoleń-gmina miejsko-wiejska,zwoleński
1620,Filipy,562.782,626.889,0117179,30024,wieś,Krasne-gmina wiejska,przasnyski
1621,Filipy,500.852,698.482,0693492,30026,wieś,Wierzbno-gmina wiejska,węgrowski
1622,Filipówka,455.451,693.166,0668672,30016,wieś,Borowie-gmina wiejska,garwoliński
1623,Filochy,573.043,690.147,0508218,30032,wieś,Czerwin-gmina wiejska,ostrołęcki
1624,Fiukały,513.083,667.430,0521839,30091,wieś,Tłuszcz-gmina miejsko-wiejska,wołomiński
1625,Florencja,552.759,531.142,0571323,30153,wieś,Mochowo-gmina wiejska,sierpecki
1626,Florencja,373.483,658.141,0622658,30154,wieś,Iłża-gmina miejsko-wiejska,radomski
1627,Florianów,395.000,691.062,0631858,30175,wieś,Policzna-gmina wiejska,zwoleński
1628,Folwark-Raciąż,546.151,577.079,0123487,30401,wieś,Raciąż-gmina wiejska,płoński
1629,Franciszkowo,575.121,561.325,0130205,30503,wieś,Żuromin-gmina miejsko-wiejska,żuromiński
1630,Franciszków,504.413,668.649,0521510,30511,wieś,Tłuszcz-gmina miejsko-wiejska,wołomiński
1631,Franciszków,445.951,640.258,0616557,30517,wieś,Chynów-gmina wiejska,grójecki
1632,Franciszków,443.184,642.167,0623623,30518,wieś,Jasieniec-gmina wiejska,grójecki
1633,Franciszków,391.401,639.923,0641302,30523,wieś,Wolanów-gmina wiejska,radomski
1634,Franciszków,461.968,591.015,0739290,30514,wieś,Wiskitki-gmina miejsko-wiejska,żyrardowski
1635,Franciszków,360.797,665.412,1054305,30528,wieś,Rzeczniów-gmina wiejska,lipski
1636,Frankopol,510.962,741.208,0685400,30557,wieś,Repki-gmina wiejska,sokołowski
1637,Frankowo,576.122,633.959,0517810,30567,przysiółek,Przasnysz-gmina wiejska,przasnyski
1638,Franków,399.405,680.300,0631775,30571,wieś,Policzna-gmina wiejska,zwoleński
1639,Franopol,503.242,764.579,0018840,30580,wieś,Sarnaki-gmina wiejska,łosicki
1640,Fryszerka,388.238,615.447,0634035,30670,osada,Przysucha-gmina miejsko-wiejska,przysuski
1641,Gabryelin,456.945,642.481,0007077,30761,wieś,Prażmów-gmina wiejska,piaseczyński
1642,Gaczkowice,398.329,631.468,0634118,30842,wieś,Przytyk-gmina miejsko-wiejska,radomski
1643,Gaczkowo,548.965,708.096,0411565,30843,wieś,Zaręby Kościelne-gmina wiejska,ostrowski
1644,Gaczyska,588.582,648.890,0506060,30844,wieś,Baranowo-gmina wiejska,ostrołęcki
1645,Gadka,467.808,670.919,0674661,30909,wieś,Kołbiel-gmina wiejska,otwocki
1646,Gadomiec-Chrzczany,595.469,622.388,0507450,30920,wieś,Chorzele-gmina miejsko-wiejska,przasnyski
1647,Gadomiec-Jebieńki,595.572,620.551,0512266,30921,kolonia,Krzynowłoga Mała-gmina wiejska,przasnyski
1648,Gadomiec-Jędryki,594.806,620.773,0512250,30922,wieś,Krzynowłoga Mała-gmina wiejska,przasnyski
1649,Gadomiec-Miłocięta,596.030,620.636,0507466,30923,wieś,Chorzele-gmina miejsko-wiejska,przasnyski
1650,Gadomiec-Peronie,596.089,621.442,0507472,30924,kolonia,Chorzele-gmina miejsko-wiejska,przasnyski
1651,Gadomiec-Wyraki,594.258,621.655,0512289,30926,kolonia,Krzynowłoga Mała-gmina wiejska,przasnyski
1652,Gadomskie,611.027,666.107,0514905,30928,wieś,Myszyniec-gmina miejsko-wiejska,ostrołęcki
1653,Gaj,538.998,620.208,0128415,31024,wieś,Świercze-gmina wiejska,pułtuski
1654,Gaj,520.258,663.963,0523519,31038,wieś,Zabrodzie-gmina wiejska,wyszkowski
1655,Gaj,393.721,612.300,0633662,31108,wieś,Przysucha-gmina miejsko-wiejska,przysuski
1656,Gaj,480.845,594.056,0738734,31040,wieś,Teresin-gmina wiejska,sochaczewski
1657,Gaj Żelechowski,450.279,646.101,0616563,31179,wieś,Chynów-gmina wiejska,grójecki
1658,Gajówka,398.956,673.610,0630540,132891,osada leśna,Pionki-gmina wiejska,radomski
1659,Gajówka,380.063,612.114,0633656,172575,osada leśna,Przysucha-gmina miejsko-wiejska,przysuski
1660,Gajówka Antoniów,373.253,667.263,0622925,194473,osada leśna,Iłża-gmina miejsko-wiejska,radomski
1661,Gajówka Bernatowizna,480.855,693.745,0683000,175493,osada leśna,Mrozy-gmina miejsko-wiejska,miński
1662,Gajówka Błaziny,362.782,656.898,0623273,175574,osada leśna,Iłża-gmina miejsko-wiejska,radomski
1663,Gajówka Ciepła,532.377,670.905,0506751,17561,osada leśna,Brańszczyk-gmina wiejska,wyszkowski
1664,Gajówka Czerwonka,436.019,651.729,0621802,192786,osada leśna,Grabów nad Pilicą-gmina wiejska,kozienicki
1665,Gajówka Dobiec,381.231,669.740,0625869,196495,osada leśna,Kazanów-gmina miejsko-wiejska,zwoleński
1666,Gajówka Florianów,473.108,696.657,0682979,30178,osada leśna,Mrozy-gmina miejsko-wiejska,miński
1667,Gajówka Grabnik,545.991,681.087,1060524,37374,osada leśna,Długosiodło-gmina wiejska,wyszkowski
1668,Gajówka Gójszcz,483.902,695.018,0682732,170606,osada leśna,Mrozy-gmina miejsko-wiejska,miński
1669,Gajówka Januszno,406.733,675.116,0630787,199659,osada leśna,Pionki-gmina wiejska,radomski
1670,Gajówka Jasieniec,364.505,651.624,0623416,194433,osada leśna,Iłża-gmina miejsko-wiejska,radomski
1671,Gajówka Jastrzębia,426.146,623.617,0633171,190043,osada leśna,Promna-gmina wiejska,białobrzeski
1672,Gajówka Jaśce,404.569,665.580,0630824,194706,osada leśna,Pionki-gmina wiejska,radomski
1673,Gajówka Karpówka,405.855,664.061,0630830,170819,osada leśna,Pionki-gmina wiejska,radomski
1674,Gajówka Kruki,363.579,662.340,0623280,62559,osada leśna,Iłża-gmina miejsko-wiejska,radomski
1675,Gajówka Krzewa,364.580,649.883,0623422,199655,osada leśna,Iłża-gmina miejsko-wiejska,radomski
1676,Gajówka Lewiczyn,436.105,627.722,0614133,175441,osada leśna,Belsk Duży-gmina wiejska,grójecki
1677,Gajówka Lipniak-Majorat,546.959,679.536,0509548,168418,osada leśna,Długosiodło-gmina wiejska,wyszkowski
1678,Gajówka Maziarze,361.699,653.242,0623008,194441,osada leśna,Iłża-gmina miejsko-wiejska,radomski
1679,Gajówka Maziarze,363.127,656.863,0623296,194440,osada leśna,Iłża-gmina miejsko-wiejska,radomski
1680,Gajówka Małyszyn,361.829,650.690,0622701,194436,osada leśna,Iłża-gmina miejsko-wiejska,radomski
1681,Gajówka Michałów,431.802,637.768,0640337,79402,osada leśna,Warka-gmina miejsko-wiejska,grójecki
1682,Gajówka Modrzewina,442.780,621.078,0614200,82479,osada leśna,Belsk Duży-gmina wiejska,grójecki
1683,Gajówka Nadkole,528.931,674.316,0679115,199698,osada leśna,Łochów-gmina miejsko-wiejska,węgrowski
1684,Gajówka Natalin,532.967,668.651,0506946,175642,osada leśna,Brańszczyk-gmina wiejska,wyszkowski
1685,Gajówka Niwy,366.473,647.975,0623439,194445,osada leśna,Iłża-gmina miejsko-wiejska,radomski
1686,Gajówka Obrycie,373.656,662.088,0622931,90912,osada leśna,Iłża-gmina miejsko-wiejska,radomski
1687,Gajówka Osiny,371.045,648.096,0623184,189375,osada leśna,Iłża-gmina miejsko-wiejska,radomski
1688,Gajówka Paprotnia,427.770,658.187,0621943,192801,osada leśna,Głowaczów-gmina miejsko-wiejska,kozienicki
1689,Gajówka Pastwiska,362.910,655.423,0623304,59254,osada leśna,Iłża-gmina miejsko-wiejska,radomski
1690,Gajówka Petrykozy,453.899,615.252,0631315,98949,osada leśna,Pniewy-gmina wiejska,grójecki
1691,Gajówka Pieńki,376.480,655.916,1055300,199656,osada leśna,Iłża-gmina miejsko-wiejska,radomski
1692,Gajówka Podrzecze,374.657,663.164,0622948,106140,osada leśna,Iłża-gmina miejsko-wiejska,radomski
1693,Gajówka Posiadały,475.553,687.057,0669246,193145,osada leśna,Cegłów-gmina miejsko-wiejska,miński
1694,Gajówka Rososz,477.340,685.221,0669269,193146,osada leśna,Cegłów-gmina miejsko-wiejska,miński
1695,Gajówka Rudnik,481.395,689.426,0669281,175489,osada leśna,Cegłów-gmina miejsko-wiejska,miński
1696,Gajówka Seredzice,366.961,651.828,0623445,236266,osada leśna,Iłża-gmina miejsko-wiejska,radomski
1697,Gajówka Skwarne,477.730,688.852,0669312,170559,osada leśna,Cegłów-gmina miejsko-wiejska,miński
1698,Gajówka Sokolnik,476.359,690.042,0669186,193149,osada leśna,Cegłów-gmina miejsko-wiejska,miński
1699,Gajówka Sokołowska,500.754,523.721,0564872,170201,osada leśna,Gostynin-gmina wiejska,gostyniński
1700,Gajówka Stoki,406.259,661.563,0631002,194707,osada leśna,Pionki-gmina wiejska,radomski
1701,Gajówka Trzcianka,534.851,674.392,0506892,175638,osada leśna,Brańszczyk-gmina wiejska,wyszkowski
1702,Gajówka Wschodnia,524.004,698.017,0690915,31346,wieś,Stoczek-gmina wiejska,węgrowski
1703,Gajówka Zachodnia,524.566,694.608,0690921,31347,wieś,Stoczek-gmina wiejska,węgrowski
1704,Gajówka Zadobrze,404.531,662.095,0631232,198776,osada leśna,Pionki-gmina wiejska,radomski
1705,Gajówka Zapole,549.585,682.097,1060547,158708,osada leśna,Długosiodło-gmina wiejska,wyszkowski
1706,Gajówka Łęczeszyce,436.979,624.059,0614162,72537,osada leśna,Belsk Duży-gmina wiejska,grójecki
1707,Galomin,538.046,589.069,0111633,31398,wieś,Baboszewo-gmina wiejska,płoński
1708,Galominek,538.954,587.489,0111640,31399,wieś,Baboszewo-gmina wiejska,płoński
1709,Galominek Nowy,540.456,587.827,0111811,31400,wieś,Baboszewo-gmina wiejska,płoński
1710,Galumin,586.814,558.169,0118530,31406,wieś,Lubowidz-gmina miejsko-wiejska,żuromiński
1711,Gamratka,481.292,670.610,0681649,31501,wieś,Mińsk Mazowiecki-gmina wiejska,miński
1712,Garbatka,464.342,624.909,0004720,31601,wieś,Lesznowola-gmina wiejska,piaseczyński
1713,Garbatka Długa,406.440,684.909,0618600,31606,wieś,Garbatka-Letnisko-gmina wiejska,kozienicki
1714,Garbatka Nowa,404.266,683.955,0618616,31607,wieś,Garbatka-Letnisko-gmina wiejska,kozienicki
1715,Garbatka-Dziewiątka,406.130,686.054,0618622,31602,wieś,Garbatka-Letnisko-gmina wiejska,kozienicki
1716,Garbatka-Letnisko,406.185,682.380,0618639,31603,wieś,Garbatka-Letnisko-gmina wiejska,kozienicki
1717,Garbatka-Zbyczyn,404.874,685.486,0618668,31605,wieś,Garbatka-Letnisko-gmina wiejska,kozienicki
1718,Garczyn Duży,493.403,688.905,0673779,31686,wieś,Kałuszyn-gmina miejsko-wiejska,miński
1719,Garczyn Mały,495.114,689.952,0673785,31687,wieś,Kałuszyn-gmina miejsko-wiejska,miński
1720,Gardzienice-Kolonia,378.589,677.597,0617321,31734,wieś,Ciepielów-gmina miejsko-wiejska,lipski
1721,Garlino,581.949,604.826,0128020,168185,wieś,Szydłowo-gmina wiejska,mławski
1722,Garnek,536.220,713.483,0669499,31783,wieś,Ceranów-gmina wiejska,sokołowski
1723,Garno,390.544,637.679,0641325,31789,wieś,Wolanów-gmina wiejska,radomski
1724,Garnowo Duże,547.484,624.181,0114991,31793,wieś,Gołymin-Ośrodek-gmina wiejska,ciechanowski
1725,Garwacz,517.269,567.755,0560325,31800,wieś,Bodzanów-gmina miejsko-wiejska,płocki
1726,Garwolewo,508.746,586.305,0561891,31801,wieś,Czerwińsk nad Wisłą-gmina miejsko-wiejska,płoński
1727,Garwolin,451.106,679.859,0975285,31802,miasto,Garwolin-gmina miejska,garwoliński
1728,Gassy,470.626,650.737,0003777,31811,wieś,Konstancin-Jeziorna-gmina miejsko-wiejska,piaseczyński
1729,Gatka,568.869,589.125,0126735,31826,kolonia,Strzegowo-gmina wiejska,mławski
1730,Gatka,523.838,630.828,0129202,31827,wieś,Winnica-gmina wiejska,pułtuski
1731,Gawartowa Wola,487.237,602.449,0004386,31856,wieś,Leszno-gmina wiejska,warszawski zachodni
1732,Gawarzec Dolny,507.920,584.170,0561900,31857,wieś,Czerwińsk nad Wisłą-gmina miejsko-wiejska,płoński
1733,Gawarzec Górny,507.474,585.490,0561916,31858,wieś,Czerwińsk nad Wisłą-gmina miejsko-wiejska,płoński
1734,Gawki,566.423,700.872,0520515,31870,wieś,Stary Lubotyń-gmina wiejska,ostrowski
1735,Gaworzyna,373.126,654.202,0622664,31924,wieś,Iłża-gmina miejsko-wiejska,radomski
1736,Gawronie,390.696,639.823,0641319,31935,kolonia,Wolanów-gmina wiejska,radomski
1737,Gawłowo,527.455,614.563,0120744,31897,wieś,Nowe Miasto-gmina miejsko-wiejska,płoński
1738,Gawłów,488.822,585.616,0738266,31903,wieś,Sochaczew-gmina wiejska,sochaczewski
1739,Gawłówek,528.275,614.266,0120750,31906,wieś,Nowe Miasto-gmina miejsko-wiejska,płoński
1740,Gać,503.751,605.947,0004044,30859,wieś,Leoncin-gmina wiejska,nowodworski
1741,Gałczyn,547.906,583.050,0114650,31427,wieś,Glinojeck-gmina miejsko-wiejska,ciechanowski
1742,Gałki,390.330,604.888,0618800,31463,wieś,Gielniów-gmina miejsko-wiejska,przysuski
1743,Gałki,399.752,610.985,0635218,31462,wieś,Rusinów-gmina wiejska,przysuski
1744,Gałki,490.171,704.774,0672001,31458,wieś,Grębków-gmina wiejska,węgrowski
1745,Gałki,509.752,734.562,0684850,31460,wieś,Repki-gmina wiejska,sokołowski
1746,Gaśno,506.555,534.529,0564292,31820,wieś,Gostynin-gmina wiejska,gostyniński
1747,Gaśno,506.266,534.173,0564300,192556,osada leśna,Gostynin-gmina wiejska,gostyniński
1748,Generałowo,461.574,691.988,0677607,32256,wieś,Latowicz-gmina miejsko-wiejska,miński
1749,Gibałka,593.792,667.453,0512964,32393,wieś,Lelis-gmina wiejska,ostrołęcki
1750,Giednia,578.533,598.288,0128059,32435,wieś,Szydłowo-gmina wiejska,mławski
1751,Gielniów,393.604,602.670,0618817,32457,miasto,Gielniów-gmina miejsko-wiejska,przysuski
1752,Gierwaty,571.626,674.527,0510066,32566,wieś,Goworowo-gmina wiejska,ostrołęcki
1753,Gierwaty,570.112,661.599,0514680,32565,wieś,Młynarze-gmina wiejska,makowski
1754,Giełczyn,561.093,581.958,0126652,32474,wieś,Strzegowo-gmina wiejska,mławski
1755,Giełczynek,561.426,582.161,0126920,32478,wieś,Strzegowo-gmina wiejska,mławski
1756,Gilino,532.175,554.073,0559635,32617,wieś,Bielsk-gmina wiejska,płocki
1757,Gilówka,411.980,605.708,0629637,32634,wieś,Nowe Miasto nad Pilicą-gmina miejsko-wiejska,grójecki
1758,Gilówka Dolna,500.171,569.283,0566167,32640,wieś,Iłów-gmina wiejska,sochaczewski
1759,Gilówka Górna,499.210,569.108,0566173,32641,wieś,Iłów-gmina wiejska,sochaczewski
1760,Ginetówka,445.214,617.223,0631380,32656,wieś,Pniewy-gmina wiejska,grójecki
1761,Giżyce,492.256,573.832,0566180,32696,wieś,Iłów-gmina wiejska,sochaczewski
1762,Giżyczki,492.140,572.284,0566196,32703,wieś,Iłów-gmina wiejska,sochaczewski
1763,Giżyn,554.535,589.726,0126669,32708,wieś,Strzegowo-gmina wiejska,mławski
1764,Giżynek,555.029,587.996,0126681,32712,wieś,Strzegowo-gmina wiejska,mławski
1765,Giżyno,536.688,555.872,0559670,32715,wieś,Bielsk-gmina wiejska,płocki
1766,Gleba,595.456,658.069,0511108,32735,wieś,Kadzidło-gmina wiejska,ostrołęcki
1767,Gliczyn,446.831,641.700,0616570,32772,wieś,Chynów-gmina wiejska,grójecki
1768,Glina,472.486,661.743,0000879,32785,wieś,Celestynów-gmina wiejska,otwocki
1769,Glina,540.854,700.444,0514242,32784,wieś,Małkinia Górna-gmina miejsko-wiejska,ostrowski
1770,Glina,539.434,700.032,0514271,32800,osada leśna,Małkinia Górna-gmina miejsko-wiejska,ostrowski
1771,Glina,360.423,689.538,0637559,32789,wieś,Solec nad Wisłą-gmina miejsko-wiejska,lipski
1772,Glina,526.842,704.866,0681218,32786,wieś,Miedzna-gmina wiejska,węgrowski
1773,Gliniak,479.948,674.987,0681655,32805,wieś,Mińsk Mazowiecki-gmina wiejska,miński
1774,Glinianka,476.642,665.370,0009969,32830,wieś,Wiązowna-gmina wiejska,otwocki
1775,Glinice,405.191,628.511,0634124,32910,wieś,Przytyk-gmina miejsko-wiejska,radomski
1776,Glinice Wielkie,529.673,630.059,0129225,32917,wieś,Winnica-gmina wiejska,pułtuski
1777,Glinice-Domaniewo,529.053,630.699,0129219,32916,wieś,Winnica-gmina wiejska,pułtuski
1778,Gliniec,395.707,616.204,0633679,32921,wieś,Przysucha-gmina miejsko-wiejska,przysuski
1779,Glinki,462.606,653.435,0003441,33053,wieś,Karczew-gmina miejsko-wiejska,otwocki
1780,Glinki,595.380,649.741,0506076,33055,wieś,Baranowo-gmina wiejska,ostrołęcki
1781,Glinki,448.506,694.509,0680897,33056,wieś,Miastków Kościelny-gmina wiejska,garwoliński
1782,Glinki,473.854,583.652,0733620,33050,wieś,Nowa Sucha-gmina wiejska,sochaczewski
1783,Glinki-Rafały,575.810,655.652,0520857,33099,wieś,Sypniewo-gmina wiejska,makowski
1784,Glinojeck,551.201,586.990,0114620,33165,miasto,Glinojeck-gmina miejsko-wiejska,ciechanowski
1785,Glącka,571.675,658.689,0520840,32730,wieś,Sypniewo-gmina wiejska,makowski
1786,Gnaty,587.476,672.388,0512987,33994,wieś,Lelis-gmina wiejska,ostrołęcki
1787,Gnaty,538.189,547.937,0565133,119053,wieś,Gozdowo-gmina wiejska,sierpecki
1788,Gnaty-Lewiski,533.513,630.432,0129231,33996,wieś,Winnica-gmina wiejska,pułtuski
1789,Gnaty-Szczerbaki,533.767,627.715,0129248,33998,wieś,Winnica-gmina wiejska,pułtuski
1790,Gnaty-Wieśniany,534.710,629.257,0129254,33999,wieś,Winnica-gmina wiejska,pułtuski
1791,Gniazdków,380.041,695.152,0616178,34005,wieś,Chotcza-gmina wiejska,lipski
1792,Gniazdowo,567.485,693.776,0520521,34012,wieś,Stary Lubotyń-gmina wiejska,ostrowski
1793,Gniejewice,438.561,633.127,0623630,34022,wieś,Jasieniec-gmina wiejska,grójecki
1794,Gniewkowo,522.176,576.144,0561431,34038,wieś,Bulkowo-gmina wiejska,płocki
1795,Gniewniewice Folwarczne,505.934,603.718,0004067,34041,wieś,Leoncin-gmina wiejska,nowodworski
1796,Gniewoszów,404.595,695.258,0619981,34053,wieś,Gniewoszów-gmina wiejska,kozienicki
1797,Gnojno,548.177,645.469,0123040,34111,wieś,Pułtusk-gmina miejsko-wiejska,pułtuski
1798,Gocław,463.405,675.460,0683884,34132,wieś,Pilawa-gmina miejsko-wiejska,garwoliński
1799,Gocłowo,520.200,569.645,0561448,34138,wieś,Bulkowo-gmina wiejska,płocki
1800,Gocły,565.570,683.149,0508224,34139,wieś,Czerwin-gmina wiejska,ostrołęcki
1801,Godacze,561.057,631.129,0117469,34159,kolonia,Krasne-gmina wiejska,przasnyski
1802,Godacze,537.456,620.516,0128444,34160,wieś,Świercze-gmina wiejska,pułtuski
1803,Godlewo Wielkie,546.444,723.416,0402661,34191,wieś,Nur-gmina wiejska,ostrowski
1804,Godlewo-Baćki,552.342,730.404,0395151,34181,wieś,Boguty-Pianki-gmina wiejska,ostrowski
1805,Godlewo-Gorzejewo,552.664,715.012,0407629,34182,wieś,Andrzejewo-gmina wiejska,ostrowski
1806,Godlewo-Gudosze,548.921,721.609,0407635,34183,wieś,Szulborze Wielkie-gmina wiejska,ostrowski
1807,Godlewo-Mierniki,544.744,722.521,0402626,34186,wieś,Nur-gmina wiejska,ostrowski
1808,Godlewo-Milewek,543.569,724.522,0402649,34187,wieś,Nur-gmina wiejska,ostrowski
1809,Godlewo-Warsze,545.337,722.486,0402655,34190,wieś,Nur-gmina wiejska,ostrowski
1810,Godlewo-Łuby,546.892,726.242,0395168,34185,wieś,Boguty-Pianki-gmina wiejska,ostrowski
1811,Godzimierz,425.111,601.559,0629643,34240,wieś,Nowe Miasto nad Pilicą-gmina miejsko-wiejska,grójecki
1812,Godzisz,411.612,651.402,0624670,34244,wieś,Jedlińsk-gmina wiejska,radomski
1813,Godzisz,429.699,683.695,0688249,34243,wieś,Sobolew-gmina wiejska,garwoliński
1814,Gogol-Gajówka,564.040,666.923,1056770,199582,osada leśna,Goworowo-gmina wiejska,ostrołęcki
1815,Gogole Wielkie,553.343,622.120,0115016,34273,wieś,Gołymin-Ośrodek-gmina wiejska,ciechanowski
1816,Gogole-Steczki,553.077,622.992,0115022,34272,osada,Gołymin-Ośrodek-gmina wiejska,ciechanowski
1817,Golanka,603.108,667.072,0511120,34359,wieś,Kadzidło-gmina wiejska,ostrołęcki
1818,Golanki Górne,520.240,566.544,0561454,34366,wieś,Bulkowo-gmina wiejska,płocki
1819,Golany,570.263,623.483,0517826,34369,wieś,Przasnysz-gmina wiejska,przasnyski
1820,Gole,478.802,602.219,0722940,34412,wieś,Baranów-gmina wiejska,grodziski
1821,Golejewo,536.611,546.115,0565140,34428,wieś,Gozdowo-gmina wiejska,sierpecki
1822,Goleszyn,546.727,548.561,0574787,34467,wieś,Sierpc-gmina wiejska,sierpecki
1823,Golianki,437.617,618.837,0614883,34490,wieś,Błędów-gmina wiejska,grójecki
1824,Goliany,438.479,620.634,0614890,34491,wieś,Błędów-gmina wiejska,grójecki
1825,Goliaty,579.888,547.447,0118546,34493,wieś,Lubowidz-gmina miejsko-wiejska,żuromiński
1826,Golice,487.241,728.309,0686612,34503,wieś,Siedlce-gmina wiejska,siedlecki
1827,Golice-Kolonia,487.907,729.572,0686629,34505,wieś,Siedlce-gmina wiejska,siedlecki
1828,Golądkowo,534.108,634.759,0129260,34377,wieś,Winnica-gmina wiejska,pułtuski
1829,Golędzin,396.435,637.873,0642342,34478,wieś,Zakrzew-gmina wiejska,radomski
1830,Gongolina,479.733,599.369,0722957,34892,wieś,Baranów-gmina wiejska,grodziski
1831,Gorysze,560.011,603.505,0112443,35086,wieś,Ciechanów-gmina wiejska,ciechanowski
1832,Goryń,410.708,657.428,0624232,35081,wieś,Jastrzębia-gmina wiejska,radomski
1833,Gorzanka,489.022,669.932,0670060,35095,wieś,Dębe Wielkie-gmina wiejska,miński
1834,Gorzechowo,530.417,532.454,0560845,35106,wieś,Brudzeń Duży-gmina wiejska,płocki
1835,Gorzewnica,501.805,593.896,0009722,35138,wieś,Brochów-gmina wiejska,sochaczewski
1836,Gorzewo,512.969,534.513,0564317,35141,wieś,Gostynin-gmina wiejska,gostyniński
1837,Gorzewo,550.435,545.872,0574801,35142,wieś,Sierpc-gmina wiejska,sierpecki
1838,Gorzewo-Kolonia,504.253,543.870,0577722,35143,wieś,Szczawin Kościelny-gmina wiejska,gostyniński
1839,Gorzeń,566.124,542.932,0578325,35126,wieś,Szczutowo-gmina wiejska,sierpecki
1840,Gorąca,563.236,626.102,0117185,34971,wieś,Krasne-gmina wiejska,przasnyski
1841,Goski-Wąsosze,588.737,623.704,0512295,32160,wieś,Krzynowłoga Mała-gmina wiejska,przasnyski
1842,Gostchorz,469.918,726.349,0694445,35258,wieś,Wiśniew-gmina wiejska,siedlecki
1843,Gostery,572.801,695.391,0508230,35261,wieś,Czerwin-gmina wiejska,ostrołęcki
1844,Gostkowo,555.599,617.467,0115453,35272,wieś,Gołymin-Ośrodek-gmina wiejska,ciechanowski
1845,Gostkowo,551.891,719.015,0407641,35274,wieś,Szulborze Wielkie-gmina wiejska,ostrowski
1846,Gostkowo,547.519,652.554,0515158,35273,wieś,Obryte-gmina wiejska,pułtuski
1847,Gostkowo,567.567,628.471,0517832,35275,wieś,Przasnysz-gmina wiejska,przasnyski
1848,Gostolin,514.779,602.879,0129768,35284,wieś,Załuski-gmina wiejska,płoński
1849,Gostomia,418.199,613.061,0629650,35289,wieś,Nowe Miasto nad Pilicą-gmina miejsko-wiejska,grójecki
1850,Gostomin,549.227,601.158,0121100,35295,wieś,Ojrzeń-gmina wiejska,ciechanowski
1851,Gostynin,507.136,531.398,0968977,35323,miasto,Gostynin-gmina miejska,gostyniński
1852,Goszczewice,400.696,624.820,0634130,35345,wieś,Przytyk-gmina miejsko-wiejska,radomski
1853,Goszczk,557.713,576.243,0125262,35349,kolonia,Siemiątkowo-gmina wiejska,żuromiński
1854,Goszczyce Poświętne,544.053,591.241,0111656,35354,wieś,Baboszewo-gmina wiejska,płoński
1855,Goszczyce Średnie,542.612,591.751,0111662,35355,wieś,Baboszewo-gmina wiejska,płoński
1856,Goszczyn,431.130,627.947,0620441,35358,wieś,Goszczyn-gmina wiejska,grójecki
1857,Goszczyno,533.326,574.052,0576556,35365,wieś,Staroźreby-gmina miejsko-wiejska,płocki
1858,Gotardy,541.827,621.471,0115909,35528,wieś,Gzy-gmina wiejska,pułtuski
1859,Goworki,582.797,675.545,0519417,35547,wieś,Rzekuń-gmina wiejska,ostrołęcki
1860,Goworowo,562.551,671.944,0510072,35549,wieś,Goworowo-gmina wiejska,ostrołęcki
1861,Goworowo,508.292,596.486,0561939,35550,wieś,Czerwińsk nad Wisłą-gmina miejsko-wiejska,płoński
1862,Goworówek,563.162,672.496,0510089,35553,wieś,Goworowo-gmina wiejska,ostrołęcki
1863,Gozdawa,365.104,675.868,0636318,35566,wieś,Sienno-gmina miejsko-wiejska,lipski
1864,Gozdków,385.880,629.997,0630468,35576,wieś,Orońsko-gmina wiejska,szydłowiecki
1865,Gozdowo,539.878,546.562,0565179,35588,wieś,Gozdowo-gmina wiejska,sierpecki
1866,Gozdy,554.089,532.738,0571330,35598,wieś,Mochowo-gmina wiejska,sierpecki
1867,Gołas,497.767,544.463,0577691,34596,wieś,Szczawin Kościelny-gmina wiejska,gostyniński
1868,Gołaszew,484.001,619.484,0005807,34603,wieś,Ożarów Mazowiecki-gmina miejsko-wiejska,warszawski zachodni
1869,Goławice,515.893,615.677,1056445,199578,osada leśna,Pomiechówek-gmina wiejska,nowodworski
1870,Goławice Drugie,516.217,615.462,0006787,34618,wieś,Pomiechówek-gmina wiejska,nowodworski
1871,Goławice Pierwsze,517.621,614.464,0006793,34619,wieś,Pomiechówek-gmina wiejska,nowodworski
1872,Goławin,508.281,598.879,0561922,34622,wieś,Czerwińsk nad Wisłą-gmina miejsko-wiejska,płoński
1873,Gołełąki,463.052,687.297,0677613,34678,wieś,Latowicz-gmina miejsko-wiejska,miński
1874,Gołków,465.775,635.143,0006296,34758,wieś,Piaseczno-gmina miejsko-wiejska,piaseczyński
1875,Gołocin,541.229,556.303,0579431,34770,wieś,Zawidz-gmina wiejska,sierpecki
1876,Gołoniwy,567.899,644.871,0517358,34791,wieś,Płoniawy-Bramura-gmina wiejska,makowski
1877,Gołosze,434.105,611.410,0614914,34800,wieś,Błędów-gmina wiejska,grójecki
1878,Gołosze,412.514,627.252,0635017,34801,wieś,Radzanów-gmina wiejska,białobrzeski
1879,Gołotczyzna,548.382,613.973,0126161,34804,wieś,Sońsk-gmina wiejska,ciechanowski
1880,Gołoty,552.358,605.737,0112420,34806,wieś,Ciechanów-gmina wiejska,ciechanowski
1881,Gołuszyn,564.693,566.429,0112029,34843,wieś,Bieżuń-gmina miejsko-wiejska,żuromiński
1882,Gołymin-Ośrodek,550.834,626.053,0115039,34859,wieś,Gołymin-Ośrodek-gmina wiejska,ciechanowski
1883,Gołymin-Południe,549.588,625.585,0115045,34860,wieś,Gołymin-Ośrodek-gmina wiejska,ciechanowski
1884,Gołymin-Północ,551.540,627.298,0115051,34861,wieś,Gołymin-Ośrodek-gmina wiejska,ciechanowski
1885,Gołystok,543.087,658.821,0518820,34866,wieś,Rząśnik-gmina wiejska,wyszkowski
1886,Gołąbek,474.326,718.354,0687570,34639,wieś,Skórzec-gmina wiejska,siedlecki
1887,Gołębie,533.112,619.698,0128473,34690,wieś,Świercze-gmina wiejska,pułtuski
1888,Gołębie-Leśniewo,552.767,713.986,0394565,34694,wieś,Andrzejewo-gmina wiejska,ostrowski
1889,Gołębiów,441.844,642.242,0623646,34714,wieś,Jasieniec-gmina wiejska,grójecki
1890,Gołębiów,372.619,684.225,0628023,34716,wieś,Lipsko-gmina miejsko-wiejska,lipski
1891,Gołębiówka,483.213,697.096,0673791,34725,wieś,Kałuszyn-gmina miejsko-wiejska,miński
1892,Gończyce,438.789,688.519,0688255,34918,wieś,Sobolew-gmina wiejska,garwoliński
1893,Gościejewo,548.191,637.373,0116872,35393,wieś,Karniewo-gmina wiejska,makowski
1894,Gościewicz,456.383,695.159,0668726,35422,wieś,Borowie-gmina wiejska,garwoliński
1895,Gościeńczyce,451.862,634.172,0622196,35404,wieś,Grójec-gmina miejsko-wiejska,grójecki
1896,Gościmin Wielki,538.750,610.890,0120767,35437,wieś,Nowe Miasto-gmina miejsko-wiejska,płoński
1897,Gościniec,363.957,666.830,0635508,35452,wieś,Rzeczniów-gmina wiejska,lipski
1898,Gościniec,361.291,669.394,0635610,193014,osada,Rzeczniów-gmina wiejska,lipski
1899,Gościniec Siennieński,362.817,690.631,0637861,35481,kolonia,Solec nad Wisłą-gmina miejsko-wiejska,lipski
1900,Gościszka,584.026,567.262,0117713,35504,wieś,Kuczbork-Osada-gmina wiejska,żuromiński
1901,Gościszka-Baraki,585.088,564.599,1060292,198352,wieś,Kuczbork-Osada-gmina wiejska,żuromiński
1902,Goślice,527.039,554.206,0559693,35510,wieś,Bielsk-gmina wiejska,płocki
1903,Gośniewice,438.458,634.492,0623652,35523,wieś,Jasieniec-gmina wiejska,grójecki
1904,Gośniewice,442.125,647.984,0640159,35483,wieś,Warka-gmina miejsko-wiejska,grójecki
1905,Goździe,566.904,618.937,0121494,35610,wieś,Opinogóra Górna-gmina wiejska,ciechanowski
1906,Goździk,452.681,687.877,0671639,35615,wieś,Górzno-gmina wiejska,garwoliński
1907,Goździków,392.626,608.878,0618830,35620,wieś,Gielniów-gmina miejsko-wiejska,przysuski
1908,Goździówka,492.522,669.265,0689935,35626,wieś,Stanisławów-gmina miejsko-wiejska,miński
1909,Goźlin Górny,449.973,659.557,0693865,35631,wieś,Wilga-gmina wiejska,garwoliński
1910,Goźlin Mały,449.914,658.893,0693919,35632,wieś,Wilga-gmina wiejska,garwoliński
1911,Grabal,563.392,536.097,0578348,37008,wieś,Szczutowo-gmina wiejska,sierpecki
1912,Grabce Józefpolskie,458.944,603.247,0732520,37041,wieś,Mszczonów-gmina miejsko-wiejska,żyrardowski
1913,Grabce Wręckie,457.199,599.431,0732542,37042,wieś,Mszczonów-gmina miejsko-wiejska,żyrardowski
1914,Grabce-Towarzystwo,458.351,599.658,0732536,37040,wieś,Mszczonów-gmina miejsko-wiejska,żyrardowski
1915,Grabianka,458.499,669.089,0683140,37074,wieś,Osieck-gmina miejsko-wiejska,otwocki
1916,Grabianów,479.677,724.172,0686635,37079,wieś,Siedlce-gmina wiejska,siedlecki
1917,Grabie,529.289,609.858,0120773,37102,wieś,Nowe Miasto-gmina miejsko-wiejska,płoński
1918,Grabie Polskie,508.788,551.675,0563810,37128,wieś,Gąbin-gmina miejsko-wiejska,płocki
1919,Grabienice Małe,562.354,591.449,0126698,37136,wieś,Strzegowo-gmina wiejska,mławski
1920,Grabienice Wielkie,562.932,590.811,0126706,37137,wieś,Strzegowo-gmina wiejska,mławski
1921,Grabina,488.017,658.268,0002743,37181,wieś,Halinów-gmina miejsko-wiejska,miński
1922,Grabina,492.592,606.951,0004392,37179,wieś,Leszno-gmina wiejska,warszawski zachodni
1923,Grabina,513.022,545.048,0569480,37171,wieś,Łąck-gmina wiejska,płocki
1924,Grabina,453.076,647.490,0616586,37187,wieś,Chynów-gmina wiejska,grójecki
1925,Grabina,430.768,654.883,0621720,37195,wieś,Grabów nad Pilicą-gmina wiejska,kozienicki
1926,Grabina,381.826,648.814,0626975,37205,wieś,Kowala-gmina wiejska,radomski
1927,Grabina,410.583,623.207,0634800,37200,wieś,Radzanów-gmina wiejska,białobrzeski
1928,Grabina,385.837,660.583,0636979,37206,wieś,Skaryszew-gmina miejsko-wiejska,radomski
1929,Grabina,443.012,673.526,0678340,37194,wieś,Łaskarzew-gmina wiejska,garwoliński
1930,Grabina,476.480,675.300,0681661,37185,wieś,Mińsk Mazowiecki-gmina wiejska,miński
1931,Grabina Radziwiłłowska,460.938,587.743,0734771,37241,wieś,Puszcza Mariańska-gmina wiejska,żyrardowski
1932,Grabiny,532.396,688.673,0685788,37265,wieś,Sadowne-gmina wiejska,węgrowski
1933,Grabiny,526.394,694.836,0691168,37266,kolonia,Stoczek-gmina wiejska,węgrowski
1934,Grabniak,496.232,680.446,0670321,37325,wieś,Dobre-gmina miejsko-wiejska,miński
1935,Grabniak,430.807,686.302,0688290,37328,wieś,Sobolew-gmina wiejska,garwoliński
1936,Grabnik,491.180,596.062,0003168,37346,wieś,Kampinos-gmina wiejska,warszawski zachodni
1937,Grabnik,583.224,660.191,0515833,37350,wieś,Olszewo-Borki-gmina wiejska,ostrołęcki
1938,Grabnik,473.006,605.537,0728492,37349,wieś,Jaktorów-gmina wiejska,grodziski
1939,Grabnowola,424.505,660.991,0619372,37390,wieś,Głowaczów-gmina miejsko-wiejska,kozienicki
1940,Grabnowola-Kolonia,424.629,660.621,0619389,192698,wieś,Głowaczów-gmina miejsko-wiejska,kozienicki
1941,Grabowa,405.663,622.602,0632332,37407,wieś,Potworów-gmina wiejska,przysuski
1942,Grabowa,397.411,608.475,0635224,37409,wieś,Rusinów-gmina wiejska,przysuski
1943,Grabowiec,499.987,563.020,0575321,37479,wieś,Słubice-gmina wiejska,płocki
1944,Grabowiec,362.100,667.319,0635514,37488,wieś,Rzeczniów-gmina wiejska,lipski
1945,Grabowiec,497.728,734.867,0683430,37484,wieś,Paprotnia-gmina wiejska,siedlecki
1946,Grabowiec,524.964,691.197,0690938,37483,wieś,Stoczek-gmina wiejska,węgrowski
1947,Grabownica,588.890,653.145,0506120,37530,kolonia,Baranowo-gmina wiejska,ostrołęcki
1948,Grabowo,547.974,713.313,0411588,37560,wieś,Zaręby Kościelne-gmina wiejska,ostrowski
1949,Grabowo,569.471,674.491,0510037,37559,wieś,Goworowo-gmina wiejska,ostrołęcki
1950,Grabowo,582.074,648.528,0511769,37568,wieś,Krasnosielc-gmina wiejska,makowski
1951,Grabowo,579.998,668.849,0515840,37569,wieś,Olszewo-Borki-gmina wiejska,ostrołęcki
1952,Grabowo,577.669,631.891,0517855,37567,wieś,Przasnysz-gmina wiejska,przasnyski
1953,Grabowo,552.059,557.285,0579454,37557,wieś,Zawidz-gmina wiejska,sierpecki
1954,Grabowo Gęsie,562.644,624.416,0117200,37583,kolonia,Krasne-gmina wiejska,przasnyski
1955,Grabowo Wielkie,562.889,623.517,0117191,37589,wieś,Krasne-gmina wiejska,przasnyski
1956,Grabowo-Grądy,596.932,618.217,0512310,37573,kolonia,Krzynowłoga Mała-gmina wiejska,przasnyski
1957,Grabowo-Rżańce,595.055,617.450,1057611,37577,wieś,Krzynowłoga Mała-gmina wiejska,przasnyski
1958,Grabowo-Skorupki,595.824,617.861,0512303,37579,wieś,Krzynowłoga Mała-gmina wiejska,przasnyski
1959,Grabowo-Zawady,596.375,616.731,0512349,37580,wieś,Krzynowłoga Mała-gmina wiejska,przasnyski
1960,Grabowska Wola,430.407,656.648,0621742,37596,wieś,Grabów nad Pilicą-gmina wiejska,kozienicki
1961,Grabowska Wola,406.706,623.755,0632355,37597,wieś,Potworów-gmina wiejska,przysuski
1962,Grabowy Las,418.203,648.942,0638731,37620,wieś,Stromiec-gmina wiejska,białobrzeski
1963,Grabszczyzna,506.886,674.278,0691872,37741,wieś,Strachówka-gmina wiejska,wołomiński
1964,Grabów,507.534,669.923,0521584,37629,wieś,Tłuszcz-gmina miejsko-wiejska,wołomiński
1965,Grabów,432.883,650.631,0621788,172498,osada,Grabów nad Pilicą-gmina wiejska,kozienicki
1966,Grabów Nowy,432.055,655.818,0621914,37636,wieś,Grabów nad Pilicą-gmina wiejska,kozienicki
1967,Grabów Zaleśny,434.706,653.249,0621794,37642,wieś,Grabów nad Pilicą-gmina wiejska,kozienicki
1968,Grabów nad Pilicą,431.139,653.682,0621771,37637,wieś,Grabów nad Pilicą-gmina wiejska,kozienicki
1969,Grabów nad Wisłą,391.025,686.171,0633283,37639,wieś,Przyłęk-gmina wiejska,zwoleński
1970,Grabówek,585.807,655.927,0515856,37654,wieś,Olszewo-Borki-gmina wiejska,ostrołęcki
1971,Grabówiec,549.531,603.871,0121117,37661,wieś,Ojrzeń-gmina wiejska,ciechanowski
1972,Grabówiec,536.698,642.927,0123062,172580,wieś,Pułtusk-gmina miejsko-wiejska,pułtuski
1973,Grabówiec,549.207,534.856,0571346,37660,wieś,Mochowo-gmina wiejska,sierpecki
1974,Grabówko,561.473,624.610,0117222,217688,kolonia,Krasne-gmina wiejska,przasnyski
1975,Gracjanów,427.617,623.976,0629318,37757,wieś,Mogielnica-gmina miejsko-wiejska,grójecki
1976,Gradzanowo Kościelne,559.668,573.446,0125279,37800,wieś,Siemiątkowo-gmina wiejska,żuromiński
1977,Gradzanowo Włościańskie,560.505,576.052,0124251,37802,wieś,Radzanów-gmina wiejska,mławski
1978,Gradzanowo Zbęskie,559.354,575.032,0124274,37803,wieś,Radzanów-gmina wiejska,mławski
1979,Gradzanowo Zbęskie-Kolonia,557.779,574.818,1064002,193195,wieś,Radzanów-gmina wiejska,mławski
1980,Grala-Dąbrowizna,472.070,712.990,0687586,37823,wieś,Skórzec-gmina wiejska,siedlecki
1981,Grale,601.116,672.549,0511137,37826,wieś,Kadzidło-gmina wiejska,ostrołęcki
1982,Grale,602.560,670.554,0511143,37825,osada leśna,Kadzidło-gmina wiejska,ostrołęcki
1983,Granica,492.291,598.368,0003122,37848,wieś,Kampinos-gmina wiejska,warszawski zachodni
1984,Granica,476.204,623.536,0005196,37850,wieś,Michałowice-gmina wiejska,pruszkowski
1985,Granice,481.902,597.441,0738740,37898,wieś,Teresin-gmina wiejska,sochaczewski
1986,Grażyna,443.809,654.624,0640165,38223,wieś,Warka-gmina miejsko-wiejska,grójecki
1987,Grechów,362.474,671.568,0635572,38433,wieś,Rzeczniów-gmina wiejska,lipski
1988,Grobice,452.796,645.798,0616592,38553,wieś,Chynów-gmina wiejska,grójecki
1989,Grochowa,461.496,636.260,0006310,38657,wieś,Piaseczno-gmina miejsko-wiejska,piaseczyński
1990,Grochy-Imbrzyki,550.212,631.430,0115915,38711,wieś,Gzy-gmina wiejska,pułtuski
1991,Grochy-Serwatki,545.337,629.527,0115938,38716,wieś,Gzy-gmina wiejska,pułtuski
1992,Grochów Szlachecki,508.236,712.502,0688781,38704,wieś,Sokołów Podlaski-gmina wiejska,sokołowski
1993,Grochów Włościański,508.400,712.157,0688812,195797,wieś,Sokołów Podlaski-gmina wiejska,sokołowski
1994,Grochówka,470.961,750.112,0696378,38706,wieś,Zbuczyn-gmina wiejska,siedlecki
1995,Grochówka,472.664,750.137,0696384,38707,kolonia,Zbuczyn-gmina wiejska,siedlecki
1996,Grodkowo,508.923,582.828,0579129,38731,wieś,Wyszogród-gmina miejsko-wiejska,płocki
1997,Grodkowo-Włóki,549.390,547.674,0574818,38733,wieś,Sierpc-gmina wiejska,sierpecki
1998,Grodkowo-Zawisze,550.493,548.243,0574824,38734,wieś,Sierpc-gmina wiejska,sierpecki
1999,Grodkówko,507.662,582.632,0579170,38742,wieś,Wyszogród-gmina miejsko-wiejska,płocki
2000,Grodnia,537.900,535.743,0571352,38751,wieś,Mochowo-gmina wiejska,sierpecki
2001,Grodzick-Ołdaki,561.757,720.463,0394571,38784,wieś,Andrzejewo-gmina wiejska,ostrowski
2002,Grodziczno,545.607,665.586,0518850,38786,wieś,Rząśnik-gmina wiejska,wyszkowski
2003,Grodziec,511.974,593.853,0561945,38807,wieś,Czerwińsk nad Wisłą-gmina miejsko-wiejska,płoński
2004,Grodzisk,499.508,702.861,0672047,38836,wieś,Grębków-gmina wiejska,węgrowski
2005,Grodzisk,480.934,695.338,0682749,38834,wieś,Mrozy-gmina miejsko-wiejska,miński
2006,Grodzisk,518.413,725.217,0685506,38835,wieś,Sabnie-gmina wiejska,sokołowski
2007,Grodzisk,472.480,734.188,0696390,38837,wieś,Zbuczyn-gmina wiejska,siedlecki
2008,Grodzisk Duży,569.858,683.580,0508247,38840,wieś,Czerwin-gmina wiejska,ostrołęcki
2009,Grodzisk Mazowiecki,472.079,611.327,0920380,38842,miasto,Grodzisk Mazowiecki-gmina miejsko-wiejska,grodziski
2010,Grodzisk Mały,560.714,671.858,0510103,38841,wieś,Goworowo-gmina wiejska,ostrołęcki
2011,Grodzisk-Wieś,570.551,682.586,0508253,38839,wieś,Czerwin-gmina wiejska,ostrołęcki
2012,Grodziska,523.172,527.736,0572080,38850,wieś,Nowy Duninów-gmina wiejska,płocki
2013,Grodzisko,413.780,643.598,0638116,38899,wieś,Stara Błotnica-gmina wiejska,białobrzeski
2014,Gromadzyn,534.800,600.240,0125760,39028,wieś,Sochocin-gmina miejsko-wiejska,płoński
2015,Gromice,516.422,576.601,0560348,39036,wieś,Bodzanów-gmina miejsko-wiejska,płocki
2016,Gromin,541.811,635.548,0123079,39039,wieś,Pułtusk-gmina miejsko-wiejska,pułtuski
2017,Groszowice,396.988,658.699,0625384,39261,wieś,Jedlnia-Letnisko-gmina miejsko-wiejska,radomski
2018,Grotki,410.712,624.602,0634785,39268,wieś,Radzanów-gmina wiejska,białobrzeski
2019,Grotów,439.699,626.953,0614038,39289,wieś,Belsk Duży-gmina wiejska,grójecki
2020,Grubale,481.281,731.457,0686641,39433,wieś,Siedlce-gmina wiejska,siedlecki
2021,Grucele,580.006,682.504,0522075,39451,wieś,Troszyn-gmina wiejska,ostrołęcki
2022,Grudunki,551.356,660.116,0519765,39490,wieś,Rzewnie-gmina wiejska,makowski
2023,Grudusk,578.281,608.853,0115499,39491,wieś,Grudusk-gmina wiejska,ciechanowski
2024,Grudusk-Brzozowo,580.011,607.496,0115507,39493,przysiółek,Grudusk-gmina wiejska,ciechanowski
2025,Grudusk-Olszak,580.030,608.023,0115513,39494,przysiółek,Grudusk-gmina wiejska,ciechanowski
2026,Grudzkowola,442.917,628.260,0622204,39531,wieś,Grójec-gmina miejsko-wiejska,grójecki
2027,Grudów,475.907,615.505,0000566,39486,wieś,Brwinów-gmina miejsko-wiejska,pruszkowski
2028,Gruszczyn,365.906,683.134,0628046,39602,wieś,Lipsko-gmina miejsko-wiejska,lipski
2029,Gruszczyn,441.810,660.527,0628721,39601,wieś,Magnuszew-gmina miejsko-wiejska,kozienicki
2030,Gruszczyno,517.643,697.281,0690944,39606,wieś,Stoczek-gmina wiejska,węgrowski
2031,Grygrów,518.937,695.329,0690950,39696,wieś,Stoczek-gmina wiejska,węgrowski
2032,Gryty,569.911,569.850,1055782,39707,osada,Szreńsk-gmina wiejska,mławski
2033,Gryzów,408.851,643.001,0624999,39712,wieś,Jedlińsk-gmina wiejska,radomski
2034,Grzanka,555.328,642.411,0521160,39735,wieś,Szelków-gmina wiejska,makowski
2035,Grzebowilk,465.061,676.584,0683921,39793,kolonia,Pilawa-gmina miejsko-wiejska,garwoliński
2036,Grzebowilk,475.257,673.961,0687089,39792,wieś,Siennica-gmina miejsko-wiejska,miński
2037,Grzebsk,596.121,606.016,0128830,39794,wieś,Wieczfnia Kościelna-gmina wiejska,mławski
2038,Grzegorzewice,434.651,646.223,0640550,39812,wieś,Warka-gmina miejsko-wiejska,grójecki
2039,Grzegorzewice,457.226,611.466,0740406,39811,wieś,Żabia Wola-gmina wiejska,grodziski
2040,Grzmiąca,417.434,622.388,0641880,39917,wieś,Wyśmierzyce-gmina miejsko-wiejska,białobrzeski
2041,Grzmiąca,460.806,613.565,0740429,39916,wieś,Żabia Wola-gmina wiejska,grodziski
2042,Grzmucin,390.225,659.100,0621021,39928,wieś,Gózd-gmina wiejska,radomski
2043,Grzybowo,553.255,581.985,0123518,40019,wieś,Raciąż-gmina wiejska,płoński
2044,Grzybowo,562.175,605.476,0124481,40018,wieś,Regimin-gmina wiejska,ciechanowski
2045,Grzybowo,589.297,599.970,0128846,40017,wieś,Wieczfnia Kościelna-gmina wiejska,mławski
2046,Grzybowo-Kapuśnik,589.505,602.277,0128869,40022,wieś,Wieczfnia Kościelna-gmina wiejska,mławski
2047,Grzybów,499.930,763.502,0018856,40032,wieś,Sarnaki-gmina wiejska,łosicki
2048,Grzybów,499.533,566.031,0575344,40031,wieś,Słubice-gmina wiejska,płocki
2049,Grzybów,437.369,662.711,0628750,40033,wieś,Magnuszew-gmina miejsko-wiejska,kozienicki
2050,Grzymały,520.467,712.319,0676000,40066,wieś,Kosów Lacki-gmina miejsko-wiejska,sokołowski
2051,Grzymek,462.488,610.948,0740435,40068,wieś,Żabia Wola-gmina wiejska,grodziski
2052,Grzędy,461.987,626.792,0009113,39884,wieś,Tarczyn-gmina miejsko-wiejska,piaseczyński
2053,Gródek,402.981,685.612,0631864,167986,wieś,Policzna-gmina wiejska,zwoleński
2054,Gródek,518.259,738.057,0672633,39333,wieś,Jabłonna Lacka-gmina wiejska,sokołowski
2055,Gródek Nowy,542.329,656.934,0515218,90042,wieś,Obryte-gmina wiejska,pułtuski
2056,Gródek Rządowy,541.243,655.701,0515164,39362,wieś,Obryte-gmina wiejska,pułtuski
2057,Gródek-Dwór,517.263,737.933,0672679,39357,wieś,Jabłonna Lacka-gmina wiejska,sokołowski
2058,Grójec,576.210,620.650,0113075,39403,wieś,Czernice Borowe-gmina wiejska,przasnyski
2059,Grójec,446.002,628.487,0973352,39404,miasto,Grójec-gmina miejsko-wiejska,grójecki
2060,Grąbczewo,517.543,590.717,0119416,38227,wieś,Naruszewo-gmina wiejska,płoński
2061,Grąbiec,550.614,552.695,0579477,38231,wieś,Zawidz-gmina wiejska,sierpecki
2062,Grąd Rycicki,597.576,632.130,0507710,38255,kolonia,Chorzele-gmina miejsko-wiejska,przasnyski
2063,Grądek,575.584,579.558,0127752,38261,wieś,Szreńsk-gmina wiejska,mławski
2064,Grądki,488.331,606.695,0004400,38268,wieś,Leszno-gmina wiejska,warszawski zachodni
2065,Grądy,489.276,606.538,0004417,38315,wieś,Leszno-gmina wiejska,warszawski zachodni
2066,Grądy,578.851,641.024,0511781,38326,wieś,Krasnosielc-gmina wiejska,makowski
2067,Grądy,535.113,704.311,0514288,38304,wieś,Małkinia Górna-gmina miejsko-wiejska,ostrowski
2068,Grądy,555.521,684.956,0522483,38301,wieś,Wąsewo-gmina wiejska,ostrowski
2069,Grądy,562.711,530.812,0578377,38294,wieś,Szczutowo-gmina wiejska,sierpecki
2070,Grądy,529.348,719.606,0690364,38305,wieś,Sterdyń-gmina wiejska,sokołowski
2071,Grądy,469.959,600.142,0728500,38317,wieś,Jaktorów-gmina wiejska,grodziski
2072,Grądy Polewne,543.499,664.587,0518843,38380,wieś,Rząśnik-gmina wiejska,wyszkowski
2073,Grądy Szlacheckie,551.013,669.942,0509420,38381,wieś,Długosiodło-gmina wiejska,wyszkowski
2074,Grądy Zalewne,548.127,665.579,0509442,38385,wieś,Długosiodło-gmina wiejska,wyszkowski
2075,Grądzik,580.559,665.319,1067590,131087,wieś,Olszewo-Borki-gmina wiejska,ostrołęcki
2076,Grądziki,561.269,695.934,0520538,38406,wieś,Stary Lubotyń-gmina wiejska,ostrowski
2077,Grądzkie,623.862,662.715,0513515,38418,wieś,Łyse-gmina wiejska,ostrołęcki
2078,Grębiszew,475.737,671.826,0681678,38467,wieś,Mińsk Mazowiecki-gmina wiejska,miński
2079,Grębki,550.221,683.636,0522490,38468,wieś,Wąsewo-gmina wiejska,ostrowski
2080,Grębków,493.227,698.522,0672024,38469,wieś,Grębków-gmina wiejska,węgrowski
2081,Grędzice,554.985,612.289,0112450,38502,wieś,Ciechanów-gmina wiejska,ciechanowski
2082,Grędzice,548.679,715.613,0407658,38504,wieś,Szulborze Wielkie-gmina wiejska,ostrowski
2083,Gręzów,484.450,714.326,0676631,38517,wieś,Kotuń-gmina wiejska,siedlecki
2084,Gucin,538.711,607.542,0120780,40141,wieś,Nowe Miasto-gmina miejsko-wiejska,płoński
2085,Gucin,569.169,679.409,0508448,40143,osada,Czerwin-gmina wiejska,ostrołęcki
2086,Gucin,436.124,642.556,0640171,40144,wieś,Warka-gmina miejsko-wiejska,grójecki
2087,Gugoły,563.929,544.084,0578390,40168,wieś,Szczutowo-gmina wiejska,sierpecki
2088,Gulczewo,523.938,661.115,0522862,40186,wieś,Wyszków-gmina miejsko-wiejska,wyszkowski
2089,Gulewo,508.251,519.344,0564346,40188,wieś,Gostynin-gmina wiejska,gostyniński
2090,Gulin,402.299,639.669,0642365,40191,wieś,Zakrzew-gmina wiejska,radomski
2091,Gulinek,401.627,638.742,0642402,40192,wieś,Zakrzew-gmina wiejska,radomski
2092,Gumki,569.279,687.688,0508193,40228,wieś,Czerwin-gmina wiejska,ostrołęcki
2093,Gumowo,553.596,600.768,0112466,40245,wieś,Ciechanów-gmina wiejska,ciechanowski
2094,Gumowo,529.517,584.749,0113862,40246,wieś,Dzierzążnia-gmina wiejska,płoński
2095,Gumowo,564.915,698.600,0520544,40247,wieś,Stary Lubotyń-gmina wiejska,ostrowski
2096,Gumowo-Dobki,550.520,721.186,0407687,40248,wieś,Szulborze Wielkie-gmina wiejska,ostrowski
2097,Gurba,454.718,601.657,0732559,40257,wieś,Mszczonów-gmina miejsko-wiejska,żyrardowski
2098,Gusin,450.130,655.703,0687735,40272,wieś,Sobienie-Jeziory-gmina wiejska,otwocki
2099,Gustawin,568.531,622.173,0117535,40280,wieś,Krasne-gmina wiejska,przasnyski
2100,Gustawów,379.502,690.580,0616190,40285,wieś,Chotcza-gmina wiejska,lipski
2101,Gustawów,403.892,640.782,0642425,40284,kolonia,Zakrzew-gmina wiejska,radomski
2102,Gutarzewo,539.257,598.330,0125776,40306,wieś,Sochocin-gmina miejsko-wiejska,płoński
2103,Gutkowo,553.100,575.417,0125316,40311,wieś,Siemiątkowo-gmina wiejska,żuromiński
2104,Gutków,542.295,610.729,0126190,40318,wieś,Sońsk-gmina wiejska,ciechanowski
2105,Gutocha,597.326,647.407,0506455,40323,osada,Baranowo-gmina wiejska,ostrołęcki
2106,Gutowo,577.883,658.278,0520863,40332,osada leśna,Sypniewo-gmina wiejska,makowski
2107,Gutowo-Górki,543.455,556.992,0579483,40334,wieś,Zawidz-gmina wiejska,sierpecki
2108,Gutowo-Stradzyno,541.796,557.565,0579508,40336,wieś,Zawidz-gmina wiejska,sierpecki
2109,Guty,519.072,631.702,0008208,40355,wieś,Serock-gmina miejsko-wiejska,legionowski
2110,Guty,531.207,709.085,0676016,40353,wieś,Kosów Lacki-gmina miejsko-wiejska,sokołowski
2111,Guty Duże,565.989,652.555,0508661,40360,wieś,Czerwonka-gmina wiejska,makowski
2112,Guty Małe,566.393,651.681,0508678,40361,wieś,Czerwonka-gmina wiejska,makowski
2113,Guty-Bujno,558.494,703.820,0516347,40358,wieś,Ostrów Mazowiecka-gmina wiejska,ostrowski
2114,Gutów,406.546,643.083,0624692,40346,wieś,Jedlińsk-gmina wiejska,radomski
2115,Guzew,500.980,547.642,0563826,40375,wieś,Gąbin-gmina miejsko-wiejska,płocki
2116,Guzew,478.817,694.734,0682778,40373,wieś,Mrozy-gmina miejsko-wiejska,miński
2117,Guzowatka,600.228,649.613,0506082,40392,wieś,Baranowo-gmina wiejska,ostrołęcki
2118,Guzowatka,513.171,650.898,0508945,40391,wieś,Dąbrówka-gmina wiejska,wołomiński
2119,Guzów,386.983,637.228,0630333,40400,wieś,Orońsko-gmina wiejska,szydłowiecki
2120,Guzów,472.661,591.167,0739308,40399,wieś,Wiskitki-gmina miejsko-wiejska,żyrardowski
2121,Guzów-Kolonia,388.011,637.445,0630340,40401,wieś,Orońsko-gmina wiejska,szydłowiecki
2122,Gwarek,386.077,612.843,0633805,40423,wieś,Przysucha-gmina miejsko-wiejska,przysuski
2123,Gwizdały,523.583,678.274,0678794,40458,wieś,Łochów-gmina miejsko-wiejska,węgrowski
2124,Gzdów,454.248,597.366,0734831,40506,wieś,Puszcza Mariańska-gmina wiejska,żyrardowski
2125,Gzowice,395.009,661.972,0625409,40520,wieś,Jedlnia-Letnisko-gmina miejsko-wiejska,radomski
2126,Gzowice-Folwark,395.817,661.202,0625421,40521,wieś,Jedlnia-Letnisko-gmina miejsko-wiejska,radomski
2127,Gzowice-Kolonia,396.258,663.634,0625438,40522,wieś,Jedlnia-Letnisko-gmina miejsko-wiejska,radomski
2128,Gzowo,529.360,642.989,0122677,40523,wieś,Pokrzywnica-gmina wiejska,pułtuski
2129,Gzowskie Budy,395.594,663.507,0625415,40524,wieś,Jedlnia-Letnisko-gmina miejsko-wiejska,radomski
2130,Gzy,543.338,631.181,0115950,40527,wieś,Gzy-gmina wiejska,pułtuski
2131,Gzy-Wisnowa,542.579,630.981,0115973,40528,wieś,Gzy-gmina wiejska,pułtuski
2132,Gójsk,559.648,535.438,0578331,35633,wieś,Szczutowo-gmina wiejska,sierpecki
2133,Gójszcz,483.489,694.582,0682695,35634,wieś,Mrozy-gmina miejsko-wiejska,miński
2134,Góra,509.602,620.763,0008473,35665,wieś,Wieliszew-gmina wiejska,legionowski
2135,Góra,531.235,574.072,0576579,35660,wieś,Staroźreby-gmina miejsko-wiejska,płocki
2136,Góra Kalwaria,459.595,652.134,0920321,35763,miasto,Góra Kalwaria-gmina miejsko-wiejska,piaseczyński
2137,Góraszka,482.892,655.835,0009975,35812,wieś,Wiązowna-gmina wiejska,otwocki
2138,Górka Powielińska,525.020,631.876,0129277,36020,wieś,Winnica-gmina wiejska,pułtuski
2139,Górki,496.323,603.494,0004073,36091,wieś,Leoncin-gmina wiejska,nowodworski
2140,Górki,500.641,586.840,0009656,36090,wieś,Brochów-gmina wiejska,sochaczewski
2141,Górki,494.092,761.052,0017437,36120,wieś,Platerów-gmina wiejska,łosicki
2142,Górki,573.005,619.107,0113141,36110,wieś,Czernice Borowe-gmina wiejska,przasnyski
2143,Górki,513.177,548.504,0563789,36082,wieś,Gąbin-gmina miejsko-wiejska,płocki
2144,Górki,418.563,622.339,0641905,36139,wieś,Wyśmierzyce-gmina miejsko-wiejska,białobrzeski
2145,Górki,481.762,665.164,0670077,36104,wieś,Dębe Wielkie-gmina wiejska,miński
2146,Górki,447.112,677.369,0670924,36123,wieś,Garwolin-gmina wiejska,garwoliński
2147,Górki,485.172,697.846,0673880,36107,kolonia,Kałuszyn-gmina miejsko-wiejska,miński
2148,Górki,456.525,667.866,0683134,36114,wieś,Osieck-gmina miejsko-wiejska,otwocki
2149,Górki,492.821,742.428,0684435,36119,wieś,Przesmyki-gmina wiejska,siedlecki
2150,Górki,457.412,598.201,0734765,36098,wieś,Puszcza Mariańska-gmina wiejska,żyrardowski
2151,Górki Borze,512.348,694.484,0675442,36296,wieś,Korytnica-gmina wiejska,węgrowski
2152,Górki Drugie,510.104,522.613,0564323,36303,wieś,Gostynin-gmina wiejska,gostyniński
2153,Górki Duże,531.350,626.582,0129290,36305,wieś,Winnica-gmina wiejska,pułtuski
2154,Górki Pierwsze,511.210,523.004,0564330,36332,wieś,Gostynin-gmina wiejska,gostyniński
2155,Górki Średnie,512.515,695.134,0675465,36341,wieś,Korytnica-gmina wiejska,węgrowski
2156,Górki-Baćki,532.826,625.292,0129283,36295,wieś,Winnica-gmina wiejska,pułtuski
2157,Górki-Grubaki,513.076,696.332,0675459,36297,wieś,Korytnica-gmina wiejska,węgrowski
2158,Górki-Izabelin,428.217,619.931,0629301,42689,wieś,Mogielnica-gmina miejsko-wiejska,grójecki
2159,Górki-Leśniczówka,493.060,763.237,1054908,236166,osada leśna,Platerów-gmina wiejska,łosicki
2160,Górki-Witowice,533.408,626.511,0129308,36300,wieś,Winnica-gmina wiejska,pułtuski
2161,Górna Wieś,484.884,605.474,0000170,36403,wieś,Błonie-gmina miejsko-wiejska,warszawski zachodni
2162,Górna Wola,406.285,639.811,0624686,36417,wieś,Jedlińsk-gmina wiejska,radomski
2163,Góry,554.120,673.492,0510095,36670,wieś,Goworowo-gmina wiejska,ostrołęcki
2164,Góry,424.197,632.312,0632770,36703,wieś,Promna-gmina wiejska,białobrzeski
2165,Góry,487.912,686.185,0673510,36686,wieś,Jakubów-gmina wiejska,miński
2166,Góry,506.140,750.080,0675117,36700,wieś,Korczew-gmina wiejska,siedlecki
2167,Góry Karwackie,575.729,630.852,0517849,36876,wieś,Przasnysz-gmina wiejska,przasnyski
2168,Góry Małe,511.615,550.223,0563803,36885,wieś,Gąbin-gmina miejsko-wiejska,płocki
2169,Górzno,445.767,686.539,0671645,36957,wieś,Górzno-gmina wiejska,garwoliński
2170,Gózd,392.637,665.981,0620990,36988,wieś,Gózd-gmina wiejska,radomski
2171,Gózd,459.777,688.730,0668755,36985,wieś,Borowie-gmina wiejska,garwoliński
2172,Gózd,469.057,666.947,0674709,36984,wieś,Kołbiel-gmina wiejska,otwocki
2173,Gózd-Kolonia,460.768,688.637,0668761,36991,kolonia,Borowie-gmina wiejska,garwoliński
2174,Gózdek,404.389,643.136,0642359,36996,wieś,Zakrzew-gmina wiejska,radomski
2175,Gózdek,444.002,698.778,0696763,36993,wieś,Żelechów-gmina miejsko-wiejska,garwoliński
2176,Gąba,453.255,603.078,0732513,32026,wieś,Mszczonów-gmina miejsko-wiejska,żyrardowski
2177,Gąbin,503.927,549.844,0968871,32029,miasto,Gąbin-gmina miejsko-wiejska,płocki
2178,Gągolina,472.188,678.007,0687066,32057,wieś,Siennica-gmina miejsko-wiejska,miński
2179,Gąsawy Plebańskie,375.332,636.489,0623959,32063,wieś,Jastrząb-gmina miejsko-wiejska,szydłowiecki
2180,Gąsawy Rządowe,372.902,635.457,0623965,32064,wieś,Jastrząb-gmina miejsko-wiejska,szydłowiecki
2181,Gąsawy Rządowe-Niwy,371.580,635.205,0624048,32065,wieś,Jastrząb-gmina miejsko-wiejska,szydłowiecki
2182,Gąsewo,512.977,567.733,0560331,32070,wieś,Bodzanów-gmina miejsko-wiejska,płocki
2183,Gąsewo Poduchowne,569.941,648.965,0520834,32071,wieś,Sypniewo-gmina wiejska,makowski
2184,Gąsiorowo,522.669,642.527,0008190,32108,wieś,Serock-gmina miejsko-wiejska,legionowski
2185,Gąsiorowo,538.162,627.704,0128421,32104,wieś,Świercze-gmina wiejska,pułtuski
2186,Gąsiorowo,542.984,712.980,0411571,32105,wieś,Zaręby Kościelne-gmina wiejska,ostrowski
2187,Gąsiory,440.552,691.771,0697076,32133,wieś,Żelechów-gmina miejsko-wiejska,garwoliński
2188,Gąsiorów,378.274,608.077,0633930,32122,osada leśna,Przysucha-gmina miejsko-wiejska,przysuski
2189,Gąsiorówek,538.668,627.160,0128438,32123,wieś,Świercze-gmina wiejska,pułtuski
2190,Gąski,457.140,629.165,0009099,32154,wieś,Tarczyn-gmina miejsko-wiejska,piaseczyński
2191,Gąski,558.442,604.109,0112414,32152,wieś,Ciechanów-gmina wiejska,ciechanowski
2192,Gąski,598.836,678.037,0512958,32155,wieś,Lelis-gmina wiejska,ostrołęcki
2193,Gąski,443.645,649.891,0640142,32156,wieś,Warka-gmina miejsko-wiejska,grójecki
2194,Gąsocin,542.686,615.903,0126155,32164,wieś,Sońsk-gmina wiejska,ciechanowski
2195,Gąsów,441.074,685.686,0671600,32166,wieś,Górzno-gmina wiejska,garwoliński
2196,Gębarzów,384.888,651.919,0636904,32288,wieś,Skaryszew-gmina miejsko-wiejska,radomski
2197,Gębarzów,385.276,651.242,0636927,168404,osada,Skaryszew-gmina miejsko-wiejska,radomski
2198,Gębarzów-Kolonia,386.554,651.287,0636933,32289,wieś,Skaryszew-gmina miejsko-wiejska,radomski
2199,Gęsianka,493.310,678.936,0670309,32334,wieś,Dobre-gmina miejsko-wiejska,miński
2200,Gładczyn,535.715,647.070,0523809,33229,osada,Zatory-gmina wiejska,pułtuski
2201,Gładczyn Rządowy,536.230,647.841,0523815,33230,wieś,Zatory-gmina wiejska,pułtuski
2202,Gładczyn Rządowy,535.657,648.572,0523821,33231,osada leśna,Zatory-gmina wiejska,pułtuski
2203,Gładczyn Szlachecki,533.992,648.008,0523838,33232,wieś,Zatory-gmina wiejska,pułtuski
2204,Gładków,457.790,630.072,0009107,33250,wieś,Tarczyn-gmina miejsko-wiejska,piaseczyński
2205,Głażewo-Cholewy,567.885,657.703,0514696,33304,wieś,Młynarze-gmina wiejska,makowski
2206,Głażewo-Święszki,567.602,656.537,0514704,33305,wieś,Młynarze-gmina wiejska,makowski
2207,Głodowo,547.093,638.506,0123033,33650,wieś,Pułtusk-gmina miejsko-wiejska,pułtuski
2208,Głodowo Wielkie,528.129,624.732,0119965,33658,wieś,Nasielsk-gmina miejsko-wiejska,nowodworski
2209,Głogów,395.584,628.884,0640610,33712,wieś,Wieniawa-gmina wiejska,przysuski
2210,Głosków,465.177,633.283,0006250,33734,wieś,Piaseczno-gmina miejsko-wiejska,piaseczyński
2211,Głosków,455.095,685.216,0668703,33735,wieś,Borowie-gmina wiejska,garwoliński
2212,Głosków-Kolonia,455.793,684.811,0668710,33736,kolonia,Borowie-gmina wiejska,garwoliński
2213,Głosków-Letnisko,465.294,634.093,0006280,33737,wieś,Piaseczno-gmina miejsko-wiejska,piaseczyński
2214,Głowaczów,419.957,660.391,0619366,33763,miasto,Głowaczów-gmina miejsko-wiejska,kozienicki
2215,Głuchowo,541.164,540.588,0565127,33874,wieś,Gozdowo-gmina wiejska,sierpecki
2216,Głuchy,516.302,661.235,0523531,33905,wieś,Zabrodzie-gmina wiejska,wyszkowski
2217,Głuchów,450.757,627.602,0622180,33885,wieś,Grójec-gmina miejsko-wiejska,grójecki
2218,Głuchów,489.355,742.092,0682413,33886,wieś,Mordy-gmina miejsko-wiejska,siedlecki
2219,Głuchówek,491.887,741.366,0684406,33898,wieś,Przesmyki-gmina wiejska,siedlecki
2220,Głudna,439.774,619.159,0614860,33910,wieś,Błędów-gmina wiejska,grójecki
2221,Głupianka,468.828,675.869,0674684,33913,wieś,Kołbiel-gmina wiejska,otwocki
2222,Głusiec,414.010,694.245,0635968,33921,wieś,Sieciechów-gmina wiejska,kozienicki
2223,Głusk,505.411,607.210,0004050,33923,wieś,Leoncin-gmina wiejska,nowodworski
2224,Głuszyna,410.410,614.974,0626573,33962,wieś,Klwów-gmina wiejska,przysuski
2225,Głużek,578.393,584.797,0129538,33974,wieś,Wiśniewo-gmina wiejska,mławski
2226,Głódki,551.577,640.804,0521288,33796,wieś,Szelków-gmina wiejska,makowski
2227,Główczyn,513.677,580.193,0570690,33805,wieś,Mała Wieś-gmina wiejska,płocki
2228,Główczyn,429.846,617.079,0629287,33806,wieś,Mogielnica-gmina miejsko-wiejska,grójecki
2229,Główczyn-Towarzystwo,430.642,617.060,0629293,33807,wieś,Mogielnica-gmina miejsko-wiejska,grójecki
2230,Główina,530.207,527.210,0560839,33815,wieś,Brudzeń Duży-gmina wiejska,płocki
2231,Głęboczyca,501.006,680.245,0670315,33403,wieś,Dobre-gmina miejsko-wiejska,miński
2232,Głęboka,573.880,549.620,0119184,33413,wieś,Lutocin-gmina wiejska,żuromiński
2233,Głęboka Droga,377.993,609.508,0633691,33427,wieś,Przysucha-gmina miejsko-wiejska,przysuski
2234,Habdzin,471.795,647.779,0003790,40535,wieś,Konstancin-Jeziorna-gmina miejsko-wiejska,piaseczyński
2235,Hadynów,484.433,751.275,0016640,40560,wieś,Olszanka-gmina wiejska,łosicki
2236,Halinin,540.762,603.594,0121318,40660,wieś,Ojrzeń-gmina wiejska,ciechanowski
2237,Halinów,486.864,661.126,0002766,40667,miasto,Halinów-gmina miejsko-wiejska,miński
2238,Halinów,499.301,531.790,0564352,40665,wieś,Gostynin-gmina wiejska,gostyniński
2239,Halinów Żdżarowski,487.826,579.996,0738645,40671,wieś,Sochaczew-gmina wiejska,sochaczewski
2240,Harachwosty,477.989,758.327,0012500,40801,wieś,Huszlew-gmina wiejska,łosicki
2241,Helenka,490.181,584.413,0731755,41006,wieś,Młodzieszyn-gmina wiejska,sochaczewski
2242,Helenowo,550.934,719.936,0407670,41024,wieś,Szulborze Wielkie-gmina wiejska,ostrowski
2243,Helenowo Nowe,569.514,635.239,0518027,88802,wieś,Przasnysz-gmina wiejska,przasnyski
2244,Helenowo Stare,569.738,633.913,0518145,129024,wieś,Przasnysz-gmina wiejska,przasnyski
2245,Helenów,503.681,651.799,0010211,41039,wieś,Wołomin-gmina miejsko-wiejska,wołomiński
2246,Helenów,562.076,630.741,0117280,41023,osada,Krasne-gmina wiejska,przasnyski
2247,Helenów,511.632,532.165,0564369,41035,wieś,Gostynin-gmina wiejska,gostyniński
2248,Helenów,503.931,541.219,0577739,41036,wieś,Szczawin Kościelny-gmina wiejska,gostyniński
2249,Helenów,422.082,655.013,0619395,41055,wieś,Głowaczów-gmina miejsko-wiejska,kozienicki
2250,Helenów,360.264,686.725,0628052,41067,wieś,Lipsko-gmina miejsko-wiejska,lipski
2251,Helenów,383.831,640.912,0630356,41062,wieś,Orońsko-gmina wiejska,szydłowiecki
2252,Helenów,395.465,669.784,0630706,41061,wieś,Pionki-gmina wiejska,radomski
2253,Helenów,397.004,691.507,0632119,41064,wieś,Policzna-gmina wiejska,zwoleński
2254,Helenów,426.769,631.609,0632987,41052,wieś,Promna-gmina wiejska,białobrzeski
2255,Helenów,393.137,685.801,0643146,41063,wieś,Zwoleń-gmina miejsko-wiejska,zwoleński
2256,Helenów,496.257,666.932,0684139,41040,wieś,Poświętne-gmina wiejska,wołomiński
2257,Helenów,495.474,694.670,0693500,41045,wieś,Wierzbno-gmina wiejska,węgrowski
2258,Helenów,477.374,728.081,0694451,41043,wieś,Wiśniew-gmina wiejska,siedlecki
2259,Helenów,467.045,709.960,0694741,41044,wieś,Wodynie-gmina wiejska,siedlecki
2260,Helenów,492.771,575.389,0731778,41038,wieś,Młodzieszyn-gmina wiejska,sochaczewski
2261,Helenów,392.579,696.384,0990735,41065,wieś,Przyłęk-gmina wiejska,zwoleński
2262,Helenów Drugi,503.063,541.424,0577745,41077,wieś,Szczawin Kościelny-gmina wiejska,gostyniński
2263,Helenów Słupski,494.603,542.850,0577751,41037,wieś,Szczawin Kościelny-gmina wiejska,gostyniński
2264,Helenów Trębski,495.451,535.626,0577768,41080,wieś,Szczawin Kościelny-gmina wiejska,gostyniński
2265,Helenówek,422.904,653.264,0619403,41084,wieś,Głowaczów-gmina miejsko-wiejska,kozienicki
2266,Helenówka,396.275,680.517,0642856,41090,wieś,Zwoleń-gmina miejsko-wiejska,zwoleński
2267,Henryczyn,444.329,676.128,0670947,41118,kolonia,Garwolin-gmina wiejska,garwoliński
2268,Henrykowo,536.133,611.480,0120796,41136,wieś,Nowe Miasto-gmina miejsko-wiejska,płoński
2269,Henryków,493.605,574.567,0566210,41148,wieś,Iłów-gmina wiejska,sochaczewski
2270,Henryków,446.487,647.936,0616600,41154,wieś,Chynów-gmina wiejska,grójecki
2271,Henryków,422.355,656.658,0619410,41156,wieś,Głowaczów-gmina miejsko-wiejska,kozienicki
2272,Henryków-Urocze,460.812,632.023,0006327,41167,wieś,Piaseczno-gmina miejsko-wiejska,piaseczyński
2273,Henrysin,510.303,606.477,0010375,41172,wieś,Zakroczym-gmina miejsko-wiejska,nowodworski
2274,Henrysin,530.164,715.529,0676074,41171,wieś,Kosów Lacki-gmina miejsko-wiejska,sokołowski
2275,Henryszew,468.883,600.403,0728517,41175,wieś,Jaktorów-gmina wiejska,grodziski
2276,Hieronimów,358.817,678.220,0636324,41263,wieś,Sienno-gmina miejsko-wiejska,lipski
2277,Hilarów,499.247,587.492,0009662,41267,wieś,Brochów-gmina wiejska,sochaczewski
2278,Hilarów,520.858,718.253,0685512,41268,wieś,Sabnie-gmina wiejska,sokołowski
2279,Hipolitów,486.273,659.973,0002789,41280,wieś,Halinów-gmina miejsko-wiejska,miński
2280,Hipolitów,452.547,642.656,0616617,41281,wieś,Chynów-gmina wiejska,grójecki
2281,Hipolitów,468.157,590.770,0739337,41279,wieś,Wiskitki-gmina miejsko-wiejska,żyrardowski
2282,Holendernia,532.112,725.301,0669424,41335,osada leśna,Ceranów-gmina wiejska,sokołowski
2283,Holendry,527.869,644.341,0523726,41342,wieś,Zatory-gmina wiejska,pułtuski
2284,Holendry,443.439,662.680,0694333,41344,wieś,Wilga-gmina wiejska,garwoliński
2285,Holendry Baranowskie,472.222,599.944,0722963,41350,wieś,Baranów-gmina wiejska,grodziski
2286,Holendry Dobrowskie,494.744,541.307,0577774,41356,wieś,Szczawin Kościelny-gmina wiejska,gostyniński
2287,Holendry Kozienickie,418.719,680.063,0627408,41358,wieś,Kozienice-gmina miejsko-wiejska,kozienicki
2288,Holendry Kuźmińskie,423.140,675.083,0627420,41359,wieś,Kozienice-gmina miejsko-wiejska,kozienicki
2289,Holendry Piotrkowskie,420.632,674.664,0627437,41361,wieś,Kozienice-gmina miejsko-wiejska,kozienicki
2290,Hornigi,443.673,648.137,0640188,41477,wieś,Warka-gmina miejsko-wiejska,grójecki
2291,Hornówek,492.716,623.182,0008757,41490,wieś,Izabelin-gmina wiejska,warszawski zachodni
2292,Horoszki Duże,496.100,773.546,0018879,41531,wieś,Sarnaki-gmina wiejska,łosicki
2293,Horoszki Małe,493.499,775.678,0018891,41532,wieś,Sarnaki-gmina wiejska,łosicki
2294,Hołowczyce-Kolonia,501.562,767.909,0018862,41402,wieś,Sarnaki-gmina wiejska,łosicki
2295,Hołowienki,520.409,722.666,0685529,41403,wieś,Sabnie-gmina wiejska,sokołowski
2296,Hołubla,495.766,734.358,0683447,41411,wieś,Paprotnia-gmina wiejska,siedlecki
2297,Hruszew,501.237,753.130,0017443,41621,wieś,Platerów-gmina wiejska,łosicki
2298,Hruszniew,493.577,762.064,0017466,41622,wieś,Platerów-gmina wiejska,łosicki
2299,Hruszniew-Kolonia,492.684,761.662,0017472,41623,wieś,Platerów-gmina wiejska,łosicki
2300,Hucisko,377.184,612.259,0633716,41855,wieś,Przysucha-gmina miejsko-wiejska,przysuski
2301,Hucisko,370.124,623.164,0639191,41846,wieś,Szydłowiec-gmina miejsko-wiejska,szydłowiecki
2302,Humięcino,572.103,605.743,0115520,41937,wieś,Grudusk-gmina wiejska,ciechanowski
2303,Humięcino-Andrychy,572.045,607.595,0115542,41938,wieś,Grudusk-gmina wiejska,ciechanowski
2304,Humięcino-Klary,572.629,609.500,0115565,41939,przysiółek,Grudusk-gmina wiejska,ciechanowski
2305,Humięcino-Koski,572.858,608.384,0115559,41940,wieś,Grudusk-gmina wiejska,ciechanowski
2306,Humięcino-Retki,571.020,605.620,0115536,41941,przysiółek,Grudusk-gmina wiejska,ciechanowski
2307,Huszlew,481.543,762.674,0012517,41990,wieś,Huszlew-gmina wiejska,łosicki
2308,Huta,579.706,545.679,0118552,42012,wieś,Lubowidz-gmina miejsko-wiejska,żuromiński
2309,Huta,372.345,621.116,0615820,42028,wieś,Chlewiska-gmina wiejska,szydłowiecki
2310,Huta,389.805,603.734,0618786,42043,wieś,Gielniów-gmina miejsko-wiejska,przysuski
2311,Huta,371.988,678.228,0628075,42027,wieś,Lipsko-gmina miejsko-wiejska,lipski
2312,Huta,402.226,662.017,0630913,42023,wieś,Pionki-gmina wiejska,radomski
2313,Huta Błędowska,432.198,613.189,0614920,42074,wieś,Błędów-gmina wiejska,grójecki
2314,Huta Dolna,387.929,650.100,0627012,194640,kolonia,Kowala-gmina wiejska,radomski
2315,Huta Emilia,562.221,586.617,0126712,42088,osada,Strzegowo-gmina wiejska,mławski
2316,Huta Garwolińska,450.969,673.982,0671504,42089,kolonia,Garwolin-gmina wiejska,garwoliński
2317,Huta Gruszczyno,518.549,697.043,0690967,42094,wieś,Stoczek-gmina wiejska,węgrowski
2318,Huta Jeżewska,453.164,615.726,0631321,42100,wieś,Pniewy-gmina wiejska,grójecki
2319,Huta Kuflewska,474.364,690.117,0668962,42115,wieś,Cegłów-gmina miejsko-wiejska,miński
2320,Huta Mazowszańska,387.051,650.029,0627006,42124,wieś,Kowala-gmina wiejska,radomski
2321,Huta Mińska,479.575,675.873,0681684,42126,wieś,Mińsk Mazowiecki-gmina wiejska,miński
2322,Huta Nowa,512.198,525.650,0564659,87969,wieś,Gostynin-gmina wiejska,gostyniński
2323,Huta Partacka,454.917,595.675,0734794,42133,wieś,Puszcza Mariańska-gmina wiejska,żyrardowski
2324,Huta Podgórna,522.849,647.028,0520060,42136,wieś,Somianka-gmina wiejska,wyszkowski
2325,Huta Skaryszewska,381.410,659.092,0636985,42149,wieś,Skaryszew-gmina miejsko-wiejska,radomski
2326,Huta Zaborowska,503.768,524.803,0564375,42173,wieś,Gostynin-gmina wiejska,gostyniński
2327,Huta Żabiowolska,463.420,615.019,0740458,42176,wieś,Żabia Wola-gmina wiejska,grodziski
2328,Huta Żelechowska,443.986,701.905,0696770,42177,wieś,Żelechów-gmina miejsko-wiejska,garwoliński
2329,Idzikowice,532.457,604.237,0125782,42271,wieś,Sochocin-gmina miejsko-wiejska,płoński
2330,Ignacewo,567.838,589.276,0126729,42319,wieś,Strzegowo-gmina wiejska,mławski
2331,Ignaców,433.718,613.442,0614937,42328,wieś,Błędów-gmina wiejska,grójecki
2332,Ignaców,436.454,639.831,0623669,42330,wieś,Jasieniec-gmina wiejska,grójecki
2333,Ignaców,377.677,663.529,0626449,42333,wieś,Kazanów-gmina miejsko-wiejska,zwoleński
2334,Ignaców,393.006,697.361,0633290,42334,wieś,Przyłęk-gmina wiejska,zwoleński
2335,Ignaców,482.947,683.053,0681690,42326,wieś,Mińsk Mazowiecki-gmina wiejska,miński
2336,Ignacówka,483.233,587.784,0738214,42351,wieś,Sochaczew-gmina wiejska,sochaczewski
2337,Ignacówka Bobrowska,412.985,658.127,0619432,42358,wieś,Głowaczów-gmina miejsko-wiejska,kozienicki
2338,Ignacówka Grabnowolska,425.347,658.086,0619426,42355,wieś,Głowaczów-gmina miejsko-wiejska,kozienicki
2339,Ilinko,528.947,589.464,0122045,42402,wieś,Płońsk-gmina wiejska,płoński
2340,Ilino,528.345,588.833,0122051,42403,wieś,Płońsk-gmina wiejska,płoński
2341,Iwowe,460.444,696.441,0668778,42667,wieś,Borowie-gmina wiejska,garwoliński
2342,Izabela,484.726,656.615,0009981,42672,wieś,Wiązowna-gmina wiejska,otwocki
2343,Izabelin,504.843,640.274,0005598,42686,wieś,Nieporęt-gmina wiejska,legionowski
2344,Izabelin,492.796,625.399,0008770,195920,osada leśna,Izabelin-gmina wiejska,warszawski zachodni
2345,Izabelin,538.730,530.463,0560851,42685,wieś,Brudzeń Duży-gmina wiejska,płocki
2346,Izabelin,488.999,683.001,0673526,42688,wieś,Jakubów-gmina wiejska,miński
2347,Izabelin B,492.568,624.805,0008763,42695,wieś,Izabelin-gmina wiejska,warszawski zachodni
2348,Izabelin C,493.928,623.433,0008786,42696,wieś,Izabelin-gmina wiejska,warszawski zachodni
2349,Izabelin-Dziekanówek,500.108,623.703,0001258,42698,wieś,Czosnów-gmina wiejska,nowodworski
2350,Izbica,515.572,632.271,0008214,42709,wieś,Serock-gmina miejsko-wiejska,legionowski
2351,Izbiska,486.204,598.193,0738763,42725,wieś,Teresin-gmina wiejska,sochaczewski
2352,Izdebki-Błażeje,477.467,745.592,0696409,42741,wieś,Zbuczyn-gmina wiejska,siedlecki
2353,Izdebki-Kosny,476.987,746.317,0696415,42742,wieś,Zbuczyn-gmina wiejska,siedlecki
2354,Izdebki-Kośmidry,476.265,747.049,0696421,42743,wieś,Zbuczyn-gmina wiejska,siedlecki
2355,Izdebki-Wąsy,476.953,744.267,0696438,42744,wieś,Zbuczyn-gmina wiejska,siedlecki
2356,Izdebnik,445.464,675.425,0670953,42745,wieś,Garwolin-gmina wiejska,garwoliński
2357,Izdebno,443.128,676.121,0678357,42752,wieś,Łaskarzew-gmina wiejska,garwoliński
2358,Izdebno Kościelne,475.697,604.451,0002223,42758,wieś,Grodzisk Mazowiecki-gmina miejsko-wiejska,grodziski
2359,Izdebno Nowe,475.000,606.413,0002387,88808,wieś,Grodzisk Mazowiecki-gmina miejsko-wiejska,grodziski
2360,Izdebno-Kolonia,442.786,677.271,0678363,42755,wieś,Łaskarzew-gmina wiejska,garwoliński
2361,Iły,521.228,676.962,0673213,42461,wieś,Jadów-gmina miejsko-wiejska,wołomiński
2362,Iłów,497.557,569.900,0566233,42453,wieś,Iłów-gmina wiejska,sochaczewski
2363,Iłówiec,476.737,674.125,0681709,42455,wieś,Mińsk Mazowiecki-gmina wiejska,miński
2364,Iłówko,559.888,631.515,0117475,42457,wieś,Krasne-gmina wiejska,przasnyski
2365,Iłża,368.701,656.360,0973375,42467,miasto,Iłża-gmina miejsko-wiejska,radomski
2366,Jabłonica,389.106,625.060,0640640,42810,wieś,Wieniawa-gmina wiejska,przysuski
2367,Jabłonna,502.771,630.986,0003004,42865,wieś,Jabłonna-gmina wiejska,legionowski
2368,Jabłonna,401.980,628.406,0634147,42871,wieś,Przytyk-gmina miejsko-wiejska,radomski
2369,Jabłonna,394.312,609.368,0635253,42874,osada,Rusinów-gmina wiejska,przysuski
2370,Jabłonna,411.033,620.000,0641911,42870,wieś,Wyśmierzyce-gmina miejsko-wiejska,białobrzeski
2371,Jabłonna,490.827,700.220,0672060,42868,wieś,Grębków-gmina wiejska,węgrowski
2372,Jabłonna Lacka,517.870,733.691,0672685,42880,wieś,Jabłonna Lacka-gmina wiejska,sokołowski
2373,Jabłonna Średnia,518.983,733.004,0672739,42884,wieś,Jabłonna Lacka-gmina wiejska,sokołowski
2374,Jabłonowiec,426.370,684.627,0692446,42888,wieś,Trojanów-gmina wiejska,garwoliński
2375,Jabłonowo,466.730,627.569,0004742,42905,wieś,Lesznowola-gmina wiejska,piaseczyński
2376,Jabłonowo,573.844,614.540,0113017,42906,kolonia,Czernice Borowe-gmina wiejska,przasnyski
2377,Jabłonowo-Klacze,556.561,716.140,0394536,53500,wieś,Andrzejewo-gmina wiejska,ostrowski
2378,Jabłonów,396.088,688.309,0631893,42918,wieś,Policzna-gmina wiejska,zwoleński
2379,Jachranka,514.979,634.026,0008220,42986,wieś,Serock-gmina miejsko-wiejska,legionowski
2380,Jaciążek,567.524,639.191,0517364,42987,wieś,Płoniawy-Bramura-gmina wiejska,makowski
2381,Jackowo Dolne,521.236,651.702,0520099,43005,wieś,Somianka-gmina wiejska,wyszkowski
2382,Jackowo Dworskie,530.751,620.938,0119988,43006,wieś,Nasielsk-gmina miejsko-wiejska,nowodworski
2383,Jackowo Górne,522.446,651.538,0520107,43007,wieś,Somianka-gmina wiejska,wyszkowski
2384,Jackowo Włościańskie,528.938,620.923,0120000,43008,wieś,Nasielsk-gmina miejsko-wiejska,nowodworski
2385,Jaczew,513.632,692.865,0675471,43029,wieś,Korytnica-gmina wiejska,węgrowski
2386,Jaczewek,505.316,686.041,0670338,43030,wieś,Dobre-gmina miejsko-wiejska,miński
2387,Jadwigów,499.965,552.886,0563832,43082,wieś,Gąbin-gmina miejsko-wiejska,płocki
2388,Jadwigów,439.706,614.622,0614943,43084,wieś,Błędów-gmina wiejska,grójecki
2389,Jadwigów,427.228,629.347,0632786,43085,wieś,Promna-gmina wiejska,białobrzeski
2390,Jadwinin,506.391,664.492,1067058,43090,wieś,Tłuszcz-gmina miejsko-wiejska,wołomiński
2391,Jadwiniów,395.453,626.139,0634561,43092,przysiółek,Przytyk-gmina miejsko-wiejska,radomski
2392,Jadwinów,397.389,685.660,0631901,43094,wieś,Policzna-gmina wiejska,zwoleński
2393,Jadwisin,514.587,638.562,0008237,43102,wieś,Serock-gmina miejsko-wiejska,legionowski
2394,Jadwisin,516.585,720.656,0685535,43105,wieś,Sabnie-gmina wiejska,sokołowski
2395,Jadwisin,512.754,679.146,0691889,43104,wieś,Strachówka-gmina wiejska,wołomiński
2396,Jadów,515.745,678.685,0673220,43070,miasto,Jadów-gmina miejsko-wiejska,wołomiński
2397,Jagodne,467.663,717.534,0670752,43217,osada leśna,Domanice-gmina wiejska,siedlecki
2398,Jagodne,454.559,679.403,0670960,43215,wieś,Garwolin-gmina wiejska,garwoliński
2399,Jagodne,486.596,704.228,0676648,43214,wieś,Kotuń-gmina wiejska,siedlecki
2400,Jagodnia,487.152,725.969,0686658,43209,wieś,Siedlce-gmina wiejska,siedlecki
2401,Jagodno,400.218,628.612,0634087,43261,przysiółek,Przytyk-gmina miejsko-wiejska,radomski
2402,Jaktorów,470.515,605.952,0728523,43356,wieś,Jaktorów-gmina wiejska,grodziski
2403,Jaktorów-Kolonia,470.156,605.462,0728546,43357,wieś,Jaktorów-gmina wiejska,grodziski
2404,Jakubiki,535.244,710.813,0676080,43372,wieś,Kosów Lacki-gmina miejsko-wiejska,sokołowski
2405,Jakubowizna,450.847,645.338,0616623,43405,wieś,Chynów-gmina wiejska,grójecki
2406,Jakubowo,573.073,553.838,0119132,43419,wieś,Lutocin-gmina wiejska,żuromiński
2407,Jakubów,442.362,612.088,0614950,43439,wieś,Błędów-gmina wiejska,grójecki
2408,Jakubów,434.463,626.305,0620458,43447,wieś,Goszczyn-gmina wiejska,grójecki
2409,Jakubów,389.337,612.084,0633739,43444,wieś,Przysucha-gmina miejsko-wiejska,przysuski
2410,Jakubów,413.329,635.089,0638139,43443,wieś,Stara Błotnica-gmina wiejska,białobrzeski
2411,Jakubów,487.035,682.842,0673532,43438,wieś,Jakubów-gmina wiejska,miński
2412,Jakubówka,371.065,681.385,0628112,43452,wieś,Lipsko-gmina miejsko-wiejska,lipski
2413,Jakubówka,415.864,626.603,0642187,43451,osada,Wyśmierzyce-gmina miejsko-wiejska,białobrzeski
2414,Jamki,398.396,620.929,0632250,43604,przysiółek,Potworów-gmina wiejska,przysuski
2415,Jamno,497.637,566.078,0575350,43652,wieś,Słubice-gmina wiejska,płocki
2416,Janaszówek,485.815,591.413,0738295,43739,wieś,Sochaczew-gmina wiejska,sochaczewski
2417,Janczewice,473.372,632.228,0004765,43744,wieś,Lesznowola-gmina wiejska,piaseczyński
2418,Janczewo Wielkie,548.304,719.224,0407701,43752,wieś,Szulborze Wielkie-gmina wiejska,ostrowski
2419,Janczewo-Sukmanki,546.941,718.231,0407693,43751,wieś,Szulborze Wielkie-gmina wiejska,ostrowski
2420,Janikowo,507.572,588.083,0561951,43835,wieś,Czerwińsk nad Wisłą-gmina miejsko-wiejska,płoński
2421,Janików,414.923,679.389,0627450,43844,wieś,Kozienice-gmina miejsko-wiejska,kozienicki
2422,Janików,393.304,615.139,0633751,43847,wieś,Przysucha-gmina miejsko-wiejska,przysuski
2423,Janików-Folwark,414.171,680.313,0627466,192809,wieś,Kozienice-gmina miejsko-wiejska,kozienicki
2424,Janina,446.735,649.110,0617002,43865,wieś,Chynów-gmina wiejska,grójecki
2425,Janinów,468.688,610.405,0002230,43873,wieś,Grodzisk Mazowiecki-gmina miejsko-wiejska,grodziski
2426,Janiszew,398.063,647.121,0642431,43891,wieś,Zakrzew-gmina wiejska,radomski
2427,Janki,475.570,629.814,0007976,43923,wieś,Raszyn-gmina wiejska,pruszkowski
2428,Janki,521.151,650.316,0520120,43922,wieś,Somianka-gmina wiejska,wyszkowski
2429,Janki,496.666,545.271,0577805,43918,wieś,Szczawin Kościelny-gmina wiejska,gostyniński
2430,Janki,410.395,648.341,0624730,43926,wieś,Jedlińsk-gmina wiejska,radomski
2431,Janki Młode,571.971,678.679,0508260,43936,wieś,Czerwin-gmina wiejska,ostrołęcki
2432,Janki Stare,574.291,680.179,0522307,129028,wieś,Troszyn-gmina wiejska,ostrołęcki
2433,Jankowice,405.318,639.541,0624752,43959,wieś,Jedlińsk-gmina wiejska,radomski
2434,Jankowice,421.556,603.512,0629666,43957,wieś,Nowe Miasto nad Pilicą-gmina miejsko-wiejska,grójecki
2435,Jankowice,380.391,630.677,0639200,43960,wieś,Szydłowiec-gmina miejsko-wiejska,szydłowiecki
2436,Jankowice-Kolonia,405.307,638.483,0624769,194534,kolonia,Jedlińsk-gmina wiejska,radomski
2437,Jankowo,559.223,642.743,0508684,43992,wieś,Czerwonka-gmina wiejska,makowski
2438,Janków,437.557,681.873,0678452,44008,kolonia,Łaskarzew-gmina wiejska,garwoliński
2439,Janochy,579.562,681.476,0522081,44040,wieś,Troszyn-gmina wiejska,ostrołęcki
2440,Janopole,532.229,614.873,0120804,44047,wieś,Nowe Miasto-gmina miejsko-wiejska,płoński
2441,Janopole,559.932,645.140,0508690,44046,wieś,Czerwonka-gmina wiejska,makowski
2442,Janoszyce,534.217,536.292,0560868,44054,wieś,Brudzeń Duży-gmina wiejska,płocki
2443,Janowięta,566.688,614.839,0121502,44135,wieś,Opinogóra Górna-gmina wiejska,ciechanowski
2444,Janowo,515.018,610.328,0010381,44183,wieś,Zakroczym-gmina miejsko-wiejska,nowodworski
2445,Janowo,544.184,662.167,0518866,44176,wieś,Rząśnik-gmina wiejska,wyszkowski
2446,Janowo,499.361,705.379,0678216,44188,wieś,Liw-gmina wiejska,węgrowski
2447,Januszew,500.635,576.987,0731838,44400,wieś,Młodzieszyn-gmina wiejska,sochaczewski
2448,Januszewo,514.176,596.330,0119422,44413,wieś,Naruszewo-gmina wiejska,płoński
2449,Januszno,405.447,674.045,0630735,44424,wieś,Pionki-gmina wiejska,radomski
2450,Januszówka,469.570,731.938,0696444,44435,wieś,Zbuczyn-gmina wiejska,siedlecki
2451,Janów,468.366,656.236,0003493,44236,wieś,Karczew-gmina miejsko-wiejska,otwocki
2452,Janów,490.349,626.217,0008792,44230,wieś,Stare Babice-gmina wiejska,warszawski zachodni
2453,Janów,496.160,586.731,0009679,44228,wieś,Brochów-gmina wiejska,sochaczewski
2454,Janów,445.791,645.465,0616630,44240,wieś,Chynów-gmina wiejska,grójecki
2455,Janów,413.913,677.786,0627489,44244,wieś,Kozienice-gmina miejsko-wiejska,kozienicki
2456,Janów,384.411,612.447,0633780,44268,wieś,Przysucha-gmina miejsko-wiejska,przysuski
2457,Janów,365.354,674.467,0636330,44249,wieś,Sienno-gmina miejsko-wiejska,lipski
2458,Janów,392.787,654.970,0636991,44247,wieś,Skaryszew-gmina miejsko-wiejska,radomski
2459,Janów,391.088,672.974,0639759,44248,wieś,Tczów-gmina wiejska,zwoleński
2460,Janów,483.640,681.476,0681715,44237,wieś,Mińsk Mazowiecki-gmina wiejska,miński
2461,Janów,490.483,579.747,0731790,44229,wieś,Młodzieszyn-gmina wiejska,sochaczewski
2462,Janów-Mikołajówka,501.880,612.777,0001264,44284,wieś,Czosnów-gmina wiejska,nowodworski
2463,Janówek,499.234,617.164,0001270,44312,wieś,Czosnów-gmina wiejska,nowodworski
2464,Janówek,460.270,624.837,0009120,44319,wieś,Tarczyn-gmina miejsko-wiejska,piaseczyński
2465,Janówek,494.819,550.273,0572720,44310,wieś,Pacyna-gmina wiejska,gostyniński
2466,Janówek,447.225,630.836,0622210,44320,wieś,Grójec-gmina miejsko-wiejska,grójecki
2467,Janówek,404.408,608.962,0629956,44325,wieś,Odrzywół-gmina miejsko-wiejska,przysuski
2468,Janówek,495.913,692.855,0693517,44321,wieś,Wierzbno-gmina wiejska,węgrowski
2469,Janówek,438.135,698.390,0696792,44324,wieś,Żelechów-gmina miejsko-wiejska,garwoliński
2470,Janówek,445.282,612.358,0732565,44323,wieś,Mszczonów-gmina miejsko-wiejska,żyrardowski
2471,Janówek,472.536,593.845,0739350,44314,wieś,Wiskitki-gmina miejsko-wiejska,żyrardowski
2472,Janówek Drugi,507.869,621.780,0003033,44333,wieś,Jabłonna-gmina wiejska,legionowski
2473,Janówek Duranowski,482.594,584.187,0738332,44335,wieś,Sochaczew-gmina wiejska,sochaczewski
2474,Janówek Pierwszy,509.531,621.636,0008496,44336,wieś,Wieliszew-gmina wiejska,legionowski
2475,Jarentowskie Pole,375.229,693.821,0616215,44505,wieś,Chotcza-gmina wiejska,lipski
2476,Jarluty Duże,569.360,603.973,0124498,44518,wieś,Regimin-gmina wiejska,ciechanowski
2477,Jarluty Małe,569.672,602.148,0124506,44519,wieś,Regimin-gmina wiejska,ciechanowski
2478,Jarnice,503.357,703.288,0677820,44528,wieś,Liw-gmina wiejska,węgrowski
2479,Jarnuty,572.122,677.747,0508276,44538,wieś,Czerwin-gmina wiejska,ostrołęcki
2480,Jarochy,442.129,627.001,0614044,44541,wieś,Belsk Duży-gmina wiejska,grójecki
2481,Jarocin,535.440,589.974,0111679,44545,wieś,Baboszewo-gmina wiejska,płoński
2482,Jaroszewo,558.972,540.083,0578526,44611,wieś,Szczutowo-gmina wiejska,sierpecki
2483,Jaroszewo Biskupie,532.739,560.393,0559730,44613,wieś,Bielsk-gmina wiejska,płocki
2484,Jaroszewo-Wieś,532.580,561.407,0559724,44612,wieś,Bielsk-gmina wiejska,płocki
2485,Jaroszki,405.623,662.855,0630793,44619,wieś,Pionki-gmina wiejska,radomski
2486,Jaroszowa Wola,458.576,638.087,0007108,44624,wieś,Prażmów-gmina wiejska,piaseczyński
2487,Jarosławice,396.737,633.865,0641408,44574,wieś,Wolanów-gmina wiejska,radomski
2488,Jartypory,511.389,710.115,0677850,44662,wieś,Liw-gmina wiejska,węgrowski
2489,Jarzynny Kierz,603.510,614.822,0507839,168392,osada leśna,Chorzele-gmina miejsko-wiejska,przasnyski
2490,Jarzyły,575.210,654.799,0520870,44750,wieś,Sypniewo-gmina wiejska,makowski
2491,Jarząbka,552.288,682.128,0522508,44711,wieś,Wąsewo-gmina wiejska,ostrowski
2492,Jarzębia,372.127,633.625,0639430,44727,osada leśna,Szydłowiec-gmina miejsko-wiejska,szydłowiecki
2493,Jarzębia Łąka,513.219,666.244,0521590,44728,wieś,Tłuszcz-gmina miejsko-wiejska,wołomiński
2494,Jasienica,553.094,705.094,0516353,44779,wieś,Ostrów Mazowiecka-gmina wiejska,ostrowski
2495,Jasienica,508.112,663.370,0521609,44780,wieś,Tłuszcz-gmina miejsko-wiejska,wołomiński
2496,Jasienica-Parcele,553.357,706.957,0394588,44791,wieś,Andrzejewo-gmina wiejska,ostrowski
2497,Jasieniec,576.237,639.203,0511798,44815,osada leśna,Krasnosielc-gmina wiejska,makowski
2498,Jasieniec,521.767,654.193,0520159,44813,wieś,Somianka-gmina wiejska,wyszkowski
2499,Jasieniec,423.647,657.294,0619449,44817,wieś,Głowaczów-gmina miejsko-wiejska,kozienicki
2500,Jasieniec,441.198,633.731,0623681,44816,wieś,Jasieniec-gmina wiejska,grójecki
2501,Jasieniec,484.898,574.223,0736623,44814,wieś,Rybno-gmina wiejska,sochaczewski
2502,Jasieniec Iłżecki Dolny,362.260,652.354,0622670,44829,wieś,Iłża-gmina miejsko-wiejska,radomski
2503,Jasieniec Iłżecki Górny,363.694,652.503,0622718,44830,wieś,Iłża-gmina miejsko-wiejska,radomski
2504,Jasieniec Solecki,383.346,682.447,0642891,44834,wieś,Zwoleń-gmina miejsko-wiejska,zwoleński
2505,Jasieniec-Kolonia,382.782,684.417,0642879,44825,wieś,Zwoleń-gmina miejsko-wiejska,zwoleński
2506,Jasieniec-Maziarze,362.625,653.546,0622983,44826,wieś,Iłża-gmina miejsko-wiejska,radomski
2507,Jasień,512.721,725.605,0684889,44870,wieś,Repki-gmina wiejska,sokołowski
2508,Jasionka,473.992,731.936,0696450,44930,wieś,Zbuczyn-gmina wiejska,siedlecki
2509,Jasionna,418.624,631.881,0614541,44956,wieś,Białobrzegi-gmina miejsko-wiejska,białobrzeski
2510,Jasiony,576.243,546.440,0118569,44990,wieś,Lubowidz-gmina miejsko-wiejska,żuromiński
2511,Jasiorówka,523.716,683.327,0678848,44992,wieś,Łochów-gmina miejsko-wiejska,węgrowski
2512,Jaskółowo,522.922,629.885,0120023,45034,wieś,Nasielsk-gmina miejsko-wiejska,nowodworski
2513,Jastrząb,394.729,605.424,0618881,45121,wieś,Gielniów-gmina miejsko-wiejska,przysuski
2514,Jastrząb,377.293,635.901,0623988,45118,miasto,Jastrząb-gmina miejsko-wiejska,szydłowiecki
2515,Jastrząbka,587.710,650.436,0506107,45132,wieś,Baranowo-gmina wiejska,ostrołęcki
2516,Jastrzębia,499.697,523.417,0564665,87985,wieś,Gostynin-gmina wiejska,gostyniński
2517,Jastrzębia,405.741,655.376,0624249,45149,wieś,Jastrzębia-gmina wiejska,radomski
2518,Jastrzębia,427.481,621.595,0629324,87986,wieś,Mogielnica-gmina miejsko-wiejska,grójecki
2519,Jastrzębia Stara,425.165,621.570,0629330,45166,wieś,Mogielnica-gmina miejsko-wiejska,grójecki
2520,Jastrzębie,468.306,642.387,0006333,45182,wieś,Piaseczno-gmina miejsko-wiejska,piaseczyński
2521,Jastrzębie Kąty,470.018,722.993,0694505,45200,osada,Wiśniew-gmina wiejska,siedlecki
2522,Jastrzębiec,464.376,625.472,0004736,45213,wieś,Lesznowola-gmina wiejska,piaseczyński
2523,Jastrzębiec,582.160,616.365,0113081,45214,wieś,Czernice Borowe-gmina wiejska,przasnyski
2524,Jastrzębnik,463.974,617.996,0740464,45243,wieś,Żabia Wola-gmina wiejska,grodziski
2525,Jaszczułty,540.859,670.785,0509459,45288,wieś,Długosiodło-gmina wiejska,wyszkowski
2526,Jaszowice,396.940,635.866,0642460,45322,wieś,Zakrzew-gmina wiejska,radomski
2527,Jaszowice-Kolonia,398.062,634.677,0642477,45323,kolonia,Zakrzew-gmina wiejska,radomski
2528,Jatne,471.854,664.127,0000885,45411,wieś,Celestynów-gmina wiejska,otwocki
2529,Jawczyce,484.521,626.242,0005813,45431,wieś,Ożarów Mazowiecki-gmina miejsko-wiejska,warszawski zachodni
2530,Jawor Solecki,367.869,673.933,0636353,45460,wieś,Sienno-gmina miejsko-wiejska,lipski
2531,Jaworek,506.886,535.921,0564381,45475,wieś,Gostynin-gmina wiejska,gostyniński
2532,Jaworek,494.219,691.768,0693523,45477,wieś,Wierzbno-gmina wiejska,węgrowski
2533,Jaworowa,477.251,633.570,0007982,45547,wieś,Raszyn-gmina wiejska,pruszkowski
2534,Jaworowo-Jastrzębie,555.633,561.944,0579514,45569,wieś,Zawidz-gmina wiejska,sierpecki
2535,Jaworowo-Kolonia,557.562,558.596,0579566,45564,wieś,Zawidz-gmina wiejska,sierpecki
2536,Jaworowo-Kłódź,558.475,563.726,0579537,45563,wieś,Zawidz-gmina wiejska,sierpecki
2537,Jaworowo-Lipa,559.933,560.642,0579572,45565,wieś,Zawidz-gmina wiejska,sierpecki
2538,Jaworowo-Trębki Stare,509.146,604.012,0010441,45567,wieś,Zakroczym-gmina miejsko-wiejska,nowodworski
2539,Jaworska Wola,368.965,671.546,0636436,45588,wieś,Sienno-gmina miejsko-wiejska,lipski
2540,Jawory Stare,565.300,669.355,0510385,129032,wieś,Goworowo-gmina wiejska,ostrołęcki
2541,Jawory-Podmaście,566.186,669.320,0510110,45606,wieś,Goworowo-gmina wiejska,ostrołęcki
2542,Jawory-Wielkopole,564.219,668.620,0510126,45607,wieś,Goworowo-gmina wiejska,ostrołęcki
2543,Jazgarka,606.720,663.377,0511150,45757,wieś,Kadzidło-gmina wiejska,ostrołęcki
2544,Jazgarzew,465.566,636.855,0006340,45758,wieś,Piaseczno-gmina miejsko-wiejska,piaseczyński
2545,Jazgarzewszczyzna,468.355,635.973,0004771,45759,wieś,Lesznowola-gmina wiejska,piaseczyński
2546,Jaśce,404.900,664.303,0630818,45330,wieś,Pionki-gmina wiejska,radomski
2547,Jaśce,404.216,668.683,0630847,45331,osada leśna,Pionki-gmina wiejska,radomski
2548,Jaźwie,505.755,670.067,0521667,45797,wieś,Tłuszcz-gmina miejsko-wiejska,wołomiński
2549,Jaźwiny,567.034,622.237,0117529,45827,wieś,Krasne-gmina wiejska,przasnyski
2550,Jaźwiny,561.961,541.915,0578408,45823,wieś,Szczutowo-gmina wiejska,sierpecki
2551,Jaźwiny,458.503,689.938,0668815,45829,wieś,Borowie-gmina wiejska,garwoliński
2552,Jaźwiny,458.689,670.693,0683890,45828,wieś,Pilawa-gmina miejsko-wiejska,garwoliński
2553,Jedlanka,409.126,645.594,0624775,45880,wieś,Jedlińsk-gmina wiejska,radomski
2554,Jedlanka,393.965,678.569,0642945,45881,wieś,Zwoleń-gmina miejsko-wiejska,zwoleński
2555,Jedlanka Nowa,374.378,661.579,0623020,45884,wieś,Iłża-gmina miejsko-wiejska,radomski
2556,Jedlanka Stara,372.763,659.433,0623480,45885,wieś,Iłża-gmina miejsko-wiejska,radomski
2557,Jedlanka-Kolonia,371.774,658.414,0623511,45883,kolonia,Iłża-gmina miejsko-wiejska,radomski
2558,Jedlina,469.318,699.761,0694758,45913,wieś,Wodynie-gmina wiejska,siedlecki
2559,Jedlinka,604.417,618.879,0507489,45934,wieś,Chorzele-gmina miejsko-wiejska,przasnyski
2560,Jedlińsk,407.449,647.332,0624806,45945,wieś,Jedlińsk-gmina wiejska,radomski
2561,Jedlnia,402.238,664.411,0630876,45949,wieś,Pionki-gmina wiejska,radomski
2562,Jedlnia-Kolonia,403.954,664.544,0630899,45951,wieś,Pionki-gmina wiejska,radomski
2563,Jedlnia-Letnisko,398.644,662.013,0625444,45952,miasto,Jedlnia-Letnisko-gmina miejsko-wiejska,radomski
2564,Jednorożec,588.783,636.913,0510505,45965,wieś,Jednorożec-gmina wiejska,przasnyski
2565,Jeglijowiec,596.670,660.745,0511189,45998,wieś,Kadzidło-gmina wiejska,ostrołęcki
2566,Jelanka,365.421,672.812,0635589,46029,wieś,Rzeczniów-gmina wiejska,lipski
2567,Jeleni Dół,542.989,687.615,1057290,199583,osada leśna,Brok-gmina miejsko-wiejska,ostrowski
2568,Jelenie,559.874,689.475,0516407,46094,wieś,Ostrów Mazowiecka-gmina wiejska,ostrowski
2569,Jelonek,404.244,609.520,0626627,46230,wieś,Odrzywół-gmina miejsko-wiejska,przysuski
2570,Jelonek,370.582,682.607,0628129,46231,wieś,Lipsko-gmina miejsko-wiejska,lipski
2571,Jelonki,561.352,688.885,0516420,46247,wieś,Ostrów Mazowiecka-gmina wiejska,ostrowski
2572,Jemieliste,556.361,675.328,0510132,46263,wieś,Goworowo-gmina wiejska,ostrołęcki
2573,Jeruzal,419.000,630.489,0642224,46318,wieś,Wyśmierzyce-gmina miejsko-wiejska,białobrzeski
2574,Jeruzal,470.442,695.187,0682790,46316,wieś,Mrozy-gmina miejsko-wiejska,miński
2575,Jeruzale,496.729,717.206,0682092,46322,wieś,Mokobody-gmina wiejska,siedlecki
2576,Jerzyska,527.127,681.833,0678860,46359,wieś,Łochów-gmina miejsko-wiejska,węgrowski
2577,Jerzyska-Gajówka,527.097,681.160,0679061,196115,osada leśna,Łochów-gmina miejsko-wiejska,węgrowski
2578,Jesionka,502.232,614.847,0001287,46388,wieś,Czosnów-gmina wiejska,nowodworski
2579,Jesionka,541.648,592.872,0111685,46387,wieś,Baboszewo-gmina wiejska,płoński
2580,Jesionka,503.605,540.446,0577811,46385,wieś,Szczawin Kościelny-gmina wiejska,gostyniński
2581,Jesionka,461.965,591.607,0739366,46389,wieś,Wiskitki-gmina miejsko-wiejska,żyrardowski
2582,Jesówka,465.696,638.525,0006356,46453,wieś,Piaseczno-gmina miejsko-wiejska,piaseczyński
2583,Jeziora,448.519,621.406,0631396,46526,wieś,Pniewy-gmina wiejska,grójecki
2584,Jeziora-Nowina,449.826,619.360,0631410,46535,wieś,Pniewy-gmina wiejska,grójecki
2585,Jeziorek,475.788,697.709,0682933,46556,osada leśna,Mrozy-gmina miejsko-wiejska,miński
2586,Jeziorko,542.771,681.054,0516979,46656,osada leśna,Ostrów Mazowiecka-gmina wiejska,ostrowski
2587,Jeziorno,414.649,649.422,0624829,46739,wieś,Jedlińsk-gmina wiejska,radomski
2588,Jeziory,484.967,758.652,0015540,46799,wieś,Łosice-gmina miejsko-wiejska,łosicki
2589,Jeziorzany,457.614,625.165,0009142,46815,wieś,Tarczyn-gmina miejsko-wiejska,piaseczyński
2590,Jeziórka,447.761,620.588,0631427,46575,wieś,Pniewy-gmina wiejska,grójecki
2591,Jeziórko,460.337,641.620,0007120,46835,wieś,Prażmów-gmina wiejska,piaseczyński
2592,Jeże,574.872,598.858,0127338,46858,wieś,Stupsk-gmina wiejska,mławski
2593,Jeżewice,457.793,620.285,0009159,46864,wieś,Tarczyn-gmina miejsko-wiejska,piaseczyński
2594,Jeżewo,524.714,592.678,0122068,46878,wieś,Płońsk-gmina wiejska,płoński
2595,Jeżewo,537.715,639.190,0123091,46879,wieś,Pułtusk-gmina miejsko-wiejska,pułtuski
2596,Jeżewo,521.299,534.114,0572096,46874,wieś,Nowy Duninów-gmina wiejska,płocki
2597,Jeżewo,549.750,555.543,0579589,46876,wieś,Zawidz-gmina wiejska,sierpecki
2598,Jeżewo-Wesel,558.057,578.239,0123524,46883,wieś,Raciąż-gmina wiejska,płoński
2599,Jeżówka,478.071,588.123,0738349,46923,wieś,Sochaczew-gmina wiejska,sochaczewski
2600,Joachimów,479.912,729.490,0686664,47044,wieś,Siedlce-gmina wiejska,siedlecki
2601,Joanin,503.202,684.308,0670344,47048,wieś,Dobre-gmina miejsko-wiejska,miński
2602,Joniec,527.396,606.991,0116599,47123,wieś,Joniec-gmina wiejska,płoński
2603,Joniec-Kolonia,527.180,606.114,0116607,47125,kolonia,Joniec-gmina wiejska,płoński
2604,Jonne,565.846,554.858,0119209,47137,wieś,Lutocin-gmina wiejska,żuromiński
2605,Jordanów,513.604,550.517,0563849,47160,wieś,Gąbin-gmina miejsko-wiejska,płocki
2606,Jugi,512.532,685.312,0675488,47510,wieś,Korytnica-gmina wiejska,węgrowski
2607,Juhana,500.442,742.169,0675212,47520,kolonia,Korczew-gmina wiejska,siedlecki
2608,Julianowo,553.500,570.406,0125345,47544,wieś,Siemiątkowo-gmina wiejska,żuromiński
2609,Julianów,456.230,643.995,0001637,47558,wieś,Góra Kalwaria-gmina miejsko-wiejska,piaseczyński
2610,Julianów,471.790,640.771,0006379,47554,wieś,Piaseczno-gmina miejsko-wiejska,piaseczyński
2611,Julianów,436.387,626.475,0614050,47563,wieś,Belsk Duży-gmina wiejska,grójecki
2612,Julianów,435.402,615.314,0614966,47562,wieś,Błędów-gmina wiejska,grójecki
2613,Julianów,386.971,676.324,0639788,47568,wieś,Tczów-gmina wiejska,zwoleński
2614,Julianów,476.986,678.405,0687103,47582,wieś,Siennica-gmina miejsko-wiejska,miński
2615,Julinek,491.098,608.502,0004423,47594,osada,Leszno-gmina wiejska,warszawski zachodni
2616,Juliopol,492.373,582.436,0731850,47596,wieś,Młodzieszyn-gmina wiejska,sochaczewski
2617,Juliszew,505.609,558.979,0575367,47599,wieś,Słubice-gmina wiejska,płocki
2618,Juliszewo,553.538,589.949,0114637,47602,wieś,Glinojeck-gmina miejsko-wiejska,ciechanowski
2619,Juniewicze,480.937,758.638,0012523,47620,wieś,Huszlew-gmina wiejska,łosicki
2620,Jurandów,451.460,650.620,0616646,47639,wieś,Chynów-gmina wiejska,grójecki
2621,Jurgi,557.863,669.303,0510155,47672,wieś,Goworowo-gmina wiejska,ostrołęcki
2622,Jurgi,559.184,668.887,0510161,47673,osada leśna,Goworowo-gmina wiejska,ostrołęcki
2623,Jurki,450.575,622.399,0631440,47688,wieś,Pniewy-gmina wiejska,grójecki
2624,Juryszewo,524.624,556.810,0573606,47742,wieś,Radzanowo-gmina wiejska,płocki
2625,Jurzyn,539.775,613.353,0120810,47748,wieś,Nowe Miasto-gmina miejsko-wiejska,płoński
2626,Jurzynek,537.563,616.232,0120827,47749,wieś,Nowe Miasto-gmina miejsko-wiejska,płoński
2627,Justynów,505.638,712.767,0688841,47763,wieś,Sokołów Podlaski-gmina wiejska,sokołowski
2628,Justynów,493.437,578.986,0731927,47762,wieś,Młodzieszyn-gmina wiejska,sochaczewski
2629,Justynówka,437.447,636.563,0623698,47768,wieś,Jasieniec-gmina wiejska,grójecki
2630,Józefin,487.411,659.205,0002795,47208,wieś,Halinów-gmina miejsko-wiejska,miński
2631,Józefin,485.039,683.677,0673549,47209,wieś,Jakubów-gmina wiejska,miński
2632,Józefin,502.154,744.989,0675123,47212,wieś,Korczew-gmina wiejska,siedlecki
2633,Józefin,483.712,708.165,0676654,47210,wieś,Kotuń-gmina wiejska,siedlecki
2634,Józefin,502.418,664.313,0684145,47207,wieś,Poświętne-gmina wiejska,wołomiński
2635,Józefina,463.829,614.160,0740783,47233,wieś,Żabia Wola-gmina wiejska,grodziski
2636,Józefków,508.035,520.983,0564398,47270,wieś,Gostynin-gmina wiejska,gostyniński
2637,Józefków,496.793,538.870,0577828,47271,wieś,Szczawin Kościelny-gmina wiejska,gostyniński
2638,Józefosław,472.459,640.146,0006362,47274,wieś,Piaseczno-gmina miejsko-wiejska,piaseczyński
2639,Józefowice,458.556,626.978,0009165,47276,wieś,Tarczyn-gmina miejsko-wiejska,piaseczyński
2640,Józefowo,524.392,607.226,0116613,47316,wieś,Joniec-gmina wiejska,płoński
2641,Józefowo,587.946,579.687,0118316,47311,wieś,Lipowiec Kościelny-gmina wiejska,mławski
2642,Józefowo,562.924,576.773,0124297,47314,wieś,Radzanów-gmina wiejska,mławski
2643,Józefowo,566.163,588.876,0126741,47313,wieś,Strzegowo-gmina wiejska,mławski
2644,Józefowo,556.793,671.993,0510149,47317,wieś,Goworowo-gmina wiejska,ostrołęcki
2645,Józefowo,571.141,633.981,0517803,47323,wieś,Przasnysz-gmina wiejska,przasnyski
2646,Józefowo,545.028,659.957,0518872,47319,wieś,Rząśnik-gmina wiejska,wyszkowski
2647,Józefowo,558.919,533.453,0578414,47308,wieś,Szczutowo-gmina wiejska,sierpecki
2648,Józefy,500.266,692.303,0693530,47460,wieś,Wierzbno-gmina wiejska,węgrowski
2649,Józefów,491.453,600.379,0003174,47345,wieś,Kampinos-gmina wiejska,warszawski zachodni
2650,Józefów,504.768,634.752,0005606,47343,wieś,Nieporęt-gmina wiejska,legionowski
2651,Józefów,482.390,616.064,0005820,47349,osada,Ożarów Mazowiecki-gmina miejsko-wiejska,warszawski zachodni
2652,Józefów,517.387,649.996,0508951,47342,wieś,Dąbrówka-gmina wiejska,wołomiński
2653,Józefów,415.747,655.427,0619886,47371,wieś,Głowaczów-gmina miejsko-wiejska,kozienicki
2654,Józefów,434.183,633.171,0620464,47358,wieś,Goszczyn-gmina wiejska,grójecki
2655,Józefów,410.251,647.351,0625154,47372,kolonia,Jedlińsk-gmina wiejska,radomski
2656,Józefów,382.867,649.903,0626930,47378,wieś,Kowala-gmina wiejska,radomski
2657,Józefów,362.968,680.249,0628135,47379,wieś,Lipsko-gmina miejsko-wiejska,lipski
2658,Józefów,420.609,605.105,0629672,47360,kolonia,Nowe Miasto nad Pilicą-gmina miejsko-wiejska,grójecki
2659,Józefów,450.752,616.019,0631433,47352,wieś,Pniewy-gmina wiejska,grójecki
2660,Józefów,390.096,675.114,0639771,47377,wieś,Tczów-gmina wiejska,zwoleński
2661,Józefów,395.915,684.081,0642968,47382,wieś,Zwoleń-gmina miejsko-wiejska,zwoleński
2662,Józefów,444.684,683.849,0671711,47363,wieś,Górzno-gmina wiejska,garwoliński
2663,Józefów,476.756,670.330,0681738,47351,wieś,Mińsk Mazowiecki-gmina wiejska,miński
2664,Józefów,511.758,683.001,0691903,47354,wieś,Strachówka-gmina wiejska,wołomiński
2665,Józefów,463.272,595.832,0739372,47347,wieś,Wiskitki-gmina miejsko-wiejska,żyrardowski
2666,Józefów,477.466,652.562,0920404,47350,miasto,Józefów-gmina miejska,otwocki
2667,Józefówek,404.906,650.940,0624841,47454,przysiółek,Jedlińsk-gmina wiejska,radomski
2668,Józin,512.439,730.216,0684895,47462,wieś,Repki-gmina wiejska,sokołowski
2669,Józin,485.453,577.101,0736646,47461,wieś,Rybno-gmina wiejska,sochaczewski
2670,Józinek,528.529,555.553,0559747,47465,wieś,Bielsk-gmina wiejska,płocki
2671,Józinek,461.740,687.325,1054251,199533,osada leśna,Parysów-gmina wiejska,garwoliński
2672,Jączewo,535.529,551.137,0559718,45864,wieś,Bielsk-gmina wiejska,płocki
2673,Jędrzejewo,535.728,602.732,0125799,46996,wieś,Sochocin-gmina miejsko-wiejska,płoński
2674,Jędrzejnik,479.228,668.975,0670083,47000,wieś,Dębe Wielkie-gmina wiejska,miński
2675,Jędrzejów Nowy,484.216,686.071,0673621,47012,wieś,Jakubów-gmina wiejska,miński
2676,Jędrzejów Stary,484.789,686.736,0673650,47013,wieś,Jakubów-gmina wiejska,miński
2677,Kabat,550.000,673.226,0509838,47821,osada,Długosiodło-gmina wiejska,wyszkowski
2678,Kacice,535.656,640.704,0123100,47865,wieś,Pułtusk-gmina miejsko-wiejska,pułtuski
2679,Kacperków,410.117,620.978,0632361,47875,wieś,Potworów-gmina wiejska,przysuski
2680,Kacperówka,441.354,614.173,0614972,47876,wieś,Błędów-gmina wiejska,grójecki
2681,Kacprowice,393.066,639.986,0641414,47877,wieś,Wolanów-gmina wiejska,radomski
2682,Kacprówek,441.000,683.404,0678392,47883,wieś,Łaskarzew-gmina wiejska,garwoliński
2683,Kacpury,547.961,695.937,0516614,47884,wieś,Ostrów Mazowiecka-gmina wiejska,ostrowski
2684,Kaczeniec,525.971,678.771,0678831,168415,osada leśna,Łochów-gmina miejsko-wiejska,węgrowski
2685,Kaczka,556.180,674.034,0510178,47989,wieś,Goworowo-gmina wiejska,ostrołęcki
2686,Kaczkowo Nowe,544.080,698.998,0507130,88822,wieś,Brok-gmina miejsko-wiejska,ostrowski
2687,Kaczkowo Stare,544.608,698.251,0507153,129041,wieś,Brok-gmina miejsko-wiejska,ostrowski
2688,Kaczków,458.123,609.560,0732571,48007,wieś,Mszczonów-gmina miejsko-wiejska,żyrardowski
2689,Kaczorowy,541.167,577.814,0123547,48065,wieś,Raciąż-gmina wiejska,płoński
2690,Kaczory,470.308,724.561,0694468,48084,wieś,Wiśniew-gmina wiejska,siedlecki
2691,Kaczory,470.745,705.359,0694764,48083,wieś,Wodynie-gmina wiejska,siedlecki
2692,Kady,471.427,614.036,0002246,48207,wieś,Grodzisk Mazowiecki-gmina miejsko-wiejska,grodziski
2693,Kadzidło,599.541,664.430,0511195,48219,wieś,Kadzidło-gmina wiejska,ostrołęcki
2694,Kadzielnia,581.971,613.660,0113230,48227,wieś,Czernice Borowe-gmina wiejska,przasnyski
2695,Kadłubek,363.817,675.648,0636459,48182,wieś,Sienno-gmina miejsko-wiejska,lipski
2696,Kadłubek-Podlas,415.912,645.429,1053725,155922,wieś,Stara Błotnica-gmina wiejska,białobrzeski
2697,Kadłubowo,525.601,579.049,0113879,48191,wieś,Dzierzążnia-gmina wiejska,płoński
2698,Kadłubska Wola,409.396,632.314,0634822,48194,wieś,Radzanów-gmina wiejska,białobrzeski
2699,Kadłubówka,534.206,607.397,0120833,48192,wieś,Nowe Miasto-gmina miejsko-wiejska,płoński
2700,Kadź,405.356,615.282,0626633,48239,wieś,Klwów-gmina wiejska,przysuski
2701,Kajetany,471.179,624.320,0005339,48284,wieś,Nadarzyn-gmina wiejska,pruszkowski
2702,Kajetanów,375.682,659.279,0622753,48269,wieś,Iłża-gmina miejsko-wiejska,radomski
2703,Kaki-Mroczki,586.798,626.125,0512361,48309,wieś,Krzynowłoga Mała-gmina wiejska,przasnyski
2704,Kalaty,519.113,693.476,0690973,48327,wieś,Stoczek-gmina wiejska,węgrowski
2705,Kaleje,578.550,544.378,0119008,48339,wieś,Lubowidz-gmina miejsko-wiejska,żuromiński
2706,Kaleń,502.029,541.020,0577840,48355,wieś,Szczawin Kościelny-gmina wiejska,gostyniński
2707,Kaleń,394.143,628.556,0640656,48367,wieś,Wieniawa-gmina wiejska,przysuski
2708,Kaleń,461.682,616.186,0740470,48359,wieś,Żabia Wola-gmina wiejska,grodziski
2709,Kaleń Drugi,430.759,687.495,0688315,48365,wieś,Sobolew-gmina wiejska,garwoliński
2710,Kaleń Pierwszy,433.038,687.561,0688309,48364,wieś,Sobolew-gmina wiejska,garwoliński
2711,Kaleń-Towarzystwo,461.947,617.048,0740487,48372,wieś,Żabia Wola-gmina wiejska,grodziski
2712,Kalina,442.013,653.161,0640194,48424,wieś,Warka-gmina miejsko-wiejska,grójecki
2713,Kalinowiec,566.048,635.737,0517370,48488,wieś,Płoniawy-Bramura-gmina wiejska,makowski
2714,Kalinowiec,516.605,692.813,0678877,48492,wieś,Łochów-gmina miejsko-wiejska,węgrowski
2715,Kalinowo,542.331,674.520,0509488,48497,wieś,Długosiodło-gmina wiejska,wyszkowski
2716,Kalinowo,547.365,651.388,0515187,48496,wieś,Obryte-gmina wiejska,pułtuski
2717,Kalinowo,555.325,703.415,0516436,48498,wieś,Ostrów Mazowiecka-gmina wiejska,ostrowski
2718,Kalinowo,555.215,703.167,0516488,193440,osada leśna,Ostrów Mazowiecka-gmina wiejska,ostrowski
2719,Kalinowo-Parcele,553.873,703.689,0516494,48509,wieś,Ostrów Mazowiecka-gmina wiejska,ostrowski
2720,Kalinów,416.424,644.897,0638961,48525,wieś,Stromiec-gmina wiejska,białobrzeski
2721,Kalinów,445.035,694.002,0696817,48524,wieś,Żelechów-gmina miejsko-wiejska,garwoliński
2722,Kalinów Mały,361.891,665.072,0635490,48530,wieś,Rzeczniów-gmina wiejska,lipski
2723,Kalinówek,364.506,689.438,0637571,48534,wieś,Solec nad Wisłą-gmina miejsko-wiejska,lipski
2724,Kaliska,521.434,678.568,0678883,48587,wieś,Łochów-gmina miejsko-wiejska,węgrowski
2725,Kaliski,500.286,736.459,0683453,48593,wieś,Paprotnia-gmina wiejska,siedlecki
2726,Kaliski,496.356,745.672,0684441,48594,wieś,Przesmyki-gmina wiejska,siedlecki
2727,Kalisko,597.743,650.575,0506231,48604,wieś,Baranowo-gmina wiejska,ostrołęcki
2728,Kalisz,565.491,610.548,0124512,48614,wieś,Regimin-gmina wiejska,ciechanowski
2729,Kaliszki,502.364,618.489,0001293,48631,wieś,Czosnów-gmina wiejska,nowodworski
2730,Kalonka,464.567,677.814,0683915,48684,wieś,Pilawa-gmina miejsko-wiejska,garwoliński
2731,Kamianka,499.886,762.061,0017495,48898,wieś,Platerów-gmina wiejska,łosicki
2732,Kamianka,573.616,669.608,0519423,48895,wieś,Rzekuń-gmina wiejska,ostrołęcki
2733,Kamianka,511.399,731.026,0684903,48896,wieś,Repki-gmina wiejska,sokołowski
2734,Kamianka Nadbużna,537.301,726.983,0402709,48901,wieś,Nur-gmina wiejska,ostrowski
2735,Kamianka-Stokowo,538.449,727.984,0402715,48900,wieś,Nur-gmina wiejska,ostrowski
2736,Kamianki Lackie,500.272,743.793,0684470,48909,wieś,Przesmyki-gmina wiejska,siedlecki
2737,Kamianki-Czabaje,500.559,744.787,0684458,48906,wieś,Przesmyki-gmina wiejska,siedlecki
2738,Kamianki-Nicki,499.831,743.954,0684493,48907,wieś,Przesmyki-gmina wiejska,siedlecki
2739,Kamianki-Wańki,498.229,744.267,0684501,48908,wieś,Przesmyki-gmina wiejska,siedlecki
2740,Kamienica,512.948,600.181,0129774,48940,wieś,Załuski-gmina wiejska,płoński
2741,Kamienica,585.447,631.076,0510586,48945,osada leśna,Jednorożec-gmina wiejska,przasnyski
2742,Kamienica-Kozaki,512.993,599.997,0129797,175538,kolonia,Załuski-gmina wiejska,płoński
2743,Kamienica-Wygoda,509.963,601.710,0129805,48960,wieś,Załuski-gmina wiejska,płoński
2744,Kamienice-Ślesice,565.531,622.081,0117251,48977,kolonia,Krasne-gmina wiejska,przasnyski
2745,Kamieniec,491.936,541.056,0577857,49019,wieś,Szczawin Kościelny-gmina wiejska,gostyniński
2746,Kamieniec,471.754,703.239,0694770,49022,wieś,Wodynie-gmina wiejska,siedlecki
2747,Kamienna Wola,407.132,605.434,0629962,49283,wieś,Odrzywół-gmina miejsko-wiejska,przysuski
2748,Kamienne Działki,411.535,614.898,0626596,49316,kolonia,Klwów-gmina wiejska,przysuski
2749,Kamień,585.738,612.827,0114212,49438,wieś,Dzierzgowo-gmina wiejska,mławski
2750,Kamień,417.445,637.530,0614564,49444,wieś,Białobrzegi-gmina miejsko-wiejska,białobrzeski
2751,Kamień Duży,391.544,621.875,0640679,49475,wieś,Wieniawa-gmina wiejska,przysuski
2752,Kamień-Słubice,498.375,550.222,0563855,49473,wieś,Gąbin-gmina miejsko-wiejska,płocki
2753,Kamieńczyk,529.373,672.033,0522939,49535,wieś,Wyszków-gmina miejsko-wiejska,wyszkowski
2754,Kamieńczyk,530.416,732.038,0690387,49537,wieś,Sterdyń-gmina wiejska,sokołowski
2755,Kamieńczyk Borowy,544.661,727.731,0395197,49541,wieś,Boguty-Pianki-gmina wiejska,ostrowski
2756,Kamieńczyk Wielki,543.861,726.579,0395205,49542,wieś,Boguty-Pianki-gmina wiejska,ostrowski
2757,Kamieńczyk-Ryciorki,545.328,727.049,0395174,49540,wieś,Boguty-Pianki-gmina wiejska,ostrowski
2758,Kamieńszczyzna,486.609,575.021,0736675,49563,wieś,Rybno-gmina wiejska,sochaczewski
2759,Kamion,523.276,528.678,0572104,49594,wieś,Nowy Duninów-gmina wiejska,płocki
2760,Kamion,500.425,581.966,0731940,49595,wieś,Młodzieszyn-gmina wiejska,sochaczewski
2761,Kamion,454.076,586.423,0734802,49596,wieś,Puszcza Mariańska-gmina wiejska,żyrardowski
2762,Kamion Duży,499.519,581.645,0731956,49598,wieś,Młodzieszyn-gmina wiejska,sochaczewski
2763,Kamion Mały,500.696,582.550,0731962,49599,wieś,Młodzieszyn-gmina wiejska,sochaczewski
2764,Kamion Podgórny,499.721,580.532,0731979,49600,wieś,Młodzieszyn-gmina wiejska,sochaczewski
2765,Kamion Poduchowny,500.589,581.916,0731985,49601,wieś,Młodzieszyn-gmina wiejska,sochaczewski
2766,Kamionka,467.586,635.833,0006385,49697,wieś,Piaseczno-gmina miejsko-wiejska,piaseczyński
2767,Kamionka,456.971,639.717,0007143,49701,wieś,Prażmów-gmina wiejska,piaseczyński
2768,Kamionka,552.933,594.227,0114778,49684,osada leśna,Glinojeck-gmina miejsko-wiejska,ciechanowski
2769,Kamionka,491.848,549.564,0572802,49689,wieś,Pacyna-gmina wiejska,gostyniński
2770,Kamionka,454.616,688.402,0668844,49703,wieś,Borowie-gmina wiejska,garwoliński
2771,Kamionka,494.093,685.489,0673555,49704,wieś,Jakubów-gmina wiejska,miński
2772,Kamionka,469.288,689.001,0677620,49700,wieś,Latowicz-gmina miejsko-wiejska,miński
2773,Kamionka,455.327,604.983,0732588,49692,wieś,Mszczonów-gmina miejsko-wiejska,żyrardowski
2774,Kamionka,458.820,609.402,0735279,49693,wieś,Radziejowice-gmina wiejska,żyrardowski
2775,Kamionka,467.627,587.855,0739389,49691,wieś,Wiskitki-gmina miejsko-wiejska,żyrardowski
2776,Kamionki,530.741,543.280,0576131,49830,wieś,Stara Biała-gmina wiejska,płocki
2777,Kamionna,527.064,629.908,0129314,49874,wieś,Winnica-gmina wiejska,pułtuski
2778,Kamionna,520.282,687.908,0678937,49875,wieś,Łochów-gmina miejsko-wiejska,węgrowski
2779,Kamionowo,579.767,695.327,0522098,49882,wieś,Troszyn-gmina wiejska,ostrołęcki
2780,Kamińsk,403.211,643.782,0624858,49579,wieś,Jedlińsk-gmina wiejska,radomski
2781,Kampinos,490.339,599.566,0003197,49904,wieś,Kampinos-gmina wiejska,warszawski zachodni
2782,Kampinos A,489.515,600.073,0003205,49905,wieś,Kampinos-gmina wiejska,warszawski zachodni
2783,Kamyk,404.321,672.540,0631261,49917,wieś,Pionki-gmina wiejska,radomski
2784,Kanabród,510.240,733.800,0684932,49946,wieś,Repki-gmina wiejska,sokołowski
2785,Kania Nowa,519.372,643.752,0008310,87999,wieś,Serock-gmina miejsko-wiejska,legionowski
2786,Kania Polska,519.426,644.651,0008250,50033,wieś,Serock-gmina miejsko-wiejska,legionowski
2787,Kanie,475.587,621.357,0000572,50042,wieś,Brwinów-gmina miejsko-wiejska,pruszkowski
2788,Kanigowo,519.218,564.063,0560354,50056,wieś,Bodzanów-gmina miejsko-wiejska,płocki
2789,Kanigówek,553.984,599.276,0112489,50059,wieś,Ciechanów-gmina wiejska,ciechanowski
2790,Kaniosy,364.022,663.973,0635780,50067,wieś,Rzeczniów-gmina wiejska,lipski
2791,Kaplin,426.340,620.633,0629347,50221,wieś,Mogielnica-gmina miejsko-wiejska,grójecki
2792,Kaptury,553.437,651.907,0521331,116698,wieś,Szelków-gmina wiejska,makowski
2793,Kaptury,493.274,566.457,0566240,50254,wieś,Iłów-gmina wiejska,sochaczewski
2794,Kaputy,486.266,621.887,0005842,50276,wieś,Ożarów Mazowiecki-gmina miejsko-wiejska,warszawski zachodni
2795,Kapuściaki,493.302,711.107,0682100,50262,wieś,Mokobody-gmina wiejska,siedlecki
2796,Kapuśniki,553.577,534.888,0571369,50273,wieś,Mochowo-gmina wiejska,sierpecki
2797,Karaska,602.629,654.294,0511321,50311,kolonia,Kadzidło-gmina wiejska,ostrołęcki
2798,Karaska-Leśniczówka,601.769,654.443,0511344,193281,osada leśna,Kadzidło-gmina wiejska,ostrołęcki
2799,Karbówko,579.546,627.117,0517890,50360,przysiółek,Przasnysz-gmina wiejska,przasnyski
2800,Karcze,475.453,738.180,0696467,50386,wieś,Zbuczyn-gmina wiejska,siedlecki
2801,Karczew,470.122,654.171,0920500,50414,miasto,Karczew-gmina miejsko-wiejska,otwocki
2802,Karczewiec,500.437,700.326,0693546,50419,wieś,Wierzbno-gmina wiejska,węgrowski
2803,Karczewizna,518.172,687.797,0678966,50421,wieś,Łochów-gmina miejsko-wiejska,węgrowski
2804,Karczunek,452.143,664.232,0687741,50527,wieś,Sobienie-Jeziory-gmina wiejska,otwocki
2805,Karczówka,394.802,610.014,0635247,50509,wieś,Rusinów-gmina wiejska,przysuski
2806,Karczówka,393.440,679.545,0642951,50507,wieś,Zwoleń-gmina miejsko-wiejska,zwoleński
2807,Kargoszyn,560.736,607.860,0112495,50577,wieś,Ciechanów-gmina wiejska,ciechanowski
2808,Karlewo,565.237,539.360,0578437,50614,wieś,Szczutowo-gmina wiejska,sierpecki
2809,Karlusin,508.238,723.509,0688858,50634,kolonia,Sokołów Podlaski-gmina wiejska,sokołowski
2810,Karnice,454.860,598.900,0734819,50692,wieś,Puszcza Mariańska-gmina wiejska,żyrardowski
2811,Karniewek,527.647,643.576,0122683,50698,wieś,Pokrzywnica-gmina wiejska,pułtuski
2812,Karniewo,554.183,633.975,0116889,50703,wieś,Karniewo-gmina wiejska,makowski
2813,Karniewo,566.672,605.946,0124535,50702,wieś,Regimin-gmina wiejska,ciechanowski
2814,Karniszyn,568.208,560.638,0112058,50714,wieś,Bieżuń-gmina miejsko-wiejska,żuromiński
2815,Karniszyn-Parcele,568.686,562.045,0112064,50715,wieś,Bieżuń-gmina miejsko-wiejska,żuromiński
2816,Karnkowo,511.187,599.399,0561968,50719,wieś,Czerwińsk nad Wisłą-gmina miejsko-wiejska,płoński
2817,Karolew,512.966,662.035,0508968,50747,wieś,Dąbrówka-gmina wiejska,wołomiński
2818,Karolew,504.085,664.134,0511479,50748,wieś,Klembów-gmina wiejska,wołomiński
2819,Karolew,510.973,549.162,0563861,50746,wieś,Gąbin-gmina miejsko-wiejska,płocki
2820,Karolew,451.364,615.932,0631462,50752,wieś,Pniewy-gmina wiejska,grójecki
2821,Karolew,507.183,710.663,0688893,50753,wieś,Sokołów Podlaski-gmina wiejska,sokołowski
2822,Karolewo,582.267,640.021,0511841,50793,wieś,Krasnosielc-gmina wiejska,makowski
2823,Karolewo,525.353,530.624,0572110,50790,wieś,Nowy Duninów-gmina wiejska,płocki
2824,Karolewo,556.998,540.589,0574853,50789,wieś,Sierpc-gmina wiejska,sierpecki
2825,Karolin,465.332,630.434,0006600,193582,osada,Piaseczno-gmina miejsko-wiejska,piaseczyński
2826,Karolin,432.014,634.388,0632800,50807,wieś,Promna-gmina wiejska,białobrzeski
2827,Karolin,385.053,677.639,0642997,50812,wieś,Zwoleń-gmina miejsko-wiejska,zwoleński
2828,Karolina,457.524,649.732,0001755,50819,wieś,Góra Kalwaria-gmina miejsko-wiejska,piaseczyński
2829,Karolina,484.617,676.470,0681744,50818,wieś,Mińsk Mazowiecki-gmina wiejska,miński
2830,Karolina,478.478,605.931,0723017,50817,wieś,Baranów-gmina wiejska,grodziski
2831,Karolina-Kolonia,484.011,675.964,0681750,50824,kolonia,Mińsk Mazowiecki-gmina wiejska,miński
2832,Karolino,516.349,637.501,0008266,50834,wieś,Serock-gmina miejsko-wiejska,legionowski
2833,Karolinowo,537.459,608.418,0120840,50838,wieś,Nowe Miasto-gmina miejsko-wiejska,płoński
2834,Karolinowo,556.218,564.741,0125351,50837,przysiółek,Siemiątkowo-gmina wiejska,żuromiński
2835,Karolinowo,521.737,604.478,0129828,50840,wieś,Załuski-gmina wiejska,płoński
2836,Karolinów,495.713,595.998,0003145,50844,wieś,Kampinos-gmina wiejska,warszawski zachodni
2837,Karolinów,516.898,671.242,0523548,50843,wieś,Zabrodzie-gmina wiejska,wyszkowski
2838,Karolków Rybnowski,489.387,574.328,0736698,50867,wieś,Rybno-gmina wiejska,sochaczewski
2839,Karolków Szwarocki,481.919,579.676,0736712,50868,wieś,Rybno-gmina wiejska,sochaczewski
2840,Karolów,380.444,684.960,0616238,50872,wieś,Chotcza-gmina wiejska,lipski
2841,Karolów,357.308,670.516,0636465,50874,wieś,Sienno-gmina miejsko-wiejska,lipski
2842,Karpin,514.940,657.248,0508974,50943,wieś,Dąbrówka-gmina wiejska,wołomiński
2843,Karpinek,488.799,607.324,1058935,236319,osada,Leszno-gmina wiejska,warszawski zachodni
2844,Karpiska,466.410,667.021,0674715,50970,wieś,Kołbiel-gmina wiejska,otwocki
2845,Karpówka,405.657,664.087,0630853,50999,wieś,Pionki-gmina wiejska,radomski
2846,Karpówka,405.707,664.570,0630860,168402,osada leśna,Pionki-gmina wiejska,radomski
2847,Karskie,507.672,737.583,0684955,51023,wieś,Repki-gmina wiejska,sokołowski
2848,Karsy,543.608,570.171,0563269,51036,wieś,Drobin-gmina miejsko-wiejska,płocki
2849,Karszówka,392.076,668.819,0621104,51073,wieś,Gózd-gmina wiejska,radomski
2850,Karwacz,573.915,631.323,0517909,51102,wieś,Przasnysz-gmina wiejska,przasnyski
2851,Karwacz,573.981,632.325,0517915,168397,osada leśna,Przasnysz-gmina wiejska,przasnyski
2852,Karwacz,573.981,632.325,1057657,168397,osada leśna,Przasnysz-gmina wiejska,przasnyski
2853,Karwosieki-Cholewice,535.192,539.761,0560874,51158,wieś,Brudzeń Duży-gmina wiejska,płocki
2854,Karwosieki-Noskowice,534.506,538.470,0560880,51159,wieś,Brudzeń Duży-gmina wiejska,płocki
2855,Karwowo,488.345,585.264,0738355,51168,wieś,Sochaczew-gmina wiejska,sochaczewski
2856,Karwowo Duchowne,513.327,570.175,0560377,51167,wieś,Bodzanów-gmina miejsko-wiejska,płocki
2857,Karwowo-Podgórne,530.928,575.573,0576639,51165,wieś,Staroźreby-gmina miejsko-wiejska,płocki
2858,Karłowo,571.622,641.062,0511887,50654,osada leśna,Krasnosielc-gmina wiejska,makowski
2859,Karłowo,493.327,567.780,0566256,50653,wieś,Iłów-gmina wiejska,sochaczewski
2860,Kaski,480.421,598.254,0723046,51218,wieś,Baranów-gmina wiejska,grodziski
2861,Kaszewiec,559.616,663.357,0518620,51276,wieś,Różan-gmina miejsko-wiejska,makowski
2862,Kaszewiec,558.448,664.315,0518636,175484,osada leśna,Goworowo-gmina wiejska,ostrołęcki
2863,Kaszewska Wola,406.698,632.882,0634160,51278,wieś,Przytyk-gmina miejsko-wiejska,radomski
2864,Kaszów,407.365,635.260,0638145,51289,wieś,Stara Błotnica-gmina wiejska,białobrzeski
2865,Katarzynów,432.618,611.274,0614989,51366,wieś,Błędów-gmina wiejska,grójecki
2866,Katarzynów,373.254,685.561,0628158,51368,wieś,Lipsko-gmina miejsko-wiejska,lipski
2867,Kawieczyno,592.976,617.003,0512378,51487,wieś,Krzynowłoga Mała-gmina wiejska,przasnyski
2868,Kawęczyn,466.456,649.039,0003808,51440,wieś,Konstancin-Jeziorna-gmina miejsko-wiejska,piaseczyński
2869,Kawęczyn,454.454,631.008,0009171,51441,wieś,Tarczyn-gmina miejsko-wiejska,piaseczyński
2870,Kawęczyn,426.109,678.646,0680360,51443,wieś,Maciejowice-gmina miejsko-wiejska,garwoliński
2871,Kawęczyn,479.262,592.115,0738770,51438,wieś,Teresin-gmina wiejska,sochaczewski
2872,Kawęczyn,379.195,684.339,1067199,255474,wieś,Ciepielów-gmina miejsko-wiejska,lipski
2873,Kawęczynek,466.598,646.519,0003820,51474,wieś,Konstancin-Jeziorna-gmina miejsko-wiejska,piaseczyński
2874,Kazanów,381.555,672.090,0625728,51554,miasto,Kazanów-gmina miejsko-wiejska,zwoleński
2875,Kazimierki,433.397,609.846,0614995,51562,wieś,Błędów-gmina wiejska,grójecki
2876,Kazimierków,437.038,645.169,0640202,51563,wieś,Warka-gmina miejsko-wiejska,grójecki
2877,Kazimierzów,489.233,774.929,0020267,51625,wieś,Stara Kornica-gmina wiejska,łosicki
2878,Kazimierzów,513.207,530.179,0564412,51619,wieś,Gostynin-gmina wiejska,gostyniński
2879,Kazimierzów,388.778,667.943,0639794,51628,wieś,Tczów-gmina wiejska,zwoleński
2880,Kazimierzów,486.597,689.786,0673816,51622,wieś,Kałuszyn-gmina miejsko-wiejska,miński
2881,Kazimierzów,518.530,701.449,0690996,51623,wieś,Stoczek-gmina wiejska,węgrowski
2882,Kazimierzów,493.102,692.981,0693552,51624,wieś,Wierzbno-gmina wiejska,węgrowski
2883,Kazimierów,488.310,661.552,0002803,51571,wieś,Halinów-gmina miejsko-wiejska,miński
2884,Kazimierówka,387.673,659.792,0637016,51576,wieś,Skaryszew-gmina miejsko-wiejska,radomski
2885,Kazuń Nowy,507.255,614.499,0001382,51669,wieś,Czosnów-gmina wiejska,nowodworski
2886,Kazuń Polski,505.164,613.120,0001324,51670,wieś,Czosnów-gmina wiejska,nowodworski
2887,Kazuń-Bielany,505.552,613.731,0001318,51667,wieś,Czosnów-gmina wiejska,nowodworski
2888,Kazuń-Bielany,505.891,614.250,1056267,199568,osada,Czosnów-gmina wiejska,nowodworski
2889,Kałki,545.314,599.959,0121123,48804,wieś,Ojrzeń-gmina wiejska,ciechanowski
2890,Kałków,376.697,678.915,0617344,48810,wieś,Ciepielów-gmina miejsko-wiejska,lipski
2891,Kałuszyn,511.474,627.161,0008504,48828,wieś,Wieliszew-gmina wiejska,legionowski
2892,Kałuszyn,486.261,692.151,0975380,48829,miasto,Kałuszyn-gmina miejsko-wiejska,miński
2893,Kałęczyn,470.417,610.329,0002252,48792,wieś,Grodzisk Mazowiecki-gmina miejsko-wiejska,grodziski
2894,Kałęczyn,539.499,617.273,0126209,48788,wieś,Sońsk-gmina wiejska,ciechanowski
2895,Kałęczyn,543.746,721.049,0402678,48789,wieś,Nur-gmina wiejska,ostrowski
2896,Kałęczyn,565.925,646.545,0508709,48786,wieś,Czerwonka-gmina wiejska,makowski
2897,Kałęczyn,520.939,701.234,0690980,48794,wieś,Stoczek-gmina wiejska,węgrowski
2898,Kańkowo,543.247,705.951,0514319,50132,wieś,Małkinia Górna-gmina miejsko-wiejska,ostrowski
2899,Kańkowo-Piecki,545.822,706.987,0411594,50133,wieś,Zaręby Kościelne-gmina wiejska,ostrowski
2900,Kaźmierków,492.371,539.871,0577917,51676,wieś,Szczawin Kościelny-gmina wiejska,gostyniński
2901,Kaźmierów,482.657,589.607,0738361,51679,wieś,Sochaczew-gmina wiejska,sochaczewski
2902,Kicin,543.550,603.215,0121130,52664,wieś,Ojrzeń-gmina wiejska,ciechanowski
2903,Kiciny,518.476,670.693,0523554,52667,wieś,Zabrodzie-gmina wiejska,wyszkowski
2904,Kiczki Drugie,471.579,687.573,0669016,52744,wieś,Cegłów-gmina miejsko-wiejska,miński
2905,Kiczki Pierwsze,471.548,686.094,0669039,52745,wieś,Cegłów-gmina miejsko-wiejska,miński
2906,Kiedrzyn,394.327,657.276,0621110,52823,wieś,Gózd-gmina wiejska,radomski
2907,Kiedrzyn,415.988,619.091,0642030,52822,wieś,Wyśmierzyce-gmina miejsko-wiejska,białobrzeski
2908,Kielczykowizna,497.214,662.202,0684151,52841,wieś,Poświętne-gmina wiejska,wołomiński
2909,Kierkut,408.984,614.666,0626604,53049,kolonia,Klwów-gmina wiejska,przysuski
2910,Kierszek,472.068,642.356,0003872,53099,wieś,Konstancin-Jeziorna-gmina miejsko-wiejska,piaseczyński
2911,Kierzek,598.890,654.201,0511261,53143,wieś,Kadzidło-gmina wiejska,ostrołęcki
2912,Kieszek,402.176,662.030,0630907,53191,wieś,Pionki-gmina wiejska,radomski
2913,Kietlanka,546.910,714.254,0411619,53203,wieś,Zaręby Kościelne-gmina wiejska,ostrowski
2914,Kietlanka,510.334,692.078,0675548,53204,osada,Korytnica-gmina wiejska,węgrowski
2915,Kiezie,532.486,728.373,0690453,53219,wieś,Sterdyń-gmina wiejska,sokołowski
2916,Kiełbaski,483.763,768.125,0020296,52876,wieś,Stara Kornica-gmina wiejska,łosicki
2917,Kiełbowo,541.863,574.423,0123553,52896,wieś,Raciąż-gmina wiejska,płoński
2918,Kiełczew,537.726,699.137,0514325,52904,wieś,Małkinia Górna-gmina miejsko-wiejska,ostrowski
2919,Kiełki,541.949,583.939,0111691,52942,wieś,Baboszewo-gmina wiejska,płoński
2920,Kiełki-Osada,543.335,583.878,1060234,226816,kolonia,Baboszewo-gmina wiejska,płoński
2921,Kiełpieniec,501.441,535.958,0564429,52955,wieś,Gostynin-gmina wiejska,gostyniński
2922,Kiełpin,500.435,627.040,0005144,52967,wieś,Łomianki-gmina miejsko-wiejska,warszawski zachodni
2923,Kiełpin Poduchowny,500.861,627.714,0005150,52970,wieś,Łomianki-gmina miejsko-wiejska,warszawski zachodni
2924,Kiełpiniec,533.370,726.958,0690430,52979,wieś,Sterdyń-gmina wiejska,sokołowski
2925,Kiełtyki,513.385,573.823,0570714,53006,wieś,Mała Wieś-gmina wiejska,płocki
2926,Kijanka,381.362,691.153,0616250,53233,wieś,Chotcza-gmina wiejska,lipski
2927,Kijewice,578.720,623.050,0517921,53262,wieś,Przasnysz-gmina wiejska,przasnyski
2928,Kikoły,514.728,622.493,0006801,53310,wieś,Pomiechówek-gmina wiejska,nowodworski
2929,Kiniki,545.866,578.128,0123560,53357,wieś,Raciąż-gmina wiejska,płoński
2930,Kipichy,581.238,543.161,0118575,53370,wieś,Lubowidz-gmina miejsko-wiejska,żuromiński
2931,Kirsztajnów,491.650,591.783,0003211,53390,wieś,Kampinos-gmina wiejska,warszawski zachodni
2932,Kisielany-Kuce,490.366,717.643,0682117,53402,wieś,Mokobody-gmina wiejska,siedlecki
2933,Kisielany-Żmichy,490.229,716.544,0682123,53403,wieś,Mokobody-gmina wiejska,siedlecki
2934,Kisielew,501.936,759.475,0017503,53408,wieś,Platerów-gmina wiejska,łosicki
2935,Kisielew,500.737,757.980,1054937,53409,osada leśna,Platerów-gmina wiejska,łosicki
2936,Kisielewo,551.706,550.903,0574876,53413,wieś,Sierpc-gmina wiejska,sierpecki
2937,Kitki,585.732,606.622,0114229,53469,wieś,Dzierzgowo-gmina wiejska,mławski
2938,Kiścinne,496.748,610.427,0001330,53461,wieś,Czosnów-gmina wiejska,nowodworski
2939,Klamy,421.741,631.742,0641970,53517,wieś,Wyśmierzyce-gmina miejsko-wiejska,białobrzeski
2940,Klaski,529.224,639.876,0122708,53540,wieś,Pokrzywnica-gmina wiejska,pułtuski
2941,Klaudyn,491.689,626.469,0991031,53588,wieś,Stare Babice-gmina wiejska,warszawski zachodni
2942,Kleczkowo,580.303,690.918,0522106,53628,wieś,Troszyn-gmina wiejska,ostrołęcki
2943,Klembów,507.043,658.561,0511485,53671,wieś,Klembów-gmina wiejska,wołomiński
2944,Klementynów,419.460,656.227,0619455,53689,wieś,Głowaczów-gmina miejsko-wiejska,kozienicki
2945,Kleniew,499.950,529.811,0564458,53698,wieś,Gostynin-gmina wiejska,gostyniński
2946,Kleniewo,533.441,559.970,0559760,53699,wieś,Bielsk-gmina wiejska,płocki
2947,Klenkor,621.268,673.474,0513521,53703,wieś,Łyse-gmina wiejska,ostrołęcki
2948,Klepaczew,500.087,775.798,0018900,53712,wieś,Sarnaki-gmina wiejska,łosicki
2949,Klepki,519.523,721.566,0685541,53735,wieś,Sabnie-gmina wiejska,sokołowski
2950,Kleszewo,542.844,641.203,0123122,53791,wieś,Pułtusk-gmina miejsko-wiejska,pułtuski
2951,Klewki,574.626,623.459,0517938,53830,wieś,Przasnysz-gmina wiejska,przasnyski
2952,Klice,567.226,601.493,0124558,53879,wieś,Regimin-gmina wiejska,ciechanowski
2953,Kliczewo Duże,576.201,567.428,0130211,53886,wieś,Żuromin-gmina miejsko-wiejska,żuromiński
2954,Kliczewo Małe,576.595,567.551,0130228,53887,wieś,Żuromin-gmina miejsko-wiejska,żuromiński
2955,Kliczki,565.545,602.836,0124570,53888,wieś,Regimin-gmina wiejska,ciechanowski
2956,Klimczyce,505.855,761.982,0018916,53934,wieś,Sarnaki-gmina wiejska,łosicki
2957,Klimczyce-Kolonia,504.927,760.638,0018922,53935,wieś,Sarnaki-gmina wiejska,łosicki
2958,Klimki,608.629,664.993,0511278,53941,wieś,Kadzidło-gmina wiejska,ostrołęcki
2959,Klimonty,564.309,696.074,0520550,53974,wieś,Stary Lubotyń-gmina wiejska,ostrowski
2960,Klimonty,485.320,740.491,0682420,53975,wieś,Mordy-gmina miejsko-wiejska,siedlecki
2961,Klimy,481.040,745.956,0016656,53988,wieś,Olszanka-gmina wiejska,łosicki
2962,Klin,580.407,637.005,0511806,54007,osada,Krasnosielc-gmina wiejska,makowski
2963,Klonowa,395.081,613.450,0635260,54201,wieś,Rusinów-gmina wiejska,przysuski
2964,Klonowa Wola,444.343,653.379,0640219,54204,wieś,Warka-gmina miejsko-wiejska,grójecki
2965,Klonowo,563.183,621.447,0121525,54226,wieś,Opinogóra Górna-gmina wiejska,ciechanowski
2966,Kluczewo,530.229,588.004,0122074,54298,wieś,Płońsk-gmina wiejska,płoński
2967,Kluki,491.152,689.714,0673822,54337,wieś,Kałuszyn-gmina miejsko-wiejska,miński
2968,Kluki,477.675,673.327,0681767,54336,wieś,Mińsk Mazowiecki-gmina wiejska,miński
2969,Klukowo,534.671,617.760,0128496,54345,wieś,Świercze-gmina wiejska,pułtuski
2970,Klukowo,540.788,701.890,0514331,54347,wieś,Małkinia Górna-gmina miejsko-wiejska,ostrowski
2971,Klukówek,534.971,617.015,0128510,54354,wieś,Świercze-gmina wiejska,pułtuski
2972,Klusek,522.575,640.589,0122714,54363,wieś,Pokrzywnica-gmina wiejska,pułtuski
2973,Klusek,515.833,533.462,0564470,54362,wieś,Gostynin-gmina wiejska,gostyniński
2974,Kluszewo,579.644,604.371,0128065,54376,wieś,Szydłowo-gmina wiejska,mławski
2975,Klwatka Królewska,393.602,660.006,0621127,54385,wieś,Gózd-gmina wiejska,radomski
2976,Klwatka Szlachecka,399.207,646.455,0624864,54386,wieś,Jedlińsk-gmina wiejska,radomski
2977,Klwaty,401.253,646.947,0624887,54388,wieś,Jedlińsk-gmina wiejska,radomski
2978,Klwaty-Ludwików,402.532,645.851,0624901,54391,kolonia,Jedlińsk-gmina wiejska,radomski
2979,Klwowska Wola,408.861,612.848,0626640,54392,wieś,Klwów-gmina wiejska,przysuski
2980,Klwów,408.808,613.477,0626656,54394,wieś,Klwów-gmina wiejska,przysuski
2981,Knurowiec,536.739,676.954,0506633,54822,wieś,Brańszczyk-gmina wiejska,wyszkowski
2982,Knychówek,502.596,743.542,0675130,54830,wieś,Korczew-gmina wiejska,siedlecki
2983,Kobiałki,592.562,602.800,0128875,54853,wieś,Wieczfnia Kościelna-gmina wiejska,mławski
2984,Kobierne,484.391,668.275,0670114,54883,wieś,Dębe Wielkie-gmina wiejska,miński
2985,Kobierniki,527.645,538.976,0576148,54886,wieś,Stara Biała-gmina wiejska,płocki
2986,Kobusy,428.849,684.964,0688321,54916,wieś,Sobolew-gmina wiejska,garwoliński
2987,Kobuszyn,571.585,572.523,0127769,54918,wieś,Szreńsk-gmina wiejska,mławski
2988,Kobyla Wola,444.812,682.591,0671770,54966,wieś,Górzno-gmina wiejska,garwoliński
2989,Kobyla Łąka,567.106,564.284,0112070,54961,wieś,Bieżuń-gmina miejsko-wiejska,żuromiński
2990,Kobyla Łąka,566.982,563.457,0112087,54960,kolonia,Bieżuń-gmina miejsko-wiejska,żuromiński
2991,Kobylaki-Czarzaste,586.121,630.698,0510528,54985,wieś,Jednorożec-gmina wiejska,przasnyski
2992,Kobylaki-Konopki,586.592,629.365,0510534,54986,wieś,Jednorożec-gmina wiejska,przasnyski
2993,Kobylaki-Korysze,586.947,628.315,0510540,54987,wieś,Jednorożec-gmina wiejska,przasnyski
2994,Kobylaki-Wólka,587.291,630.641,0510570,54989,wieś,Jednorożec-gmina wiejska,przasnyski
2995,Kobylanka,501.515,683.578,0670373,54993,wieś,Dobre-gmina miejsko-wiejska,miński
2996,Kobylany,484.492,766.144,0020310,55015,wieś,Stara Kornica-gmina wiejska,łosicki
2997,Kobylany,384.600,658.873,0637045,55017,wieś,Skaryszew-gmina miejsko-wiejska,radomski
2998,Kobylany Górne,501.465,729.774,0684961,55026,wieś,Repki-gmina wiejska,sokołowski
2999,Kobylany-Kolonia,385.815,659.353,0637068,55022,wieś,Skaryszew-gmina miejsko-wiejska,radomski
3000,Kobylany-Kozy,499.618,730.225,0683460,55023,wieś,Paprotnia-gmina wiejska,siedlecki
3001,Kobylany-Skorupki,501.244,736.332,0684978,55024,wieś,Repki-gmina wiejska,sokołowski
3002,Kobyle Błoto,519.797,524.018,0572133,55067,osada leśna,Nowy Duninów-gmina wiejska,płocki
3003,Kobylin,558.767,620.397,0121531,55132,wieś,Opinogóra Górna-gmina wiejska,ciechanowski
3004,Kobylin,554.536,671.874,0510184,55133,wieś,Goworowo-gmina wiejska,ostrołęcki
3005,Kobylin,564.807,638.356,0517387,55131,wieś,Płoniawy-Bramura-gmina wiejska,makowski
3006,Kobylin,448.065,629.477,0622233,55136,wieś,Grójec-gmina miejsko-wiejska,grójecki
3007,Kobylinek,563.792,638.200,0517393,55151,wieś,Płoniawy-Bramura-gmina wiejska,makowski
3008,Kobylnica,423.669,677.879,0680390,55167,wieś,Maciejowice-gmina miejsko-wiejska,garwoliński
3009,Kobylnica-Kolonia,422.810,678.394,0680408,192461,kolonia,Maciejowice-gmina miejsko-wiejska,garwoliński
3010,Kobylniki,512.313,583.068,0579141,55188,wieś,Wyszogród-gmina miejsko-wiejska,płocki
3011,Kobyłka,499.311,649.558,0920539,55222,miasto,Kobyłka-gmina miejska,wołomiński
3012,Kocerany,453.891,625.288,0631479,55256,wieś,Pniewy-gmina wiejska,grójecki
3013,Kocewo,565.653,561.231,0112093,55264,wieś,Bieżuń-gmina miejsko-wiejska,żuromiński
3014,Kochany,461.039,698.819,0694787,55312,wieś,Wodynie-gmina wiejska,siedlecki
3015,Kochanów,380.219,618.425,0615411,55295,wieś,Borkowice-gmina wiejska,przysuski
3016,Kochanów,376.370,671.794,0617427,55294,wieś,Ciepielów-gmina miejsko-wiejska,lipski
3017,Kochanów Wieniawski,390.545,624.092,0640739,55299,wieś,Wieniawa-gmina wiejska,przysuski
3018,Kochanówka,360.421,668.346,0636471,55304,wieś,Sienno-gmina miejsko-wiejska,lipski
3019,Kochów,426.740,676.037,0680414,55335,wieś,Maciejowice-gmina miejsko-wiejska,garwoliński
3020,Kociołek,404.105,690.527,0619998,55530,wieś,Gniewoszów-gmina wiejska,kozienicki
3021,Kociołki,411.975,676.508,0627532,55563,wieś,Kozienice-gmina miejsko-wiejska,kozienicki
3022,Kociszew,444.969,632.585,0622240,55572,wieś,Grójec-gmina miejsko-wiejska,grójecki
3023,Kocięcin Brodowy,555.158,581.684,0123576,55457,wieś,Raciąż-gmina wiejska,płoński
3024,Kocięcin-Parcele,553.525,580.412,1057031,55458,kolonia,Raciąż-gmina wiejska,płoński
3025,Kocięcin-Tworki,556.066,583.020,0123582,55456,wieś,Raciąż-gmina wiejska,płoński
3026,Koczargi Nowe,489.157,622.232,0008935,55645,wieś,Stare Babice-gmina wiejska,warszawski zachodni
3027,Koczargi Stare,490.359,622.501,0008970,55646,wieś,Stare Babice-gmina wiejska,warszawski zachodni
3028,Kodłutowo,553.184,577.594,0123607,55679,wieś,Raciąż-gmina wiejska,płoński
3029,Kokoszczyn,551.001,535.389,0571381,55757,wieś,Mochowo-gmina wiejska,sierpecki
3030,Kokoszka,536.053,635.349,0123145,55765,wieś,Pułtusk-gmina miejsko-wiejska,pułtuski
3031,Kokoszki,481.402,683.454,0669080,55775,osada leśna,Cegłów-gmina miejsko-wiejska,miński
3032,Kolczyn,537.814,542.472,0565185,55865,wieś,Gozdowo-gmina wiejska,sierpecki
3033,Koliszewo,537.208,597.384,0125813,55965,wieś,Sochocin-gmina miejsko-wiejska,płoński
3034,Kolno,497.410,660.949,0684168,55998,wieś,Poświętne-gmina wiejska,wołomiński
3035,Kolonia,517.398,623.669,0006959,56032,osada leśna,Pomiechówek-gmina wiejska,nowodworski
3036,Kolonia,396.753,618.766,0632208,4069,kolonia,Przysucha-gmina miejsko-wiejska,przysuski
3037,Kolonia,392.897,615.898,0633768,43848,kolonia,Przysucha-gmina miejsko-wiejska,przysuski
3038,Kolonia Brzeźce,423.229,638.523,0614512,11385,kolonia,Białobrzegi-gmina miejsko-wiejska,białobrzeski
3039,Kolonia Bądków,431.980,627.196,0620429,3409,wieś,Goszczyn-gmina wiejska,grójecki
3040,Kolonia Gościeńczyce,451.444,635.945,0007189,35405,wieś,Prażmów-gmina wiejska,piaseczyński
3041,Kolonia Gradowska,478.370,582.974,0733642,56198,wieś,Nowa Sucha-gmina wiejska,sochaczewski
3042,Kolonia Hołowienki,522.451,720.909,0685558,56199,kolonia,Sabnie-gmina wiejska,sokołowski
3043,Kolonia Janów,481.696,679.627,0681780,44299,kolonia,Mińsk Mazowiecki-gmina wiejska,miński
3044,Kolonia Jurki,450.877,623.761,0631456,47693,wieś,Pniewy-gmina wiejska,grójecki
3045,Kolonia Kamieńczykowska,528.470,731.887,0690401,49545,kolonia,Sterdyń-gmina wiejska,sokołowski
3046,Kolonia Kurowice,523.935,726.680,0685564,65519,kolonia,Sabnie-gmina wiejska,sokołowski
3047,Kolonia Kuźnia,379.710,635.641,0623994,65856,wieś,Jastrząb-gmina miejsko-wiejska,szydłowiecki
3048,Kolonia Lesiów,403.826,652.929,0624309,67292,wieś,Jastrzębia-gmina wiejska,radomski
3049,Kolonia Lesznowola,470.190,634.801,0004819,67554,wieś,Lesznowola-gmina wiejska,piaseczyński
3050,Kolonia Mordy,487.609,738.314,0682436,83114,kolonia,Mordy-gmina miejsko-wiejska,siedlecki
3051,Kolonia Mrokowska,464.896,628.025,0004937,83910,wieś,Lesznowola-gmina wiejska,piaseczyński
3052,Kolonia Nadwiślańska,365.474,695.125,0637648,85651,wieś,Solec nad Wisłą-gmina miejsko-wiejska,lipski
3053,Kolonia Ossa,406.767,601.999,0630149,94782,wieś,Odrzywół-gmina miejsko-wiejska,przysuski
3054,Kolonia Paderewek,524.733,727.865,0690482,96211,kolonia,Sterdyń-gmina wiejska,sokołowski
3055,Kolonia Piaski,404.254,641.897,0642320,99677,wieś,Zakrzew-gmina wiejska,radomski
3056,Kolonia Przybyszewo,542.649,546.381,0565200,111468,kolonia,Gozdowo-gmina wiejska,sierpecki
3057,Kolonia Raj,364.307,694.840,0637654,114418,wieś,Solec nad Wisłą-gmina miejsko-wiejska,lipski
3058,Kolonia Rozniszew,439.372,659.011,0628804,117021,wieś,Magnuszew-gmina miejsko-wiejska,kozienicki
3059,Kolonia Seredzice,367.342,654.302,0622760,121304,wieś,Iłża-gmina miejsko-wiejska,radomski
3060,Kolonia Sielce,419.987,652.525,0639015,122104,wieś,Stromiec-gmina wiejska,białobrzeski
3061,Kolonia Siemiątkowska,558.525,564.797,0125368,122190,kolonia,Siemiątkowo-gmina wiejska,żuromiński
3062,Kolonia Sinołęka,489.702,698.545,0672082,122779,kolonia,Grębków-gmina wiejska,węgrowski
3063,Kolonia Sochocin,536.259,598.287,0125960,126101,wieś,Sochocin-gmina miejsko-wiejska,płoński
3064,Kolonia Szczerbacka,376.777,609.452,0633834,134783,wieś,Przysucha-gmina miejsko-wiejska,przysuski
3065,Kolonia Ulów,413.280,614.522,0626857,142862,wieś,Klwów-gmina wiejska,przysuski
3066,Kolonia Warszawska,467.157,628.404,0004759,144366,wieś,Lesznowola-gmina wiejska,piaseczyński
3067,Kolonia Wawrzyszów,393.128,632.596,0641779,144590,wieś,Wolanów-gmina wiejska,radomski
3068,Kolonia Wola Pawłowska,358.544,692.815,0637720,193068,kolonia,Solec nad Wisłą-gmina miejsko-wiejska,lipski
3069,Kolonia Wola Solecka,373.037,690.601,0616296,150288,kolonia,Chotcza-gmina wiejska,lipski
3070,Kolonia Wolanów,392.245,637.007,0641816,150410,wieś,Wolanów-gmina wiejska,radomski
3071,Kolonia Złotki,533.491,702.471,0685794,161993,wieś,Sadowne-gmina wiejska,węgrowski
3072,Kolonia Łaszewska,559.144,564.819,0125457,71476,kolonia,Siemiątkowo-gmina wiejska,żuromiński
3073,Kolonie Stanisławów,496.069,676.668,0689941,127940,wieś,Stanisławów-gmina miejsko-wiejska,miński
3074,Kolonka,400.398,661.934,0630920,56238,wieś,Pionki-gmina wiejska,radomski
3075,Komornica,513.358,630.975,0008510,56658,wieś,Wieliszew-gmina wiejska,legionowski
3076,Komorniki,458.309,627.273,0009188,56678,wieś,Tarczyn-gmina miejsko-wiejska,piaseczyński
3077,Komorowo,555.303,691.788,0516519,56759,wieś,Ostrów Mazowiecka-gmina wiejska,ostrowski
3078,Komorowo,536.400,657.977,0518889,56758,wieś,Rząśnik-gmina wiejska,wyszkowski
3079,Komorowo,555.319,553.576,0574126,56757,wieś,Rościszewo-gmina wiejska,sierpecki
3080,Komory,511.670,692.059,0675502,56819,wieś,Korytnica-gmina wiejska,węgrowski
3081,Komory Błotne,545.959,613.471,0126215,56824,wieś,Sońsk-gmina wiejska,ciechanowski
3082,Komory Dąbrowne,545.088,615.367,0126221,56825,wieś,Sońsk-gmina wiejska,ciechanowski
3083,Komorów,490.290,597.294,0003240,56791,wieś,Kampinos-gmina wiejska,warszawski zachodni
3084,Komorów,476.987,624.250,0005204,56792,wieś,Michałowice-gmina wiejska,pruszkowski
3085,Komorów,391.855,620.668,0640745,56795,wieś,Wieniawa-gmina wiejska,przysuski
3086,Komsin,507.655,590.869,0561974,56854,wieś,Czerwińsk nad Wisłą-gmina miejsko-wiejska,płoński
3087,Konary,493.011,587.274,0009691,56884,wieś,Brochów-gmina wiejska,sochaczewski
3088,Konary,526.848,616.646,0120069,56883,wieś,Nasielsk-gmina miejsko-wiejska,nowodworski
3089,Konary,528.623,552.104,0559782,56882,wieś,Bielsk-gmina wiejska,płocki
3090,Konary,448.095,652.742,0640225,56885,wieś,Warka-gmina miejsko-wiejska,grójecki
3091,Konary,395.531,628.339,0640633,56886,wieś,Wieniawa-gmina wiejska,przysuski
3092,Konary,511.847,664.696,1067064,56897,wieś,Tłuszcz-gmina miejsko-wiejska,wołomiński
3093,Konarze,547.381,728.644,0395116,56899,wieś,Boguty-Pianki-gmina wiejska,ostrowski
3094,Konarzewo Wielkie,554.512,624.406,0115080,56914,kolonia,Gołymin-Ośrodek-gmina wiejska,ciechanowski
3095,Konarzewo-Bolesty,557.211,626.540,0116895,56908,wieś,Karniewo-gmina wiejska,makowski
3096,Konarzewo-Gołąbki,555.705,625.300,0115111,56909,kolonia,Gołymin-Ośrodek-gmina wiejska,ciechanowski
3097,Konarzewo-Marcisze,554.670,625.570,0115068,56910,wieś,Gołymin-Ośrodek-gmina wiejska,ciechanowski
3098,Konarzewo-Reczki,553.597,626.108,0115074,56911,osada,Gołymin-Ośrodek-gmina wiejska,ciechanowski
3099,Konarzewo-Skuze,554.863,624.796,0115128,56912,wieś,Gołymin-Ośrodek-gmina wiejska,ciechanowski
3100,Konarzewo-Sławki,553.461,624.834,0115097,56913,wieś,Gołymin-Ośrodek-gmina wiejska,ciechanowski
3101,Kondrajec,537.925,602.476,0125836,56939,wieś,Sochocin-gmina miejsko-wiejska,płoński
3102,Kondrajec Pański,549.803,583.393,0114643,56940,wieś,Glinojeck-gmina miejsko-wiejska,ciechanowski
3103,Kondrajec Pański,550.494,583.606,1053814,199516,osada leśna,Glinojeck-gmina miejsko-wiejska,ciechanowski
3104,Kondrajec Szlachecki,548.959,585.786,0114666,56941,wieś,Glinojeck-gmina miejsko-wiejska,ciechanowski
3105,Konie,450.961,617.713,0631485,56989,wieś,Pniewy-gmina wiejska,grójecki
3106,Konopaty,586.785,551.682,0991048,57177,wieś,Lubowidz-gmina miejsko-wiejska,żuromiński
3107,Konopki,571.262,598.159,0127350,57185,wieś,Stupsk-gmina wiejska,mławski
3108,Konotopa,482.805,624.328,0005871,57243,wieś,Ożarów Mazowiecki-gmina miejsko-wiejska,warszawski zachodni
3109,Konotopa,561.982,588.397,0126758,57240,wieś,Strzegowo-gmina wiejska,mławski
3110,Konstancin-Jeziorna,471.870,645.019,0920634,57292,miasto,Konstancin-Jeziorna-gmina miejsko-wiejska,piaseczyński
3111,Konstantynów,498.899,554.013,0563884,57318,wieś,Gąbin-gmina miejsko-wiejska,płocki
3112,Konstantynów,365.598,681.784,0628224,57328,kolonia,Lipsko-gmina miejsko-wiejska,lipski
3113,Konstantynów,482.562,576.370,0736735,57322,wieś,Rybno-gmina wiejska,sochaczewski
3114,Konstantów,479.290,608.526,0000187,57302,wieś,Błonie-gmina miejsko-wiejska,warszawski zachodni
3115,Kontrewers,559.136,591.466,0126764,57357,wieś,Strzegowo-gmina wiejska,mławski
3116,Kontrowers,509.449,636.394,1053850,57377,osada leśna,Nieporęt-gmina wiejska,legionowski
3117,Kopaczyska,600.497,650.482,0506248,57520,wieś,Baranowo-gmina wiejska,ostrołęcki
3118,Kopana,454.462,627.675,0009194,57624,wieś,Tarczyn-gmina miejsko-wiejska,piaseczyński
3119,Kopaniec,524.278,643.189,0524051,57658,wieś,Zatory-gmina wiejska,pułtuski
3120,Kopaniny,387.699,676.416,0643264,57740,wieś,Zwoleń-gmina miejsko-wiejska,zwoleński
3121,Kopce,479.263,757.335,0012530,57851,wieś,Huszlew-gmina wiejska,łosicki
3122,Kopcie,468.804,715.501,0670781,57876,wieś,Domanice-gmina wiejska,siedlecki
3123,Kopcie,491.368,706.553,0672099,57877,wieś,Grębków-gmina wiejska,węgrowski
3124,Kopcie,490.088,722.680,0692179,57875,wieś,Suchożebry-gmina wiejska,siedlecki
3125,Kopiec,382.889,667.445,0625757,57988,wieś,Kazanów-gmina miejsko-wiejska,zwoleński
3126,Kopiska,472.743,603.253,0723112,58053,wieś,Baranów-gmina wiejska,grodziski
3127,Kopki,476.816,662.280,0010004,58069,wieś,Wiązowna-gmina wiejska,otwocki
3128,Koprki,484.598,619.186,0005888,58100,wieś,Ożarów Mazowiecki-gmina miejsko-wiejska,warszawski zachodni
3129,Kopytów,483.487,612.843,0000193,58174,wieś,Błonie-gmina miejsko-wiejska,warszawski zachodni
3130,Kopytów-Majątek,483.204,612.943,0000201,195914,osada,Błonie-gmina miejsko-wiejska,warszawski zachodni
3131,Korabie,503.292,716.799,0668324,58181,wieś,Bielany-gmina wiejska,sokołowski
3132,Korabiewice,455.103,597.655,0734825,58182,wieś,Puszcza Mariańska-gmina wiejska,żyrardowski
3133,Korboniec,581.914,588.176,0129573,58207,wieś,Wiśniewo-gmina wiejska,mławski
3134,Korczaki,577.223,670.439,0519430,58246,wieś,Rzekuń-gmina wiejska,ostrołęcki
3135,Korczew,504.819,745.852,0675146,58250,wieś,Korczew-gmina wiejska,siedlecki
3136,Korczówka,480.196,753.103,0016662,58262,wieś,Olszanka-gmina wiejska,łosicki
3137,Korczówka-Kolonia,481.507,754.208,0016679,58265,wieś,Olszanka-gmina wiejska,łosicki
3138,Kordowo,578.650,668.204,0515862,58305,wieś,Olszewo-Borki-gmina wiejska,ostrołęcki
3139,Korfowe,490.692,603.893,0004446,58408,wieś,Leszno-gmina wiejska,warszawski zachodni
3140,Kornaciska,548.029,674.266,0509502,58430,wieś,Długosiodło-gmina wiejska,wyszkowski
3141,Kornelin,480.012,582.522,0733659,58462,wieś,Nowa Sucha-gmina wiejska,sochaczewski
3142,Kornelówka,454.145,617.641,0631491,58464,wieś,Pniewy-gmina wiejska,grójecki
3143,Kornica-Kolonia,484.522,771.598,0020474,58474,kolonia,Stara Kornica-gmina wiejska,łosicki
3144,Koryciany,495.498,738.391,0683476,58533,wieś,Paprotnia-gmina wiejska,siedlecki
3145,Koryciska,518.810,606.144,0129834,58549,wieś,Załuski-gmina wiejska,płoński
3146,Koryciska,386.627,626.722,0640768,58551,wieś,Wieniawa-gmina wiejska,przysuski
3147,Koryta,456.386,636.907,0007203,58584,wieś,Prażmów-gmina wiejska,piaseczyński
3148,Korytnica,509.277,693.771,0675519,58619,wieś,Korytnica-gmina wiejska,węgrowski
3149,Korytnica,431.764,691.847,0692452,58620,wieś,Trojanów-gmina wiejska,garwoliński
3150,Korytowo,525.672,580.852,0113885,58648,wieś,Dzierzążnia-gmina wiejska,płoński
3151,Korytów,462.899,601.348,0735291,58654,wieś,Radziejowice-gmina wiejska,żyrardowski
3152,Korytów A,464.267,600.922,1063043,58655,wieś,Radziejowice-gmina wiejska,żyrardowski
3153,Korzeniówka,460.317,630.507,0009248,58710,wieś,Tarczyn-gmina miejsko-wiejska,piaseczyński
3154,Korzeń,421.095,630.009,0641986,58724,wieś,Wyśmierzyce-gmina miejsko-wiejska,białobrzeski
3155,Korzeń Królewski,507.125,542.513,0569496,58733,wieś,Łąck-gmina wiejska,płocki
3156,Korzeń Rządowy,506.280,540.950,0569510,58734,wieś,Łąck-gmina wiejska,płocki
3157,Korzybie,532.769,585.282,0111700,58760,wieś,Baboszewo-gmina wiejska,płoński
3158,Korzybie,574.834,603.787,0128071,58759,wieś,Szydłowo-gmina wiejska,mławski
3159,Korzyce,383.735,626.964,0639216,58763,wieś,Szydłowiec-gmina miejsko-wiejska,szydłowiecki
3160,Kosemin,555.626,559.873,0579626,58823,wieś,Zawidz-gmina wiejska,sierpecki
3161,Kosewko,515.287,615.783,0006818,58832,wieś,Pomiechówek-gmina wiejska,nowodworski
3162,Kosewo,512.515,614.213,0006824,58838,wieś,Pomiechówek-gmina wiejska,nowodworski
3163,Kosewo,526.928,619.959,0120075,58834,wieś,Nasielsk-gmina miejsko-wiejska,nowodworski
3164,Kosewo,577.343,565.602,0130234,58833,wieś,Żuromin-gmina miejsko-wiejska,żuromiński
3165,Kosewo,565.164,695.356,0520567,58835,wieś,Stary Lubotyń-gmina wiejska,ostrowski
3166,Kosierady Wielkie,504.579,716.208,0688901,58863,wieś,Sokołów Podlaski-gmina wiejska,sokołowski
3167,Kosino,521.515,563.080,0573641,58886,wieś,Radzanowo-gmina wiejska,płocki
3168,Kosiny Bartosowe,576.350,588.018,0129580,58893,wieś,Wiśniewo-gmina wiejska,mławski
3169,Kosiny Kapiczne,576.886,588.622,0129596,58894,wieś,Wiśniewo-gmina wiejska,mławski
3170,Kosiorowo,538.292,625.747,0128527,58903,wieś,Świercze-gmina wiejska,pułtuski
3171,Koskowo,570.934,699.928,0520573,58931,wieś,Stary Lubotyń-gmina wiejska,ostrowski
3172,Kosmaczewo,544.077,559.576,0579632,58938,wieś,Zawidz-gmina wiejska,sierpecki
3173,Kosmowo,580.238,613.915,0113098,58967,wieś,Czernice Borowe-gmina wiejska,przasnyski
3174,Kosmy-Pruszki,544.905,611.741,0126244,58978,wieś,Sońsk-gmina wiejska,ciechanowski
3175,Kosny,417.879,653.874,0619478,58982,wieś,Głowaczów-gmina miejsko-wiejska,kozienicki
3176,Kossaki,536.460,727.631,0402721,59055,wieś,Nur-gmina wiejska,ostrowski
3177,Kossobudy,548.070,579.069,0123636,59062,wieś,Raciąż-gmina wiejska,płoński
3178,Kostki,518.061,716.327,0688918,59076,wieś,Sokołów Podlaski-gmina wiejska,sokołowski
3179,Kostki-Pieńki,519.001,718.061,0685570,59077,wieś,Sabnie-gmina wiejska,sokołowski
3180,Kostowiec,467.350,619.285,0005500,59100,wieś,Nadarzyn-gmina wiejska,pruszkowski
3181,Kostrogaj,522.378,549.897,0573687,59106,wieś,Radzanowo-gmina wiejska,płocki
3182,Kostrzyn,413.506,619.942,0641992,59135,wieś,Wyśmierzyce-gmina miejsko-wiejska,białobrzeski
3183,Kostusin,359.800,685.313,0628069,59156,wieś,Lipsko-gmina miejsko-wiejska,lipski
3184,Kosumce,459.796,655.665,0003530,59161,wieś,Karczew-gmina miejsko-wiejska,otwocki
3185,Kosuty,547.854,709.521,0411625,59164,wieś,Zaręby Kościelne-gmina wiejska,ostrowski
3186,Koszajec,479.571,618.608,0000595,59176,wieś,Brwinów-gmina miejsko-wiejska,pruszkowski
3187,Koszajec,488.994,570.542,0736770,59175,wieś,Rybno-gmina wiejska,sochaczewski
3188,Koszary,363.832,657.215,0622820,59253,wieś,Iłża-gmina miejsko-wiejska,radomski
3189,Koszary,394.400,676.482,0643028,59252,wieś,Zwoleń-gmina miejsko-wiejska,zwoleński
3190,Koszelew,503.591,546.528,0563890,59299,wieś,Gąbin-gmina miejsko-wiejska,płocki
3191,Koszelówka,489.898,772.586,0020356,59306,wieś,Stara Kornica-gmina wiejska,łosicki
3192,Koszelówka,507.673,548.229,0569527,59305,wieś,Łąck-gmina wiejska,płocki
3193,Koszewnica,482.333,704.220,0676683,59311,wieś,Kotuń-gmina wiejska,siedlecki
3194,Koszewnica,499.537,696.325,0693569,59312,wieś,Wierzbno-gmina wiejska,węgrowski
3195,Koszorów,375.862,624.874,0615836,59327,wieś,Chlewiska-gmina wiejska,szydłowiecki
3196,Koszówka,491.214,600.954,0003180,59332,wieś,Kampinos-gmina wiejska,warszawski zachodni
3197,Kosów,466.343,625.162,0004788,59030,wieś,Lesznowola-gmina wiejska,piaseczyński
3198,Kosów,389.233,643.657,0627058,59032,wieś,Kowala-gmina wiejska,radomski
3199,Kosów Lacki,529.999,713.073,0676128,59040,miasto,Kosów Lacki-gmina miejsko-wiejska,sokołowski
3200,Kosów Ruski,527.864,711.374,0676157,59043,wieś,Kosów Lacki-gmina miejsko-wiejska,sokołowski
3201,Kosów-Hulidów,528.877,714.143,0676105,59037,wieś,Kosów Lacki-gmina miejsko-wiejska,sokołowski
3202,Kotarwice,387.945,647.276,0627064,59619,wieś,Kowala-gmina wiejska,radomski
3203,Kotermań,564.777,611.968,0121608,59655,wieś,Opinogóra Górna-gmina wiejska,ciechanowski
3204,Kotfin,388.555,599.904,0618898,59657,wieś,Gielniów-gmina miejsko-wiejska,przysuski
3205,Kotlarka,365.495,659.657,0991019,59671,wieś,Iłża-gmina miejsko-wiejska,radomski
3206,Kotorydz,460.966,628.269,0009254,59759,wieś,Tarczyn-gmina miejsko-wiejska,piaseczyński
3207,Kotowice,477.988,614.843,0000603,59772,wieś,Brwinów-gmina miejsko-wiejska,pruszkowski
3208,Kotuń,483.534,709.839,0676690,59841,wieś,Kotuń-gmina wiejska,siedlecki
3209,Kotłowacz,362.387,669.858,0635595,59727,wieś,Rzeczniów-gmina wiejska,lipski
3210,Kotłówka,440.893,702.670,0696830,59742,wieś,Żelechów-gmina miejsko-wiejska,garwoliński
3211,Kowala-Duszocina,393.431,637.426,0641443,59878,wieś,Wolanów-gmina wiejska,radomski
3212,Kowala-Kolonia,387.362,644.111,0627087,59884,wieś,Kowala-gmina wiejska,radomski
3213,Kowala-Stępocina,386.291,644.233,0627070,59873,wieś,Kowala-gmina wiejska,radomski
3214,Kowalanka,392.875,638.666,0641800,59886,wieś,Wolanów-gmina wiejska,radomski
3215,Kowale,535.385,580.789,0111716,59910,wieś,Baboszewo-gmina wiejska,płoński
3216,Kowalewice Nowe,533.905,624.777,0128579,59955,wieś,Świercze-gmina wiejska,pułtuski
3217,Kowalewice Włościańskie,533.930,623.649,0128556,59956,wieś,Świercze-gmina wiejska,pułtuski
3218,Kowalewko,552.349,585.274,0114672,59964,wieś,Glinojeck-gmina miejsko-wiejska,ciechanowski
3219,Kowalewko,570.554,585.308,0126818,59963,wieś,Strzegowo-gmina wiejska,mławski
3220,Kowalewko,528.749,542.235,0576190,59962,wieś,Stara Biała-gmina wiejska,płocki
3221,Kowalewo,572.721,585.550,0129604,59974,wieś,Wiśniewo-gmina wiejska,mławski
3222,Kowalewo,542.198,559.919,0563298,59975,wieś,Drobin-gmina miejsko-wiejska,płocki
3223,Kowalewo Podborne,542.688,548.378,0565222,59991,wieś,Gozdowo-gmina wiejska,sierpecki
3224,Kowalewo-Boguszyce,542.689,547.135,0565216,59981,wieś,Gozdowo-gmina wiejska,sierpecki
3225,Kowalewo-Skorupki,541.205,547.000,0565239,59987,wieś,Gozdowo-gmina wiejska,sierpecki
3226,Kowalicha,518.517,652.486,0508997,59999,wieś,Dąbrówka-gmina wiejska,wołomiński
3227,Kowalków,377.260,667.479,0625792,60032,wieś,Kazanów-gmina miejsko-wiejska,zwoleński
3228,Kowalków-Kolonia,376.515,665.053,0625881,60034,wieś,Kazanów-gmina miejsko-wiejska,zwoleński
3229,Kowalówka,553.918,708.138,0394594,60077,wieś,Andrzejewo-gmina wiejska,ostrowski
3230,Kowalówka,387.462,645.596,0627093,60079,wieś,Kowala-gmina wiejska,radomski
3231,Kowiesowo,448.937,605.334,0732594,60161,wieś,Mszczonów-gmina miejsko-wiejska,żyrardowski
3232,Kowiesy,499.555,720.476,0668330,60164,wieś,Bielany-gmina wiejska,sokołowski
3233,Kowiesy,448.953,605.804,0732602,60163,wieś,Mszczonów-gmina miejsko-wiejska,żyrardowski
3234,Kownacica,437.497,685.683,0688338,60165,wieś,Sobolew-gmina wiejska,garwoliński
3235,Kownaciska,491.793,727.456,0692185,60169,wieś,Suchożebry-gmina wiejska,siedlecki
3236,Kownatka,562.818,550.497,0574132,60174,wieś,Rościszewo-gmina wiejska,sierpecki
3237,Kownaty,477.998,764.161,0012552,60187,wieś,Huszlew-gmina wiejska,łosicki
3238,Kownaty,572.053,616.814,0113069,60185,kolonia,Czernice Borowe-gmina wiejska,przasnyski
3239,Kownaty,531.872,597.616,0122358,60184,wieś,Płońsk-gmina wiejska,płoński
3240,Kownaty Żędowe,553.564,605.399,0112503,60192,wieś,Ciechanów-gmina wiejska,ciechanowski
3241,Kownaty-Borowe,551.185,603.466,0121146,60188,wieś,Ojrzeń-gmina wiejska,ciechanowski
3242,Kozarzewo,520.035,587.906,0119445,60265,wieś,Naruszewo-gmina wiejska,płoński
3243,Kozdroje,566.678,608.141,0124587,60268,wieś,Regimin-gmina wiejska,ciechanowski
3244,Kozerki,470.742,609.241,0002269,60272,wieś,Grodzisk Mazowiecki-gmina miejsko-wiejska,grodziski
3245,Kozery,472.453,608.781,0002281,60275,wieś,Grodzisk Mazowiecki-gmina miejsko-wiejska,grodziski
3246,Kozery Nowe,472.213,607.740,0002424,88868,wieś,Grodzisk Mazowiecki-gmina miejsko-wiejska,grodziski
3247,Kozia Wola,402.286,637.701,0642483,60403,wieś,Zakrzew-gmina wiejska,radomski
3248,Kozice,506.300,527.553,0564487,60441,wieś,Gostynin-gmina wiejska,gostyniński
3249,Kozice,544.787,542.727,0565423,60442,wieś,Gozdowo-gmina wiejska,sierpecki
3250,Kozice,427.062,691.916,0692475,60443,wieś,Trojanów-gmina wiejska,garwoliński
3251,Koziczyn,569.833,612.825,0124601,60452,wieś,Regimin-gmina wiejska,ciechanowski
3252,Koziebrody,549.044,566.853,0123659,60515,wieś,Raciąż-gmina wiejska,płoński
3253,Koziegłowy,534.562,639.431,0122720,60522,wieś,Pokrzywnica-gmina wiejska,pułtuski
3254,Koziegłowy,434.230,637.687,0623706,60523,wieś,Jasieniec-gmina wiejska,grójecki
3255,Koziel,435.152,620.214,0614067,60532,wieś,Belsk Duży-gmina wiejska,grójecki
3256,Kozielsk,580.819,571.924,0117736,60555,wieś,Kuczbork-Osada-gmina wiejska,żuromiński
3257,Kozienice,416.157,676.546,0973524,60561,miasto,Kozienice-gmina miejsko-wiejska,kozienicki
3258,Kozieniec,408.087,617.405,0632390,60566,wieś,Potworów-gmina wiejska,przysuski
3259,Kozietuły,432.595,622.693,0629353,60586,wieś,Mogielnica-gmina miejsko-wiejska,grójecki
3260,Kozietuły Nowe,431.793,622.332,0629407,60587,wieś,Mogielnica-gmina miejsko-wiejska,grójecki
3261,Koziki,551.415,686.449,0516577,60592,wieś,Ostrów Mazowiecka-gmina wiejska,ostrowski
3262,Koziki-Majdan,551.889,685.585,0516583,60597,wieś,Ostrów Mazowiecka-gmina wiejska,ostrowski
3263,Kozilas,588.746,559.958,0118581,60607,wieś,Lubowidz-gmina miejsko-wiejska,żuromiński
3264,Koziminy-Stachowo,532.904,595.930,0122275,60609,wieś,Płońsk-gmina wiejska,płoński
3265,Kozin,562.644,628.678,0117239,60612,wieś,Krasne-gmina wiejska,przasnyski
3266,Kozinki,399.674,643.008,0642490,60646,wieś,Zakrzew-gmina wiejska,radomski
3267,Koziołek,428.905,656.919,0621854,60678,wieś,Grabów nad Pilicą-gmina wiejska,kozienicki
3268,Kozolin,540.623,578.610,0123665,60843,wieś,Raciąż-gmina wiejska,płoński
3269,Kozołupy,521.595,701.784,0691004,60846,wieś,Stoczek-gmina wiejska,węgrowski
3270,Kozłowiec,389.662,610.591,0633840,60739,wieś,Przysucha-gmina miejsko-wiejska,przysuski
3271,Kozłowo,546.029,632.045,0116004,60753,wieś,Gzy-gmina wiejska,pułtuski
3272,Kozłowo,538.650,563.969,0563329,60752,wieś,Drobin-gmina miejsko-wiejska,płocki
3273,Kozły,512.084,662.770,0521680,60832,wieś,Tłuszcz-gmina miejsko-wiejska,wołomiński
3274,Kozły-Janowo,576.231,605.153,0128088,60836,wieś,Szydłowo-gmina wiejska,mławski
3275,Kozłów,453.677,646.625,0616652,60774,wieś,Chynów-gmina wiejska,grójecki
3276,Kozłów,402.048,655.601,0624261,60777,wieś,Jastrzębia-gmina wiejska,radomski
3277,Kozłów,410.298,626.639,0634851,60776,wieś,Radzanów-gmina wiejska,białobrzeski
3278,Kozłów,414.670,620.819,0642017,60775,wieś,Wyśmierzyce-gmina miejsko-wiejska,białobrzeski
3279,Kozłów,461.985,684.286,0683677,60773,wieś,Parysów-gmina wiejska,garwoliński
3280,Kozłów Biskupi,481.332,581.498,0733725,60784,wieś,Nowa Sucha-gmina wiejska,sochaczewski
3281,Kozłów Szlachecki,478.397,577.945,0734050,60785,wieś,Nowa Sucha-gmina wiejska,sochaczewski
3282,Kozłówka,544.230,632.038,0116010,60798,wieś,Gzy-gmina wiejska,pułtuski
3283,Kozłówko,538.741,562.762,0563335,60829,wieś,Drobin-gmina miejsko-wiejska,płocki
3284,Kołacz,472.255,693.780,0682815,56272,wieś,Mrozy-gmina miejsko-wiejska,miński
3285,Kołaczków,560.353,621.261,0121560,56292,wieś,Opinogóra Górna-gmina wiejska,ciechanowski
3286,Kołaczków,559.901,619.796,1054191,199526,osada leśna,Opinogóra Górna-gmina wiejska,ciechanowski
3287,Kołaki,572.247,665.395,0514710,56301,wieś,Młynarze-gmina wiejska,makowski
3288,Kołaki Małe,578.994,610.965,0115594,56308,przysiółek,Grudusk-gmina wiejska,ciechanowski
3289,Kołaki Wielkie,579.222,611.490,0115588,56309,wieś,Grudusk-gmina wiejska,ciechanowski
3290,Kołaki-Budzyno,566.647,616.914,0121577,56302,wieś,Opinogóra Górna-gmina wiejska,ciechanowski
3291,Kołaki-Kwasy,566.826,613.737,0121590,56303,wieś,Opinogóra Górna-gmina wiejska,ciechanowski
3292,Kołaków,514.948,651.022,0508980,56310,wieś,Dąbrówka-gmina wiejska,wołomiński
3293,Kołbiel,469.393,670.170,0674767,56329,wieś,Kołbiel-gmina wiejska,otwocki
3294,Kołodziąż,530.703,697.715,0685825,56460,wieś,Sadowne-gmina wiejska,węgrowski
3295,Kołodziąż,463.580,703.098,0694793,56461,wieś,Wodynie-gmina wiejska,siedlecki
3296,Kołodziąż-Rybie,531.585,697.431,0685848,56462,wieś,Sadowne-gmina wiejska,węgrowski
3297,Kołoząb,532.774,600.797,0125820,56536,wieś,Sochocin-gmina miejsko-wiejska,płoński
3298,Kończyce-Kolonia,390.995,642.609,0627035,57422,wieś,Kowala-gmina wiejska,radomski
3299,Kościelna Góra,475.060,585.555,0733671,59420,wieś,Nowa Sucha-gmina wiejska,sochaczewski
3300,Kościesze,539.916,621.619,0128533,59495,wieś,Świercze-gmina wiejska,pułtuski
3301,Kościuszków,508.207,539.141,0569533,59566,wieś,Łąck-gmina wiejska,płocki
3302,Kościuszków,400.032,667.824,0631166,59568,wieś,Pionki-gmina wiejska,radomski
3303,Kośmin,450.260,630.009,0622256,59584,wieś,Grójec-gmina miejsko-wiejska,grójecki
3304,Kośminy,471.038,675.498,0687126,59588,wieś,Siennica-gmina miejsko-wiejska,miński
3305,Koźniewo Wielkie,543.839,618.858,0126280,61003,wieś,Sońsk-gmina wiejska,ciechanowski
3306,Koźniewo Średnie,542.419,617.444,0126273,61002,wieś,Sońsk-gmina wiejska,ciechanowski
3307,Koźniewo-Łysaki,544.686,616.893,0126267,61001,wieś,Sońsk-gmina wiejska,ciechanowski
3308,Kożuchów,418.192,628.552,0642046,61015,wieś,Wyśmierzyce-gmina miejsko-wiejska,białobrzeski
3309,Kożuchów,503.889,726.278,0668347,61014,wieś,Bielany-gmina wiejska,sokołowski
3310,Kożuchówek,503.102,727.454,0668353,61019,wieś,Bielany-gmina wiejska,sokołowski
3311,Kożuszki-Kolonia,484.508,592.867,0738390,61034,wieś,Sochaczew-gmina wiejska,sochaczewski
3312,Kożuszki-Parcel,484.931,589.600,0738409,61035,wieś,Sochaczew-gmina wiejska,sochaczewski
3313,Krajewice Duże,546.158,553.035,0579649,61111,wieś,Zawidz-gmina wiejska,sierpecki
3314,Krajewice Małe,547.523,552.691,0579661,61112,wieś,Zawidz-gmina wiejska,sierpecki
3315,Krajewo Wielkie,591.961,620.038,0512415,61129,wieś,Krzynowłoga Mała-gmina wiejska,przasnyski
3316,Krajewo-Kłódki,592.304,618.811,0512390,61122,wieś,Krzynowłoga Mała-gmina wiejska,przasnyski
3317,Krajewo-Wierciochy,589.333,622.350,0512444,61125,przysiółek,Krzynowłoga Mała-gmina wiejska,przasnyski
3318,Krajkowo,548.371,580.959,0123671,61138,wieś,Raciąż-gmina wiejska,płoński
3319,Krajkowo,534.495,560.065,0563341,61139,osada,Drobin-gmina miejsko-wiejska,płocki
3320,Krajkowo-Budki,547.218,582.673,0123688,61141,wieś,Raciąż-gmina wiejska,płoński
3321,Krajów,392.599,618.511,0633863,61165,wieś,Przysucha-gmina miejsko-wiejska,przysuski
3322,Krajęczyn,529.280,607.052,0116620,61133,wieś,Joniec-gmina wiejska,płoński
3323,Krakowiany,463.312,622.416,0005345,61175,wieś,Nadarzyn-gmina wiejska,pruszkowski
3324,Kramkowo Lipskie,538.051,730.451,0402738,61261,wieś,Nur-gmina wiejska,ostrowski
3325,Krasiniec,565.052,633.962,0517619,61319,wieś,Płoniawy-Bramura-gmina wiejska,makowski
3326,Kraski Dolne,431.413,669.988,0680472,61333,wieś,Maciejowice-gmina miejsko-wiejska,garwoliński
3327,Kraski Górne,430.357,669.727,0680489,61334,wieś,Maciejowice-gmina miejsko-wiejska,garwoliński
3328,Kraski-Ślesice,566.132,620.650,0117245,61332,wieś,Krasne-gmina wiejska,przasnyski
3329,Krasna,475.160,764.737,0012569,61346,wieś,Huszlew-gmina wiejska,łosicki
3330,Krasna Dąbrowa,406.272,676.138,0630936,61355,wieś,Pionki-gmina wiejska,radomski
3331,Krasna-Kolonia,476.744,765.201,0012575,61354,wieś,Huszlew-gmina wiejska,łosicki
3332,Krasne,563.589,632.336,0117268,61369,wieś,Krasne-gmina wiejska,przasnyski
3333,Krasne-Elżbiecin,561.391,635.141,0117297,61390,wieś,Krasne-gmina wiejska,przasnyski
3334,Krasnodęby-Kasmy,506.931,725.680,0688947,61415,wieś,Sokołów Podlaski-gmina wiejska,sokołowski
3335,Krasnodęby-Rafały,506.293,726.699,0688953,61416,wieś,Sokołów Podlaski-gmina wiejska,sokołowski
3336,Krasnodęby-Sypytki,506.571,724.441,0688960,61417,wieś,Sokołów Podlaski-gmina wiejska,sokołowski
3337,Krasnosielc,576.434,644.621,0511858,61433,wieś,Krasnosielc-gmina wiejska,makowski
3338,Krasnosielc Leśny,572.788,644.506,0511864,61434,wieś,Krasnosielc-gmina wiejska,makowski
3339,Kraszewo,548.591,605.883,0121152,61502,wieś,Ojrzeń-gmina wiejska,ciechanowski
3340,Kraszewo Czarne,552.311,728.578,0395406,61503,wieś,Boguty-Pianki-gmina wiejska,ostrowski
3341,Kraszewo Podborne,548.820,570.176,0123725,61509,wieś,Raciąż-gmina wiejska,płoński
3342,Kraszewo-Czubaki,550.361,570.933,0123694,61504,wieś,Raciąż-gmina wiejska,płoński
3343,Kraszewo-Falki,547.714,569.755,0123702,61505,wieś,Raciąż-gmina wiejska,płoński
3344,Kraszewo-Gaczułty,547.867,571.513,0123719,61506,wieś,Raciąż-gmina wiejska,płoński
3345,Kraszewo-Rory,549.232,571.771,0123731,61507,wieś,Raciąż-gmina wiejska,płoński
3346,Kraszewo-Sławęcin,547.379,572.473,0123748,61508,wieś,Raciąż-gmina wiejska,płoński
3347,Krasów,505.740,715.775,0688976,61467,wieś,Sokołów Podlaski-gmina wiejska,sokołowski
3348,Krawara,380.067,627.037,0615842,61568,wieś,Chlewiska-gmina wiejska,szydłowiecki
3349,Krawcowizna,507.757,674.447,0691990,61580,wieś,Strachówka-gmina wiejska,wołomiński
3350,Krawieczyn,515.703,567.559,0560443,61595,wieś,Bodzanów-gmina miejsko-wiejska,płocki
3351,Kraśnicza Wola,473.788,607.686,0002306,61531,wieś,Grodzisk Mazowiecki-gmina miejsko-wiejska,grodziski
3352,Kraśniewo,536.137,577.075,0123754,61536,wieś,Raciąż-gmina wiejska,płoński
3353,Krery,588.180,607.474,0114241,61681,wieś,Dzierzgowo-gmina wiejska,mławski
3354,Kresy,412.182,692.863,0636212,61712,wieś,Sieciechów-gmina wiejska,kozienicki
3355,Krobia,605.246,664.317,0511284,61997,wieś,Kadzidło-gmina wiejska,ostrołęcki
3356,Krobia,605.686,665.709,0511290,168363,osada leśna,Kadzidło-gmina wiejska,ostrołęcki
3357,Krobów,445.579,630.895,0622279,62008,wieś,Grójec-gmina miejsko-wiejska,grójecki
3358,Kroczewo,513.371,605.991,0129840,62013,wieś,Załuski-gmina wiejska,płoński
3359,Kroczów Mniejszy,382.447,675.765,0625912,62018,wieś,Kazanów-gmina miejsko-wiejska,zwoleński
3360,Kroczów Większy,383.113,673.631,0625958,62019,wieś,Kazanów-gmina miejsko-wiejska,zwoleński
3361,Krogulcza Mokra,386.787,639.271,0630362,62026,wieś,Orońsko-gmina wiejska,szydłowiecki
3362,Krogulcza Sucha,385.880,640.030,0630379,62027,wieś,Orońsko-gmina wiejska,szydłowiecki
3363,Krogule,521.448,622.601,0120106,62030,wieś,Nasielsk-gmina miejsko-wiejska,nowodworski
3364,Kromnów,502.081,591.171,0009716,62077,wieś,Brochów-gmina wiejska,sochaczewski
3365,Krosna-Parcela,481.609,617.762,0000649,62136,wieś,Brwinów-gmina miejsko-wiejska,pruszkowski
3366,Krosna-Wieś,479.754,617.486,0000610,62137,wieś,Brwinów-gmina miejsko-wiejska,pruszkowski
3367,Krościn,536.543,587.372,0111722,62168,wieś,Baboszewo-gmina wiejska,płoński
3368,Krośnice,567.839,600.020,0127367,62178,wieś,Stupsk-gmina wiejska,mławski
3369,Krubice Stare,518.933,578.793,0561477,62438,wieś,Bulkowo-gmina wiejska,płocki
3370,Krubiczew,501.172,597.896,0004080,62440,wieś,Leoncin-gmina wiejska,nowodworski
3371,Krubin,510.298,623.257,0008527,62442,wieś,Wieliszew-gmina wiejska,legionowski
3372,Krubin,496.727,555.530,0574445,62443,wieś,Sanniki-gmina miejsko-wiejska,gostyniński
3373,Krubki-Górki,495.205,662.127,0684174,62448,wieś,Poświętne-gmina wiejska,wołomiński
3374,Kruczy Borek,530.577,644.162,0523850,62505,wieś,Zatory-gmina wiejska,pułtuski
3375,Kruki,583.078,668.400,0515879,62553,wieś,Olszewo-Borki-gmina wiejska,ostrołęcki
3376,Kruki,482.313,689.487,0682821,62552,wieś,Mrozy-gmina miejsko-wiejska,miński
3377,Krukowo,605.645,639.758,0507495,62574,wieś,Chorzele-gmina miejsko-wiejska,przasnyski
3378,Krupia Wólka,459.884,639.872,0007232,62611,wieś,Prażmów-gmina wiejska,piaseczyński
3379,Krupińskie,531.426,690.391,0685860,62629,wieś,Sadowne-gmina wiejska,węgrowski
3380,Krupy,533.604,711.908,0676200,62670,wieś,Kosów Lacki-gmina miejsko-wiejska,sokołowski
3381,Krusz,552.953,592.032,0114590,62680,wieś,Glinojeck-gmina miejsko-wiejska,ciechanowski
3382,Kruszczewo,529.682,548.390,0576208,62688,wieś,Stara Biała-gmina wiejska,płocki
3383,Krusze,510.939,660.820,0511491,62692,wieś,Klembów-gmina wiejska,wołomiński
3384,Kruszenica,546.702,583.901,0123760,62696,wieś,Raciąż-gmina wiejska,płoński
3385,Kruszew,452.214,622.558,0631500,62697,wieś,Pniewy-gmina wiejska,grójecki
3386,Kruszew,509.510,696.509,0675554,62698,wieś,Korytnica-gmina wiejska,węgrowski
3387,Kruszewek,453.047,621.230,0631516,62699,wieś,Pniewy-gmina wiejska,grójecki
3388,Kruszewie,531.070,586.105,0111739,62700,wieś,Baboszewo-gmina wiejska,płoński
3389,Kruszewo,575.586,556.281,0130240,62714,wieś,Żuromin-gmina miejsko-wiejska,żuromiński
3390,Kruszewo,565.917,667.038,0510209,62715,wieś,Goworowo-gmina wiejska,ostrołęcki
3391,Kruszewo,569.785,667.734,0510215,62728,osada leśna,Goworowo-gmina wiejska,ostrołęcki
3392,Kruszyna,414.737,650.581,0624924,62769,wieś,Jedlińsk-gmina wiejska,radomski
3393,Kruszyna,425.059,683.985,0692498,62767,wieś,Trojanów-gmina wiejska,garwoliński
3394,Kruszówiec,475.425,666.044,0010010,62744,wieś,Wiązowna-gmina wiejska,otwocki
3395,Kruszówka,454.047,697.564,0680905,62745,wieś,Miastków Kościelny-gmina wiejska,garwoliński
3396,Krynica,497.723,724.541,0692191,62878,wieś,Suchożebry-gmina wiejska,siedlecki
3397,Krynki,495.274,735.677,0683482,62926,wieś,Paprotnia-gmina wiejska,siedlecki
3398,Krypy,507.678,703.509,0677889,62953,wieś,Liw-gmina wiejska,węgrowski
3399,Krypy,500.412,699.226,0693575,62954,wieś,Wierzbno-gmina wiejska,węgrowski
3400,Krysiaki,621.737,663.643,0514911,62958,wieś,Myszyniec-gmina miejsko-wiejska,ostrołęcki
3401,Krysk,519.424,596.245,0119451,62969,wieś,Naruszewo-gmina wiejska,płoński
3402,Krystyna,453.686,673.900,0670999,62981,wieś,Garwolin-gmina wiejska,garwoliński
3403,Krzaki Czaplinkowskie,459.049,648.262,0001790,63064,wieś,Góra Kalwaria-gmina miejsko-wiejska,piaseczyński
3404,Krzcięcin,381.975,628.840,0639222,63091,wieś,Szydłowiec-gmina miejsko-wiejska,szydłowiecki
3405,Krze Duże,461.128,609.402,0735316,63118,wieś,Radziejowice-gmina wiejska,żyrardowski
3406,Krzeczanowo,554.736,573.834,0125374,63124,wieś,Siemiątkowo-gmina wiejska,żuromiński
3407,Krzemień,549.890,632.940,0116903,63224,wieś,Karniewo-gmina wiejska,makowski
3408,Krzemień,429.187,646.573,0638748,63225,wieś,Stromiec-gmina wiejska,białobrzeski
3409,Krzemień-Wieś,525.184,736.373,0672745,63231,wieś,Jabłonna Lacka-gmina wiejska,sokołowski
3410,Krzemień-Zagacie,523.297,737.509,0672774,63232,wieś,Jabłonna Lacka-gmina wiejska,sokołowski
3411,Krzesk-Królowa Niwa,472.955,747.695,0696473,63339,wieś,Zbuczyn-gmina wiejska,siedlecki
3412,Krzesk-Majątek,473.464,746.912,0696480,63340,wieś,Zbuczyn-gmina wiejska,siedlecki
3413,Krzesławice,394.128,611.277,0635276,63341,wieś,Rusinów-gmina wiejska,przysuski
3414,Krzewa,363.913,650.863,0622747,194467,wieś,Iłża-gmina miejsko-wiejska,radomski
3415,Krzewina,487.475,663.055,0002826,63399,wieś,Halinów-gmina miejsko-wiejska,miński
3416,Krześlin,490.738,728.445,0692200,63367,wieś,Suchożebry-gmina wiejska,siedlecki
3417,Krześlinek,491.319,728.790,0692216,63369,wieś,Suchożebry-gmina wiejska,siedlecki
3418,Krześniaków,439.247,643.862,0640231,63373,wieś,Warka-gmina miejsko-wiejska,grójecki
3419,Krzyczki Szumne,527.523,627.428,0120135,63473,wieś,Nasielsk-gmina miejsko-wiejska,nowodworski
3420,Krzyczki-Pieniążki,526.815,627.016,0120112,63472,wieś,Nasielsk-gmina miejsko-wiejska,nowodworski
3421,Krzyczki-Żabiczki,526.437,626.320,0120158,63474,wieś,Nasielsk-gmina miejsko-wiejska,nowodworski
3422,Krzykosy,522.448,572.526,0561483,63495,wieś,Bulkowo-gmina wiejska,płocki
3423,Krzymosze,482.984,736.885,0682442,63504,wieś,Mordy-gmina miejsko-wiejska,siedlecki
3424,Krzymów,458.195,649.326,0001815,63512,osada leśna,Góra Kalwaria-gmina miejsko-wiejska,piaseczyński
3425,Krzymów,497.339,538.503,0577863,63511,wieś,Szczawin Kościelny-gmina wiejska,gostyniński
3426,Krzynowłoga Mała,589.161,619.498,0512450,63524,wieś,Krzynowłoga Mała-gmina wiejska,przasnyski
3427,Krzynowłoga Wielka,595.763,623.429,0507503,63525,wieś,Chorzele-gmina miejsko-wiejska,przasnyski
3428,Krzyszkowice,396.404,632.449,0634182,63545,wieś,Przytyk-gmina miejsko-wiejska,radomski
3429,Krzywanice,530.933,577.263,0576600,63628,wieś,Staroźreby-gmina miejsko-wiejska,płocki
3430,Krzywanice-Trojany,532.114,578.079,0576645,63631,wieś,Staroźreby-gmina miejsko-wiejska,płocki
3431,Krzywda,385.197,689.651,0633314,63668,wieś,Przyłęk-gmina wiejska,zwoleński
3432,Krzywda,442.092,673.660,0678417,63662,wieś,Łaskarzew-gmina wiejska,garwoliński
3433,Krzywica,503.998,659.216,0511500,63766,wieś,Klembów-gmina wiejska,wołomiński
3434,Krzywica,475.756,680.142,0687132,63768,wieś,Siennica-gmina miejsko-wiejska,miński
3435,Krzywie,510.256,525.992,0564501,63783,wieś,Gostynin-gmina wiejska,gostyniński
3436,Krzywki-Bośki,579.334,574.509,0127775,63827,wieś,Szreńsk-gmina wiejska,mławski
3437,Krzywki-Bratki,579.973,573.318,0117742,63828,wieś,Kuczbork-Osada-gmina wiejska,żuromiński
3438,Krzywki-Piaski,579.365,575.267,0127781,63829,wieś,Szreńsk-gmina wiejska,mławski
3439,Krzywonoś,581.938,601.224,0128094,63850,wieś,Szydłowo-gmina wiejska,mławski
3440,Krzywośnity,479.275,760.433,0012581,63867,wieś,Huszlew-gmina wiejska,łosicki
3441,Krzywy Kołek,517.938,536.406,0572216,63895,osada leśna,Nowy Duninów-gmina wiejska,płocki
3442,Krzyżanowice,372.343,655.662,0622842,63955,wieś,Iłża-gmina miejsko-wiejska,radomski
3443,Krzyżanowo,533.101,536.465,0560905,63962,wieś,Brudzeń Duży-gmina wiejska,płocki
3444,Krzyżanówka,360.301,669.402,0636488,63973,wieś,Sienno-gmina miejsko-wiejska,lipski
3445,Krzyżewo Borowe,566.217,645.238,0517401,63994,wieś,Płoniawy-Bramura-gmina wiejska,makowski
3446,Krzyżewo Nadrzeczne,565.275,640.416,0517418,63995,wieś,Płoniawy-Bramura-gmina wiejska,makowski
3447,Krzyżewo-Jurki,564.951,646.315,0508715,63991,wieś,Czerwonka-gmina wiejska,makowski
3448,Krzyżewo-Marki,565.744,645.788,0508721,63993,wieś,Czerwonka-gmina wiejska,makowski
3449,Krzyżyk Iłowski,495.929,569.924,0566279,64101,wieś,Iłów-gmina wiejska,sochaczewski
3450,Krzyżówka,460.945,601.439,0735339,64063,wieś,Radziejowice-gmina wiejska,żyrardowski
3451,Króle,559.160,677.554,0522537,62250,wieś,Wąsewo-gmina wiejska,ostrowski
3452,Króle Duże,556.305,706.163,0394602,62257,wieś,Andrzejewo-gmina wiejska,ostrowski
3453,Króle Małe,555.979,708.491,0394619,62258,wieś,Andrzejewo-gmina wiejska,ostrowski
3454,Królewiec,485.181,674.203,0681796,62273,wieś,Mińsk Mazowiecki-gmina wiejska,miński
3455,Królewo,531.095,605.687,0116636,62283,wieś,Joniec-gmina wiejska,płoński
3456,Królewski Las,453.446,653.833,0001784,62311,wieś,Góra Kalwaria-gmina miejsko-wiejska,piaseczyński
3457,Królewskie Brzeziny,487.165,657.838,0002750,62327,wieś,Halinów-gmina miejsko-wiejska,miński
3458,Kręczki,487.153,621.593,0005859,61831,osada,Ożarów Mazowiecki-gmina miejsko-wiejska,warszawski zachodni
3459,Kręgi,525.319,659.877,0520171,61836,wieś,Somianka-gmina wiejska,wyszkowski
3460,Kręgi Nowe,526.542,660.973,0523206,61839,wieś,Wyszków-gmina miejsko-wiejska,wyszkowski
3461,Krępa,460.187,642.645,0007210,61866,wieś,Prażmów-gmina wiejska,piaseczyński
3462,Krępa,587.121,582.060,0118345,61864,wieś,Lipowiec Kościelny-gmina wiejska,mławski
3463,Krępa Górna,368.024,678.764,0628164,61880,wieś,Lipsko-gmina miejsko-wiejska,lipski
3464,Krępa Kościelna,368.350,678.394,0628193,170293,wieś,Lipsko-gmina miejsko-wiejska,lipski
3465,Krępica,526.233,601.751,0122080,61904,wieś,Płońsk-gmina wiejska,płoński
3466,Kręćkowo,547.893,542.955,0574899,61833,wieś,Sierpc-gmina wiejska,sierpecki
3467,Krężel,446.913,643.798,0616669,61964,wieś,Chynów-gmina wiejska,grójecki
3468,Ksawerynów,434.749,677.352,0678423,64138,wieś,Łaskarzew-gmina wiejska,garwoliński
3469,Ksawerów,492.870,751.372,0684530,64122,osada,Przesmyki-gmina wiejska,siedlecki
3470,Ksawerów Nowy,421.031,646.708,0638866,64131,wieś,Stromiec-gmina wiejska,białobrzeski
3471,Ksawerów Stary,422.479,647.575,0638760,64132,wieś,Stromiec-gmina wiejska,białobrzeski
3472,Książenice,468.923,616.626,0002312,64177,wieś,Grodzisk Mazowiecki-gmina miejsko-wiejska,grodziski
3473,Księżak,460.916,622.616,0009260,64309,wieś,Tarczyn-gmina miejsko-wiejska,piaseczyński
3474,Księżopole,570.668,690.793,0508282,64386,wieś,Czerwin-gmina wiejska,ostrołęcki
3475,Księżopole-Budki,499.386,712.272,0668360,64387,wieś,Bielany-gmina wiejska,sokołowski
3476,Księżopole-Jałmużny,499.197,711.758,0682130,64210,wieś,Mokobody-gmina wiejska,siedlecki
3477,Księżopole-Komory,499.768,712.798,0668382,64389,wieś,Bielany-gmina wiejska,sokołowski
3478,Księżopole-Smolaki,498.971,710.876,0682146,64390,wieś,Mokobody-gmina wiejska,siedlecki
3479,Księżowola,454.066,626.237,0009231,64393,osada,Tarczyn-gmina miejsko-wiejska,piaseczyński
3480,Księżyki,508.175,679.395,0692009,64488,wieś,Strachówka-gmina wiejska,wołomiński
3481,Księżyzna,528.580,692.136,0691180,64490,kolonia,Stoczek-gmina wiejska,węgrowski
3482,Kubice,538.497,614.383,0120856,64577,wieś,Nowe Miasto-gmina miejsko-wiejska,płoński
3483,Kuchary,544.648,566.392,0563358,64660,wieś,Drobin-gmina miejsko-wiejska,płocki
3484,Kuchary Królewskie,536.730,604.477,0125859,64676,wieś,Sochocin-gmina miejsko-wiejska,płoński
3485,Kuchary Żydowskie,534.612,602.167,0125865,64678,wieś,Sochocin-gmina miejsko-wiejska,płoński
3486,Kuchary-Jeżewo,530.247,554.321,0559799,64669,wieś,Bielsk-gmina wiejska,płocki
3487,Kuchary-Skotniki,510.967,594.009,0561980,64672,wieś,Czerwińsk nad Wisłą-gmina miejsko-wiejska,płoński
3488,Kucice,523.503,582.516,0113891,64712,wieś,Dzierzążnia-gmina wiejska,płoński
3489,Kucieje,598.068,649.941,0506314,88890,wieś,Baranowo-gmina wiejska,ostrołęcki
3490,Kucyk,496.681,707.141,0677910,64731,wieś,Liw-gmina wiejska,węgrowski
3491,Kuczaby,527.796,721.039,0690499,64734,wieś,Sterdyń-gmina wiejska,sokołowski
3492,Kuczbork-Osada,580.743,570.106,0117759,64741,wieś,Kuczbork-Osada-gmina wiejska,żuromiński
3493,Kuczbork-Wieś,580.233,569.846,0117765,64742,wieś,Kuczbork-Osada-gmina wiejska,żuromiński
3494,Kuczki-Kolonia,392.173,663.328,0621239,64763,wieś,Gózd-gmina wiejska,radomski
3495,Kuczki-Wieś,391.369,663.145,0621268,64764,wieś,Gózd-gmina wiejska,radomski
3496,Kuczyńskie,597.308,662.746,0511309,64786,wieś,Kadzidło-gmina wiejska,ostrołęcki
3497,Kudelczyn,503.112,718.174,0668407,64790,wieś,Bielany-gmina wiejska,sokołowski
3498,Kuflew,474.267,692.653,0682838,64845,wieś,Mrozy-gmina miejsko-wiejska,miński
3499,Kujawki,466.439,671.822,0674678,176646,kolonia,Kołbiel-gmina wiejska,otwocki
3500,Kujawy,453.059,694.649,0680911,64881,wieś,Miastków Kościelny-gmina wiejska,garwoliński
3501,Kukawka,425.136,657.101,0621890,41906,osada leśna,Głowaczów-gmina miejsko-wiejska,kozienicki
3502,Kukawki,520.655,674.059,0673236,64908,wieś,Jadów-gmina miejsko-wiejska,wołomiński
3503,Kukawki,492.985,741.407,0684518,64909,wieś,Przesmyki-gmina wiejska,siedlecki
3504,Kukały,447.958,637.819,0616675,64897,wieś,Chynów-gmina wiejska,grójecki
3505,Kuklin,592.463,596.128,0128898,64930,wieś,Wieczfnia Kościelna-gmina wiejska,mławski
3506,Kuklówka Radziejowicka,465.357,609.078,0735345,64936,wieś,Radziejowice-gmina wiejska,żyrardowski
3507,Kuklówka Zarzeczna,465.642,609.214,0735368,64937,wieś,Radziejowice-gmina wiejska,żyrardowski
3508,Kulany,594.397,597.444,0128906,64993,wieś,Wieczfnia Kościelna-gmina wiejska,mławski
3509,Kulczyn,389.781,690.806,0633320,65018,wieś,Przyłęk-gmina wiejska,zwoleński
3510,Kulczyn,390.262,691.857,1059060,236361,osada,Przyłęk-gmina wiejska,zwoleński
3511,Kuleszki-Nienałty,552.933,712.210,0394625,65046,wieś,Andrzejewo-gmina wiejska,ostrowski
3512,Kuleszówka,468.103,630.788,0006155,65047,wieś,Piaseczno-gmina miejsko-wiejska,piaseczyński
3513,Kuligów,518.211,647.669,0509005,65086,wieś,Dąbrówka-gmina wiejska,wołomiński
3514,Kulki,468.286,682.082,0687155,65130,wieś,Siennica-gmina miejsko-wiejska,miński
3515,Kunegundów,374.350,670.842,0617440,65218,wieś,Ciepielów-gmina miejsko-wiejska,lipski
3516,Kuniewo,546.570,542.920,0565245,65238,wieś,Gozdowo-gmina wiejska,sierpecki
3517,Kunin,556.128,668.580,0510221,65240,wieś,Goworowo-gmina wiejska,ostrołęcki
3518,Kunin-Zamek,542.693,725.415,0395234,65242,wieś,Boguty-Pianki-gmina wiejska,ostrowski
3519,Kunki,570.461,578.589,0127798,65252,wieś,Szreńsk-gmina wiejska,mławski
3520,Kunki,503.503,544.990,0577870,65250,wieś,Szczawin Kościelny-gmina wiejska,gostyniński
3521,Kupce,512.639,686.234,0675560,65297,wieś,Korytnica-gmina wiejska,węgrowski
3522,Kupientyn,514.920,721.548,0685587,65309,wieś,Sabnie-gmina wiejska,sokołowski
3523,Kupientyn-Kolonia,514.583,721.943,0685593,65310,kolonia,Sabnie-gmina wiejska,sokołowski
3524,Kupise,507.273,570.442,0990729,65323,wieś,Mała Wieś-gmina wiejska,płocki
3525,Kuranów,458.632,605.479,0735374,65362,wieś,Radziejowice-gmina wiejska,żyrardowski
3526,Kurczowa Wieś,442.640,634.003,0623712,65394,wieś,Jasieniec-gmina wiejska,grójecki
3527,Kurdwanów,473.898,585.840,0733754,65403,wieś,Nowa Sucha-gmina wiejska,sochaczewski
3528,Kurki,588.787,604.191,0114258,65444,wieś,Dzierzgowo-gmina wiejska,mławski
3529,Kurki,436.760,665.078,0628810,65448,wieś,Magnuszew-gmina miejsko-wiejska,kozienicki
3530,Kurowice,522.962,725.234,0685601,65514,wieś,Sabnie-gmina wiejska,sokołowski
3531,Kurowo,561.390,628.664,0117305,65528,wieś,Krasne-gmina wiejska,przasnyski
3532,Kurowo,545.548,543.584,0565251,65526,wieś,Gozdowo-gmina wiejska,sierpecki
3533,Kurpie Dworskie,579.840,684.252,0522112,65582,wieś,Troszyn-gmina wiejska,ostrołęcki
3534,Kurpie Szlacheckie,579.500,685.215,0522129,65583,wieś,Troszyn-gmina wiejska,ostrołęcki
3535,Kurpiewskie,592.447,678.414,0512993,170669,wieś,Lelis-gmina wiejska,ostrołęcki
3536,Kurpiewskie,592.838,676.947,0513001,170670,osada leśna,Lelis-gmina wiejska,ostrołęcki
3537,Kury,508.427,670.276,0521696,65606,wieś,Tłuszcz-gmina miejsko-wiejska,wołomiński
3538,Kurówko,561.483,629.511,0117311,65576,wieś,Krasne-gmina wiejska,przasnyski
3539,Kurówko,543.910,543.828,0565268,65575,wieś,Gozdowo-gmina wiejska,sierpecki
3540,Kuski,556.373,552.406,0574149,65715,wieś,Rościszewo-gmina wiejska,sierpecki
3541,Kuskowizna,546.867,696.140,0516590,65717,wieś,Ostrów Mazowiecka-gmina wiejska,ostrowski
3542,Kuskowo,573.050,614.045,0113023,65723,osada,Czernice Borowe-gmina wiejska,przasnyski
3543,Kuskowo,578.854,630.283,0517714,65722,wieś,Przasnysz-gmina wiejska,przasnyski
3544,Kuskowo Kmiece,557.797,587.869,0126876,65726,wieś,Strzegowo-gmina wiejska,mławski
3545,Kuskowo-Bzury,558.484,588.086,0126853,65724,kolonia,Strzegowo-gmina wiejska,mławski
3546,Kuskowo-Glinki,559.056,588.875,0126847,65725,wieś,Strzegowo-gmina wiejska,mławski
3547,Kussy,438.768,631.397,0614073,65743,wieś,Belsk Duży-gmina wiejska,grójecki
3548,Kutyski,522.624,712.596,0676217,65811,wieś,Kosów Lacki-gmina miejsko-wiejska,sokołowski
3549,Kutyłowo-Bródki,546.828,731.178,0395240,65805,wieś,Boguty-Pianki-gmina wiejska,ostrowski
3550,Kutyłowo-Perysie,549.641,731.441,0395257,65806,wieś,Boguty-Pianki-gmina wiejska,ostrowski
3551,Kuznocin,484.500,583.557,0738421,65832,wieś,Sochaczew-gmina wiejska,sochaczewski
3552,Kuźmy,423.337,676.247,0627555,65845,wieś,Kozienice-gmina miejsko-wiejska,kozienicki
3553,Kuźnia,380.072,637.559,0624002,65851,wieś,Jastrząb-gmina miejsko-wiejska,szydłowiecki
3554,Kuźnica,383.346,611.626,0633870,65878,wieś,Przysucha-gmina miejsko-wiejska,przysuski
3555,Kwasy,475.466,742.678,0696496,66025,wieś,Zbuczyn-gmina wiejska,siedlecki
3556,Kwaśno,554.230,541.291,0574913,66055,wieś,Sierpc-gmina wiejska,sierpecki
3557,Kwiatkowo,607.616,637.053,0507532,66096,wieś,Chorzele-gmina miejsko-wiejska,przasnyski
3558,Kwiatkowo k. Duczymina,598.215,622.162,0507510,66097,wieś,Chorzele-gmina miejsko-wiejska,przasnyski
3559,Kwiatkówek,488.754,598.105,0003257,66105,wieś,Kampinos-gmina wiejska,warszawski zachodni
3560,Kwirynów,489.609,625.923,0008830,66172,wieś,Stare Babice-gmina wiejska,warszawski zachodni
3561,Kózki,506.182,763.567,0018939,61062,wieś,Sarnaki-gmina wiejska,łosicki
3562,Kózki,492.365,701.471,0672113,61061,wieś,Grębków-gmina wiejska,węgrowski
3563,Kółko,557.422,669.732,0510445,61044,osada,Goworowo-gmina wiejska,ostrołęcki
3564,Kąck,481.994,662.447,0009998,51725,wieś,Wiązowna-gmina wiejska,otwocki
3565,Kątki,566.804,603.926,0124541,51847,wieś,Regimin-gmina wiejska,ciechanowski
3566,Kątne,527.839,618.794,0120030,51854,wieś,Nasielsk-gmina miejsko-wiejska,nowodworski
3567,Kąty,461.706,648.031,0001778,51917,wieś,Góra Kalwaria-gmina miejsko-wiejska,piaseczyński
3568,Kąty,561.179,612.762,0121519,51898,wieś,Opinogóra Górna-gmina wiejska,ciechanowski
3569,Kąty,493.810,544.474,0572854,51895,wieś,Pacyna-gmina wiejska,gostyniński
3570,Kąty,386.960,641.106,0627176,51951,wieś,Kowala-gmina wiejska,radomski
3571,Kąty,464.592,669.866,0674738,51918,wieś,Kołbiel-gmina wiejska,otwocki
3572,Kąty,514.424,687.813,0675494,51923,wieś,Korytnica-gmina wiejska,węgrowski
3573,Kąty,470.026,680.396,0687110,51919,wieś,Siennica-gmina miejsko-wiejska,miński
3574,Kąty,486.457,581.659,0738378,51909,wieś,Sochaczew-gmina wiejska,sochaczewski
3575,Kąty Czernickie,505.365,677.406,0691910,52109,wieś,Strachówka-gmina wiejska,wołomiński
3576,Kąty Czernickie,505.363,677.541,0691926,196210,osada leśna,Strachówka-gmina wiejska,wołomiński
3577,Kąty Goździejewskie Drugie,491.394,665.246,0670090,52111,kolonia,Dębe Wielkie-gmina wiejska,miński
3578,Kąty Goździejewskie Pierwsze,490.420,668.054,0670108,52112,kolonia,Dębe Wielkie-gmina wiejska,miński
3579,Kąty Węgierskie,504.896,636.938,0005612,52125,wieś,Nieporęt-gmina wiejska,legionowski
3580,Kąty Węgierskie,505.132,637.360,0005629,175459,osada leśna,Nieporęt-gmina wiejska,legionowski
3581,Kąty-Borucza,500.430,676.773,0670350,52101,wieś,Dobre-gmina miejsko-wiejska,miński
3582,Kąty-Miąski,503.641,675.970,0691932,52104,wieś,Strachówka-gmina wiejska,wołomiński
3583,Kąty-Wielgi,504.842,673.131,0691955,52107,wieś,Strachówka-gmina wiejska,wołomiński
3584,Kębłowice,512.941,592.722,0119439,52163,wieś,Naruszewo-gmina wiejska,płoński
3585,Kęczewo,585.570,577.998,0118322,52181,wieś,Lipowiec Kościelny-gmina wiejska,mławski
3586,Kędzierzawice,531.023,624.227,0120046,52195,wieś,Nasielsk-gmina miejsko-wiejska,nowodworski
3587,Kędzierzyn,537.047,549.655,0559753,52198,wieś,Bielsk-gmina wiejska,płocki
3588,Kędzierówka,459.147,640.633,0007150,52192,wieś,Prażmów-gmina wiejska,piaseczyński
3589,Kępa,541.141,596.204,0125807,52230,wieś,Sochocin-gmina miejsko-wiejska,płoński
3590,Kępa,378.559,671.123,0626171,196455,osada,Kazanów-gmina miejsko-wiejska,zwoleński
3591,Kępa,483.537,703.458,0676660,52241,wieś,Kotuń-gmina wiejska,siedlecki
3592,Kępa Bielańska,424.504,674.375,0627495,52358,wieś,Kozienice-gmina miejsko-wiejska,kozienicki
3593,Kępa Karolińska,504.839,566.137,0566262,52381,wieś,Iłów-gmina wiejska,sochaczewski
3594,Kępa Kiełpińska,502.177,628.139,0005138,52382,wieś,Łomianki-gmina miejsko-wiejska,warszawski zachodni
3595,Kępa Nadbrzeska,465.069,653.312,0003518,52399,wieś,Karczew-gmina miejsko-wiejska,otwocki
3596,Kępa Niemojewska,434.633,649.440,0621819,52401,wieś,Grabów nad Pilicą-gmina wiejska,kozienicki
3597,Kępa Niemojewska,433.410,649.215,0621848,168342,osada leśna,Grabów nad Pilicą-gmina wiejska,kozienicki
3598,Kępa Oborska,475.639,647.749,0003843,52403,wieś,Konstancin-Jeziorna-gmina miejsko-wiejska,piaseczyński
3599,Kępa Okrzewska,476.565,647.286,0003850,52404,wieś,Konstancin-Jeziorna-gmina miejsko-wiejska,piaseczyński
3600,Kępa Piotrowińska,362.349,694.171,0637619,52412,wieś,Solec nad Wisłą-gmina miejsko-wiejska,lipski
3601,Kępa Podwierzbiańska,432.631,667.822,0680383,52415,wieś,Maciejowice-gmina miejsko-wiejska,garwoliński
3602,Kępa Polska,508.061,565.569,0560390,52416,wieś,Bodzanów-gmina miejsko-wiejska,płocki
3603,Kępa Radwankowska,456.347,655.730,0001560,52420,wieś,Góra Kalwaria-gmina miejsko-wiejska,piaseczyński
3604,Kępa Skórecka,440.593,665.126,0628780,52429,wieś,Magnuszew-gmina miejsko-wiejska,kozienicki
3605,Kępa Wólczyńska,418.570,681.911,0627503,52448,wieś,Kozienice-gmina miejsko-wiejska,kozienicki
3606,Kępa Zatorska,530.484,647.737,0523784,52456,wieś,Zatory-gmina wiejska,pułtuski
3607,Kępa Zatorska-Gajówka,530.590,646.663,0523790,159576,osada leśna,Zatory-gmina wiejska,pułtuski
3608,Kępeczki,416.201,683.408,0627526,52476,wieś,Kozienice-gmina miejsko-wiejska,kozienicki
3609,Kępiaste,492.450,609.681,0004430,52483,wieś,Leszno-gmina wiejska,warszawski zachodni
3610,Kępiaste,521.611,635.515,0122690,52482,wieś,Pokrzywnica-gmina wiejska,pułtuski
3611,Kępice,412.533,691.791,0635980,52492,wieś,Sieciechów-gmina wiejska,kozienicki
3612,Kępina,504.370,552.068,0563878,52519,wieś,Gąbin-gmina miejsko-wiejska,płocki
3613,Kępina,443.759,628.768,0622227,52528,wieś,Grójec-gmina miejsko-wiejska,grójecki
3614,Kępina,413.608,626.659,0635135,52530,wieś,Radzanów-gmina wiejska,białobrzeski
3615,Kępiny,409.166,644.417,0624798,52552,wieś,Jedlińsk-gmina wiejska,radomski
3616,Kępiste-Borowe,545.610,709.915,0411602,52564,wieś,Zaręby Kościelne-gmina wiejska,ostrowski
3617,Kęsice,548.908,552.651,0579610,52627,wieś,Zawidz-gmina wiejska,sierpecki
3618,Kęsy-Wypychy,539.194,628.567,0115980,52635,wieś,Gzy-gmina wiejska,pułtuski
3619,Kłaczkowo,515.444,563.941,0560578,54396,wieś,Bodzanów-gmina miejsko-wiejska,płocki
3620,Kłaki,539.356,566.791,0563275,54416,wieś,Drobin-gmina miejsko-wiejska,płocki
3621,Kłobie,531.316,553.117,0559871,54453,wieś,Bielsk-gmina wiejska,płocki
3622,Kłobukowo-Patrze,537.359,533.679,0560897,54462,wieś,Brudzeń Duży-gmina wiejska,płocki
3623,Kłoda,429.400,667.965,0628796,54476,wieś,Magnuszew-gmina miejsko-wiejska,kozienicki
3624,Kłonna,404.345,606.669,0629985,54584,wieś,Odrzywół-gmina miejsko-wiejska,przysuski
3625,Kłonna-Kolonia,405.592,606.230,0630008,54586,wieś,Odrzywół-gmina miejsko-wiejska,przysuski
3626,Kłonowiec-Koracz,386.656,662.400,0637022,54587,wieś,Skaryszew-gmina miejsko-wiejska,radomski
3627,Kłonowiec-Kurek,387.363,661.622,0637039,54588,wieś,Skaryszew-gmina miejsko-wiejska,radomski
3628,Kłonów,388.821,663.923,0621179,54590,wieś,Gózd-gmina wiejska,radomski
3629,Kłonówek-Kolonia,388.726,662.832,1066930,54593,wieś,Gózd-gmina wiejska,radomski
3630,Kłonówek-Wieś,388.572,661.385,1066923,239888,wieś,Gózd-gmina wiejska,radomski
3631,Kłudno,410.655,615.648,0626685,54664,wieś,Klwów-gmina wiejska,przysuski
3632,Kłudno,390.790,626.549,0640716,54665,wieś,Wieniawa-gmina wiejska,przysuski
3633,Kłudno Nowe,477.580,607.276,0002418,88848,wieś,Grodzisk Mazowiecki-gmina miejsko-wiejska,grodziski
3634,Kłudno Stare,477.270,609.450,0002513,129064,wieś,Grodzisk Mazowiecki-gmina miejsko-wiejska,grodziski
3635,Kłudzie,369.076,693.884,0637631,54669,wieś,Solec nad Wisłą-gmina miejsko-wiejska,lipski
3636,Kłudzienko,478.221,610.317,0002542,54671,wieś,Grodzisk Mazowiecki-gmina miejsko-wiejska,grodziski
3637,Kłódzie,475.098,708.115,0687592,54656,wieś,Skórzec-gmina wiejska,siedlecki
3638,Lachówiec,541.422,584.718,0111745,66222,wieś,Baboszewo-gmina wiejska,płoński
3639,Laliny,459.988,694.040,0668867,66282,wieś,Borowie-gmina wiejska,garwoliński
3640,Las Gliniański,362.040,686.702,0637677,66352,wieś,Solec nad Wisłą-gmina miejsko-wiejska,lipski
3641,Las Hulaski,416.325,616.717,1053731,236071,osada leśna,Wyśmierzyce-gmina miejsko-wiejska,białobrzeski
3642,Las Janiszewski,397.960,645.451,0642454,181929,osada,Zakrzew-gmina wiejska,radomski
3643,Las Jaworski,495.744,696.242,0693581,66354,wieś,Wierzbno-gmina wiejska,węgrowski
3644,Las Kamiennowolski,408.003,604.206,0629979,66355,wieś,Odrzywół-gmina miejsko-wiejska,przysuski
3645,Las Lesznowolski,452.937,629.177,0622285,66356,wieś,Grójec-gmina miejsko-wiejska,grójecki
3646,Lasek,467.656,662.014,0000922,66410,wieś,Celestynów-gmina wiejska,otwocki
3647,Lasek,494.677,563.565,0574451,66408,wieś,Sanniki-gmina miejsko-wiejska,gostyniński
3648,Lasek,455.430,612.372,0740493,66409,wieś,Żabia Wola-gmina wiejska,grodziski
3649,Laski,493.501,625.913,0008846,66529,wieś,Izabelin-gmina wiejska,warszawski zachodni
3650,Laski,550.848,645.236,0521176,66525,wieś,Szelków-gmina wiejska,makowski
3651,Laski,403.702,674.887,0630942,66547,wieś,Pionki-gmina wiejska,radomski
3652,Laski,439.161,647.749,0640248,66538,wieś,Warka-gmina miejsko-wiejska,grójecki
3653,Laski,519.276,685.545,0679210,129113,wieś,Łochów-gmina miejsko-wiejska,węgrowski
3654,Laski Szlacheckie,566.692,687.704,0508299,66585,wieś,Czerwin-gmina wiejska,ostrołęcki
3655,Laski Włościańskie,566.881,687.699,0508307,66589,wieś,Czerwin-gmina wiejska,ostrołęcki
3656,Laskowice,504.631,747.983,0675169,66626,wieś,Korczew-gmina wiejska,siedlecki
3657,Laskowiec,587.380,678.809,0519446,66635,wieś,Rzekuń-gmina wiejska,ostrołęcki
3658,Laskowizna,545.086,689.255,0507064,66648,wieś,Brok-gmina miejsko-wiejska,ostrowski
3659,Laskowizna,501.665,664.304,0684180,66650,wieś,Poświętne-gmina wiejska,wołomiński
3660,Lasków,516.518,658.507,0509011,66670,wieś,Dąbrówka-gmina wiejska,wołomiński
3661,Lasocin,493.779,591.021,0009739,66696,wieś,Brochów-gmina wiejska,sochaczewski
3662,Lasocin,512.075,578.788,0570737,66695,wieś,Mała Wieś-gmina wiejska,płocki
3663,Lasomin,469.698,677.572,0687161,66713,wieś,Siennica-gmina miejsko-wiejska,miński
3664,Lasopole,450.712,641.566,0616681,66715,wieś,Chynów-gmina wiejska,grójecki
3665,Lasotka,496.014,568.801,0566285,66717,wieś,Iłów-gmina wiejska,sochaczewski
3666,Lasotki,527.826,537.005,0560911,66719,wieś,Brudzeń Duży-gmina wiejska,płocki
3667,Lasowice,395.516,656.799,0625467,66735,wieś,Jedlnia-Letnisko-gmina miejsko-wiejska,radomski
3668,Laszczki,474.617,630.896,0007999,66775,wieś,Raszyn-gmina wiejska,pruszkowski
3669,Latchorzew,488.543,626.697,0008875,66788,wieś,Stare Babice-gmina wiejska,warszawski zachodni
3670,Latków,435.858,666.722,0628827,66795,wieś,Magnuszew-gmina miejsko-wiejska,kozienicki
3671,Latonice,531.313,614.171,0120862,66799,wieś,Nowe Miasto-gmina miejsko-wiejska,płoński
3672,Latowicz,465.929,692.594,0677636,66812,miasto,Latowicz-gmina miejsko-wiejska,miński
3673,Lebiedzie,529.207,722.830,0690513,66862,wieś,Sterdyń-gmina wiejska,sokołowski
3674,Lechanice,433.548,645.321,0640277,66880,wieś,Warka-gmina miejsko-wiejska,grójecki
3675,Legacz,492.969,672.924,0689958,66932,wieś,Stanisławów-gmina miejsko-wiejska,miński
3676,Legarda,508.096,533.962,0564518,66933,wieś,Gostynin-gmina wiejska,gostyniński
3677,Legionowo,506.301,631.375,0920806,66945,miasto,Legionowo-gmina miejska,legionowski
3678,Legęzów,401.561,643.160,0642508,66938,wieś,Zakrzew-gmina wiejska,radomski
3679,Lekarcice,428.932,631.830,0632823,66991,wieś,Promna-gmina wiejska,białobrzeski
3680,Lekarcice Nowe,430.125,630.948,0632906,88902,wieś,Promna-gmina wiejska,białobrzeski
3681,Lekarcice Stare,430.255,631.976,0633202,129115,wieś,Promna-gmina wiejska,białobrzeski
3682,Lekowo,564.587,604.193,0124624,67006,wieś,Regimin-gmina wiejska,ciechanowski
3683,Leksyn,518.799,569.964,0560450,67020,wieś,Bodzanów-gmina miejsko-wiejska,płocki
3684,Lekówiec,564.535,602.537,0124630,67012,wieś,Regimin-gmina wiejska,ciechanowski
3685,Lelewo,522.784,614.687,0120164,67033,wieś,Nasielsk-gmina miejsko-wiejska,nowodworski
3686,Lelice,541.489,551.786,0565274,67034,wieś,Gozdowo-gmina wiejska,sierpecki
3687,Lelis,593.816,670.864,0513018,67038,wieś,Lelis-gmina wiejska,ostrołęcki
3688,Lelitek,392.113,600.277,0619001,67042,wieś,Gielniów-gmina miejsko-wiejska,przysuski
3689,Lemany,533.839,650.945,0523867,67069,wieś,Zatory-gmina wiejska,pułtuski
3690,Lemany-Nadleśnictwo,536.085,644.553,0523985,194322,osada leśna,Pułtusk-gmina miejsko-wiejska,pułtuski
3691,Leokadia,436.469,681.457,0678430,67162,wieś,Łaskarzew-gmina wiejska,garwoliński
3692,Leoncin,504.200,604.355,0004096,67172,wieś,Leoncin-gmina wiejska,nowodworski
3693,Leontyna,488.009,678.160,0673561,67214,wieś,Jakubów-gmina wiejska,miński
3694,Leontynów,494.695,580.448,0732000,67216,wieś,Młodzieszyn-gmina wiejska,sochaczewski
3695,Leonów,504.351,561.667,0575373,67185,wieś,Słubice-gmina wiejska,płocki
3696,Leonów,484.301,688.034,0673839,67189,wieś,Kałuszyn-gmina miejsko-wiejska,miński
3697,Leonów,434.937,675.579,0680495,67193,wieś,Maciejowice-gmina miejsko-wiejska,garwoliński
3698,Leonów,478.807,582.711,0733783,67187,wieś,Nowa Sucha-gmina wiejska,sochaczewski
3699,Leopoldów,419.046,640.367,0614498,67229,wieś,Białobrzegi-gmina miejsko-wiejska,białobrzeski
3700,Leopoldów,364.740,682.109,0628218,67230,wieś,Lipsko-gmina miejsko-wiejska,lipski
3701,Lesiów,402.981,653.523,0624284,67291,wieś,Jastrzębia-gmina wiejska,radomski
3702,Leszczydół Stary,531.106,662.864,0523318,67435,wieś,Wyszków-gmina miejsko-wiejska,wyszkowski
3703,Leszczydół-Działki,532.031,662.482,0523040,67430,wieś,Wyszków-gmina miejsko-wiejska,wyszkowski
3704,Leszczydół-Nowiny,533.998,665.758,0523057,67431,wieś,Wyszków-gmina miejsko-wiejska,wyszkowski
3705,Leszczydół-Podwielątki,532.389,661.355,0523100,67432,wieś,Wyszków-gmina miejsko-wiejska,wyszkowski
3706,Leszczydół-Pustki,532.704,663.897,0523117,67433,wieś,Wyszków-gmina miejsko-wiejska,wyszkowski
3707,Leszczyn Księży,531.000,557.945,0559807,67437,wieś,Bielsk-gmina wiejska,płocki
3708,Leszczyn Szlachecki,529.514,556.270,0559813,67438,wieś,Bielsk-gmina wiejska,płocki
3709,Leszczyna,558.457,590.890,0126860,67442,wieś,Strzegowo-gmina wiejska,mławski
3710,Leszczyny,370.643,621.643,0615865,67500,wieś,Chlewiska-gmina wiejska,szydłowiecki
3711,Leszczyny,372.157,676.373,0628247,67499,wieś,Lipsko-gmina miejsko-wiejska,lipski
3712,Leszno,489.172,608.571,0004452,67545,wieś,Leszno-gmina wiejska,warszawski zachodni
3713,Leszno,570.296,628.801,0517950,67546,wieś,Przasnysz-gmina wiejska,przasnyski
3714,Lesznowola,470.671,633.422,0004802,67551,wieś,Lesznowola-gmina wiejska,piaseczyński
3715,Lesznowola,451.288,630.760,0622291,67552,wieś,Grójec-gmina miejsko-wiejska,grójecki
3716,Lesznowola-Pole,471.991,632.705,0004825,67553,wieś,Lesznowola-gmina wiejska,piaseczyński
3717,Letnisko Nowy Jadów,518.311,678.046,0673271,67910,wieś,Jadów-gmina miejsko-wiejska,wołomiński
3718,Lewaszówka,410.861,660.386,0624315,67923,wieś,Jastrzębia-gmina wiejska,radomski
3719,Lewaszówka-Leśniczówka,411.276,661.365,0631031,198777,osada leśna,Pionki-gmina wiejska,radomski
3720,Lewiczyn,586.003,585.276,0118351,67930,wieś,Lipowiec Kościelny-gmina wiejska,mławski
3721,Lewiczyn,438.809,628.364,0614080,67931,wieś,Belsk Duży-gmina wiejska,grójecki
3722,Lewików,438.755,672.490,0678475,67935,wieś,Łaskarzew-gmina wiejska,garwoliński
3723,Leśniaki,497.696,573.110,0566291,67697,wieś,Iłów-gmina wiejska,sochaczewski
3724,Leśniakowizna,497.238,655.159,0010234,67706,wieś,Wołomin-gmina miejsko-wiejska,wołomiński
3725,Leśniczówka,357.051,674.833,0636519,67772,wieś,Sienno-gmina miejsko-wiejska,lipski
3726,Leśniczówka,483.879,735.502,0682459,67761,wieś,Mordy-gmina miejsko-wiejska,siedlecki
3727,Leśniczówka,475.412,719.869,0694480,195024,osada leśna,Wiśniew-gmina wiejska,siedlecki
3728,Leśniczówka,495.361,581.969,0732016,67760,osada leśna,Młodzieszyn-gmina wiejska,sochaczewski
3729,Leśniczówka Adolfin,399.230,665.797,0630480,199660,osada leśna,Pionki-gmina wiejska,radomski
3730,Leśniczówka Antoniów,373.170,664.277,0622954,901,osada leśna,Iłża-gmina miejsko-wiejska,radomski
3731,Leśniczówka Bożówka,430.553,664.717,0628649,192846,osada leśna,Magnuszew-gmina miejsko-wiejska,kozienicki
3732,Leśniczówka Błaziny,362.876,656.508,0623310,6476,osada leśna,Iłża-gmina miejsko-wiejska,radomski
3733,Leśniczówka Dziurków,366.281,688.131,0637536,170544,osada leśna,Solec nad Wisłą-gmina miejsko-wiejska,lipski
3734,Leśniczówka Jasieniec,362.401,654.123,0623014,44835,osada leśna,Iłża-gmina miejsko-wiejska,radomski
3735,Leśniczówka Kruki,362.943,661.511,0623327,175572,osada leśna,Iłża-gmina miejsko-wiejska,radomski
3736,Leśniczówka Lisiury,371.234,663.073,0622960,69590,osada leśna,Iłża-gmina miejsko-wiejska,radomski
3737,Leśniczówka Michałów,367.292,666.430,0635655,175478,osada leśna,Rzeczniów-gmina wiejska,lipski
3738,Leśniczówka Mienia,479.073,683.265,0669097,175486,osada leśna,Cegłów-gmina miejsko-wiejska,miński
3739,Leśniczówka Mąkosy,409.639,659.991,0631019,129159,osada leśna,Pionki-gmina wiejska,radomski
3740,Leśniczówka Niwy,368.295,646.514,0623451,189382,osada leśna,Iłża-gmina miejsko-wiejska,radomski
3741,Leśniczówka Pełczanka,480.599,686.732,0669128,193152,osada leśna,Cegłów-gmina miejsko-wiejska,miński
3742,Leśniczówka Piaseczno,475.319,688.380,0669157,175488,osada leśna,Cegłów-gmina miejsko-wiejska,miński
3743,Leśniczówka Podrzecze,375.297,662.404,0623037,106141,osada leśna,Iłża-gmina miejsko-wiejska,radomski
3744,Leśniczówka Polany,374.092,647.952,0623190,107284,osada leśna,Iłża-gmina miejsko-wiejska,radomski
3745,Leśniczówka Popowo,520.923,646.408,0520076,108321,osada leśna,Somianka-gmina wiejska,wyszkowski
3746,Leśniczówka Ratowo,565.240,576.050,0124340,114861,osada leśna,Radzanów-gmina wiejska,mławski
3747,Leśniczówka Ruda,379.794,667.844,0625875,128372,osada leśna,Kazanów-gmina miejsko-wiejska,zwoleński
3748,Leśniczówka Seredzice,366.959,651.877,0623468,175575,osada leśna,Iłża-gmina miejsko-wiejska,radomski
3749,Leśniczówka Somianka,522.976,655.915,0520308,175673,osada leśna,Somianka-gmina wiejska,wyszkowski
3750,Leśniczówka Stoki,411.205,661.427,0631025,131426,osada leśna,Pionki-gmina wiejska,radomski
3751,Leśniczówka Turna,510.622,698.553,0675790,175609,osada leśna,Korytnica-gmina wiejska,węgrowski
3752,Leśniczówka na Zielonym,463.949,634.938,0006209,5494,osada leśna,Piaseczno-gmina miejsko-wiejska,piaseczyński
3753,Leśniewice,501.521,531.091,0564530,67784,wieś,Gostynin-gmina wiejska,gostyniński
3754,Leśniewo,556.346,630.609,0116910,67793,wieś,Karniewo-gmina wiejska,makowski
3755,Leśniewo,550.027,716.515,0407718,67794,wieś,Szulborze Wielkie-gmina wiejska,ostrowski
3756,Leśniewo Dolne,570.560,609.324,0115602,67797,wieś,Grudusk-gmina wiejska,ciechanowski
3757,Leśniewo Górne,570.564,608.416,0115631,67798,wieś,Grudusk-gmina wiejska,ciechanowski
3758,Leśniki,506.681,691.071,0675583,67819,wieś,Korytnica-gmina wiejska,węgrowski
3759,Leśnogóra,491.603,695.736,0672136,67855,wieś,Grębków-gmina wiejska,węgrowski
3760,Leżenice,420.519,661.047,0619484,67993,wieś,Głowaczów-gmina miejsko-wiejska,kozienicki
3761,Leżne,434.808,636.792,0623729,67994,wieś,Jasieniec-gmina wiejska,grójecki
3762,Liberadz,570.696,581.055,0127806,68055,wieś,Szreńsk-gmina wiejska,mławski
3763,Ligowo,551.132,532.372,0571398,68225,wieś,Mochowo-gmina wiejska,sierpecki
3764,Ligówko,550.811,533.747,0571406,68226,wieś,Mochowo-gmina wiejska,sierpecki
3765,Ligęzów,410.917,610.826,0626716,68154,wieś,Klwów-gmina wiejska,przysuski
3766,Lindów,449.398,603.306,0732619,68281,wieś,Mszczonów-gmina miejsko-wiejska,żyrardowski
3767,Linin,454.659,649.554,0001821,68310,wieś,Góra Kalwaria-gmina miejsko-wiejska,piaseczyński
3768,Linów,393.207,674.209,0643057,68354,wieś,Zwoleń-gmina miejsko-wiejska,zwoleński
3769,Linów,391.873,673.604,0643070,168421,osada leśna,Zwoleń-gmina miejsko-wiejska,zwoleński
3770,Lipa,544.830,642.204,0123151,68388,wieś,Pułtusk-gmina miejsko-wiejska,pułtuski
3771,Lipa,551.107,581.029,0123777,68387,wieś,Raciąż-gmina wiejska,płoński
3772,Lipa,568.041,612.476,0124647,68394,wieś,Regimin-gmina wiejska,ciechanowski
3773,Lipa,581.609,635.800,0510592,68392,wieś,Jednorożec-gmina wiejska,przasnyski
3774,Lipa,503.630,528.506,0564547,68386,wieś,Gostynin-gmina wiejska,gostyniński
3775,Lipa,421.200,657.830,0619490,68397,wieś,Głowaczów-gmina miejsko-wiejska,kozienicki
3776,Lipa-Gajówka,535.537,670.181,0506900,68389,osada leśna,Brańszczyk-gmina wiejska,wyszkowski
3777,Lipa-Krępa,367.981,682.548,0628253,68410,wieś,Lipsko-gmina miejsko-wiejska,lipski
3778,Lipa-Miklas,368.310,682.529,0628260,68411,wieś,Lipsko-gmina miejsko-wiejska,lipski
3779,Lipianka,570.852,669.457,0510238,68462,wieś,Goworowo-gmina wiejska,ostrołęcki
3780,Lipianka,570.854,668.485,0510244,193273,osada leśna,Goworowo-gmina wiejska,ostrołęcki
3781,Lipianki,517.496,526.373,0572127,68464,wieś,Nowy Duninów-gmina wiejska,płocki
3782,Lipie,441.229,617.600,0615003,68506,wieś,Błędów-gmina wiejska,grójecki
3783,Lipie,371.200,662.361,0622977,68508,osada,Iłża-gmina miejsko-wiejska,radomski
3784,Lipienice Dolne,377.409,637.086,0624025,68578,wieś,Jastrząb-gmina miejsko-wiejska,szydłowiecki
3785,Lipienice Górne,377.255,639.084,0624031,68579,wieś,Jastrząb-gmina miejsko-wiejska,szydłowiecki
3786,Lipinki,503.139,655.676,0010240,68619,wieś,Wołomin-gmina miejsko-wiejska,wołomiński
3787,Lipinki,432.497,657.863,0621759,68622,wieś,Grabów nad Pilicą-gmina wiejska,kozienicki
3788,Lipiny,549.948,595.050,0114703,68649,wieś,Glinojeck-gmina miejsko-wiejska,ciechanowski
3789,Lipiny,514.915,665.128,0523560,68656,wieś,Zabrodzie-gmina wiejska,wyszkowski
3790,Lipiny,393.706,667.039,0621297,68670,wieś,Gózd-gmina wiejska,radomski
3791,Lipiny,409.670,604.677,0630014,68664,wieś,Odrzywół-gmina miejsko-wiejska,przysuski
3792,Lipiny,386.077,690.851,0633343,68673,wieś,Przyłęk-gmina wiejska,zwoleński
3793,Lipiny,471.018,698.941,0682867,68657,wieś,Mrozy-gmina miejsko-wiejska,miński
3794,Lipiny,453.154,666.672,0683157,68659,wieś,Osieck-gmina miejsko-wiejska,otwocki
3795,Lipiny,494.032,749.666,0684524,68661,wieś,Przesmyki-gmina wiejska,siedlecki
3796,Lipiny,467.499,709.340,0695031,195048,kolonia,Wodynie-gmina wiejska,siedlecki
3797,Lipiny,479.283,731.406,0696510,68658,wieś,Zbuczyn-gmina wiejska,siedlecki
3798,Lipińskie,499.563,551.693,0563909,68701,wieś,Gąbin-gmina miejsko-wiejska,płocki
3799,Lipka,504.532,660.774,0511516,68732,wieś,Klembów-gmina wiejska,wołomiński
3800,Lipków,491.339,623.221,0008881,68789,wieś,Stare Babice-gmina wiejska,warszawski zachodni
3801,Lipniak,475.107,720.041,0694474,68815,wieś,Wiśniew-gmina wiejska,siedlecki
3802,Lipniak-Majorat,547.522,679.078,0509531,68826,wieś,Długosiodło-gmina wiejska,wyszkowski
3803,Lipnik,549.579,673.311,0509650,68877,kolonia,Długosiodło-gmina wiejska,wyszkowski
3804,Lipniki,560.966,652.406,0508738,68926,wieś,Czerwonka-gmina wiejska,makowski
3805,Lipniki,609.634,668.111,0513538,68933,wieś,Łyse-gmina wiejska,ostrołęcki
3806,Lipniki,552.703,687.235,0516650,68928,wieś,Ostrów Mazowiecka-gmina wiejska,ostrowski
3807,Lipniki,561.111,553.950,0574155,68925,wieś,Rościszewo-gmina wiejska,sierpecki
3808,Lipniki,510.638,689.540,0675590,68934,wieś,Korytnica-gmina wiejska,węgrowski
3809,Lipniki,437.934,674.432,0678498,68936,wieś,Łaskarzew-gmina wiejska,garwoliński
3810,Lipniki Nowe,540.064,637.422,0123180,68942,wieś,Pułtusk-gmina miejsko-wiejska,pułtuski
3811,Lipniki Stare,539.132,634.938,0123270,68943,wieś,Pułtusk-gmina miejsko-wiejska,pułtuski
3812,Lipno,503.358,760.088,0017510,68959,wieś,Platerów-gmina wiejska,łosicki
3813,Lipno,390.003,611.034,0633892,68962,wieś,Przysucha-gmina miejsko-wiejska,przysuski
3814,Lipowe,405.351,609.224,0626745,69017,osada,Klwów-gmina wiejska,przysuski
3815,Lipowiec,596.958,626.324,0507549,69047,wieś,Chorzele-gmina miejsko-wiejska,przasnyski
3816,Lipowiec Kościelny,582.732,578.752,0118380,69075,wieś,Lipowiec Kościelny-gmina wiejska,mławski
3817,Lipowo,477.515,663.812,0010027,69107,wieś,Wiązowna-gmina wiejska,otwocki
3818,Lipowy Las,594.534,652.566,0506254,69126,wieś,Baranowo-gmina wiejska,ostrołęcki
3819,Lipska Wola,420.451,655.203,0619544,69169,wieś,Głowaczów-gmina miejsko-wiejska,kozienicki
3820,Lipskie Budy,421.280,653.355,0638783,69174,wieś,Stromiec-gmina wiejska,białobrzeski
3821,Lipsko,369.059,685.244,0973613,69181,miasto,Lipsko-gmina miejsko-wiejska,lipski
3822,Lipówiec,548.372,602.086,0121175,69134,wieś,Ojrzeń-gmina wiejska,ciechanowski
3823,Lipówki,457.658,675.857,0683944,69157,wieś,Pilawa-gmina miejsko-wiejska,garwoliński
3824,Lisewo,527.255,600.935,0122097,69242,wieś,Płońsk-gmina wiejska,płoński
3825,Lisewo Duże,542.317,542.733,0565280,69244,wieś,Gozdowo-gmina wiejska,sierpecki
3826,Lisewo Małe,541.943,542.120,0565297,69247,wieś,Gozdowo-gmina wiejska,sierpecki
3827,Lisica,502.382,529.992,0564553,69418,wieś,Gostynin-gmina wiejska,gostyniński
3828,Lisice,484.117,601.416,0738792,69424,wieś,Teresin-gmina wiejska,sochaczewski
3829,Lisice Nowe,540.795,539.522,0571487,69429,wieś,Mochowo-gmina wiejska,sierpecki
3830,Lisice-Folwark,544.607,543.949,0565305,69428,wieś,Gozdowo-gmina wiejska,sierpecki
3831,Lisiny,584.811,560.579,0118598,69568,wieś,Lubowidz-gmina miejsko-wiejska,żuromiński
3832,Lisiogóra,567.286,630.555,0517973,69583,wieś,Przasnysz-gmina wiejska,przasnyski
3833,Lisowola,453.151,591.013,0734854,69653,wieś,Puszcza Mariańska-gmina wiejska,żyrardowski
3834,Liszki,506.970,737.783,0684984,69726,wieś,Repki-gmina wiejska,sokołowski
3835,Liszyno,514.290,554.549,0575769,69761,wieś,Słupno-gmina wiejska,płocki
3836,Lisów,407.895,650.524,0624930,69662,wieś,Jedlińsk-gmina wiejska,radomski
3837,Lisów,427.687,627.560,0632830,69660,wieś,Promna-gmina wiejska,białobrzeski
3838,Lisówek,448.694,632.325,0622300,69674,wieś,Grójec-gmina miejsko-wiejska,grójecki
3839,Lisówek,461.066,617.834,0740518,69673,wieś,Żabia Wola-gmina wiejska,grodziski
3840,Liw,505.189,701.703,0677926,69816,wieś,Liw-gmina wiejska,węgrowski
3841,Liwin,515.541,577.240,0570743,69835,wieś,Mała Wieś-gmina wiejska,płocki
3842,Liwki,598.508,620.221,0507555,69837,wieś,Chorzele-gmina miejsko-wiejska,przasnyski
3843,Liwki Szlacheckie,480.312,760.081,0012606,69839,wieś,Huszlew-gmina wiejska,łosicki
3844,Liwki Włościańskie,480.738,760.628,0012612,69840,wieś,Huszlew-gmina wiejska,łosicki
3845,Lorcin,520.776,627.140,0120170,69918,wieś,Nasielsk-gmina miejsko-wiejska,nowodworski
3846,Loretto,526.193,674.915,0523360,69923,wieś,Wyszków-gmina miejsko-wiejska,wyszkowski
3847,Lubatka,495.895,572.811,0566300,70013,wieś,Iłów-gmina wiejska,sochaczewski
3848,Luberadz,544.813,599.313,0121181,70063,wieś,Ojrzeń-gmina wiejska,ciechanowski
3849,Luberadzyk,541.984,599.255,0121198,70064,wieś,Ojrzeń-gmina wiejska,ciechanowski
3850,Lubice,464.232,672.259,0674780,70116,wieś,Kołbiel-gmina wiejska,otwocki
3851,Lubiczów,487.896,627.776,0008898,70143,wieś,Stare Babice-gmina wiejska,warszawski zachodni
3852,Lubiejew,484.603,579.991,0738450,70164,wieś,Sochaczew-gmina wiejska,sochaczewski
3853,Lubiejewo,530.562,559.648,0559836,70165,wieś,Bielsk-gmina wiejska,płocki
3854,Lubieniek,500.061,537.888,0577886,70181,wieś,Szczawin Kościelny-gmina wiejska,gostyniński
3855,Lubierz-Leśniczówka,521.950,697.723,0691040,70208,osada leśna,Stoczek-gmina wiejska,węgrowski
3856,Lubiesza,532.761,717.967,0669513,70209,wieś,Ceranów-gmina wiejska,sokołowski
3857,Lubików,492.985,554.988,0574468,70248,wieś,Sanniki-gmina miejsko-wiejska,gostyniński
3858,Lublinów,457.340,601.810,0732631,70308,wieś,Mszczonów-gmina miejsko-wiejska,żyrardowski
3859,Lubomin,530.659,619.205,0120193,70379,wieś,Nasielsk-gmina miejsko-wiejska,nowodworski
3860,Lubomin,477.820,693.419,0682880,70381,wieś,Mrozy-gmina miejsko-wiejska,miński
3861,Lubomin,491.325,673.855,0689964,70380,wieś,Stanisławów-gmina miejsko-wiejska,miński
3862,Lubotyń-Kolonia,567.263,698.212,0520580,70450,wieś,Stary Lubotyń-gmina wiejska,ostrowski
3863,Lubotyń-Morgi,568.941,697.620,0520596,70451,wieś,Stary Lubotyń-gmina wiejska,ostrowski
3864,Lubotyń-Włóki,566.875,695.588,0520604,70452,wieś,Stary Lubotyń-gmina wiejska,ostrowski
3865,Lubowidz,584.275,556.300,0118606,70463,miasto,Lubowidz-gmina miejsko-wiejska,żuromiński
3866,Lucień,513.833,532.269,0564560,70538,wieś,Gostynin-gmina wiejska,gostyniński
3867,Lucimia,382.530,696.673,0633350,70545,wieś,Przyłęk-gmina wiejska,zwoleński
3868,Lucin,391.114,670.250,0639802,70550,wieś,Tczów-gmina wiejska,zwoleński
3869,Lucin,449.248,679.745,0671007,70549,wieś,Garwolin-gmina wiejska,garwoliński
3870,Lucjanów,366.596,681.418,0628276,70558,wieś,Lipsko-gmina miejsko-wiejska,lipski
3871,Lucynów,523.679,666.590,0523146,70562,wieś,Wyszków-gmina miejsko-wiejska,wyszkowski
3872,Lucynów,480.773,736.964,0696527,70563,wieś,Zbuczyn-gmina wiejska,siedlecki
3873,Lucynów Duży,523.296,667.804,0523130,70566,wieś,Wyszków-gmina miejsko-wiejska,wyszkowski
3874,Ludwikowo,521.520,606.436,0116642,70623,wieś,Joniec-gmina wiejska,płoński
3875,Ludwikowo,526.112,539.444,0576214,70620,wieś,Stara Biała-gmina wiejska,płocki
3876,Ludwików,456.281,638.285,0007255,70634,wieś,Prażmów-gmina wiejska,piaseczyński
3877,Ludwików,509.933,548.152,0563915,70628,wieś,Gąbin-gmina miejsko-wiejska,płocki
3878,Ludwików,510.642,538.693,0569556,70626,wieś,Łąck-gmina wiejska,płocki
3879,Ludwików,453.226,649.897,0616698,70635,wieś,Chynów-gmina wiejska,grójecki
3880,Ludwików,407.368,641.706,0624960,70642,wieś,Jedlińsk-gmina wiejska,radomski
3881,Ludwików,413.476,627.567,0635141,70641,wieś,Radzanów-gmina wiejska,białobrzeski
3882,Ludwików,364.151,677.326,0636525,70643,wieś,Sienno-gmina miejsko-wiejska,lipski
3883,Ludwików,487.089,573.438,0736793,70630,wieś,Rybno-gmina wiejska,sochaczewski
3884,Ludwików,481.173,600.634,0738800,70632,wieś,Teresin-gmina wiejska,sochaczewski
3885,Ludwików,496.688,596.903,1058480,269092,wieś,Kampinos-gmina wiejska,warszawski zachodni
3886,Ludwinowo,563.230,668.556,0510250,70676,wieś,Goworowo-gmina wiejska,ostrołęcki
3887,Ludwinowo Dębskie,517.432,629.224,0008272,70680,wieś,Serock-gmina miejsko-wiejska,legionowski
3888,Ludwinowo Zegrzyńskie,516.428,636.727,0008289,70681,wieś,Serock-gmina miejsko-wiejska,legionowski
3889,Ludwinów,518.007,651.927,0509028,70688,wieś,Dąbrówka-gmina wiejska,wołomiński
3890,Ludwinów,388.753,645.293,0627101,70700,wieś,Kowala-gmina wiejska,radomski
3891,Ludwinów,516.344,733.931,0672722,70692,kolonia,Jabłonna Lacka-gmina wiejska,sokołowski
3892,Ludwinów,491.782,678.532,0673578,70693,wieś,Jakubów-gmina wiejska,miński
3893,Ludwinów,511.988,703.315,0677961,70691,wieś,Liw-gmina wiejska,węgrowski
3894,Luszewo,547.170,589.443,0114710,70788,wieś,Glinojeck-gmina miejsko-wiejska,ciechanowski
3895,Luszewo,548.921,589.938,0114726,70789,osada leśna,Glinojeck-gmina miejsko-wiejska,ciechanowski
3896,Luszewo,567.506,575.836,0124305,70787,wieś,Radzanów-gmina wiejska,mławski
3897,Luszyn,489.935,552.174,0572742,70799,wieś,Pacyna-gmina wiejska,gostyniński
3898,Lutkówka,451.977,611.596,0732648,70817,wieś,Mszczonów-gmina miejsko-wiejska,żyrardowski
3899,Lutkówka Druga,454.187,610.089,0732654,70820,wieś,Mszczonów-gmina miejsko-wiejska,żyrardowski
3900,Lutkówka-Kolonia,451.939,609.797,0732660,70819,wieś,Mszczonów-gmina miejsko-wiejska,żyrardowski
3901,Lutobrok,535.082,653.887,0523873,70827,wieś,Zatory-gmina wiejska,pułtuski
3902,Lutobrok-Folwark,535.720,653.442,0523904,70828,wieś,Zatory-gmina wiejska,pułtuski
3903,Lutobrok-Gajówka,537.057,651.372,0515678,70829,osada leśna,Obryte-gmina wiejska,pułtuski
3904,Lutocin,568.743,551.414,0119215,70831,wieś,Lutocin-gmina wiejska,żuromiński
3905,Lutomierzyn,540.171,580.513,0111751,70850,wieś,Baboszewo-gmina wiejska,płoński
3906,Lwówek,497.477,552.681,0574474,70908,wieś,Sanniki-gmina miejsko-wiejska,gostyniński
3907,Machcin,451.900,647.826,0616706,74952,wieś,Chynów-gmina wiejska,grójecki
3908,Machcinko,529.783,549.754,0559842,74953,wieś,Bielsk-gmina wiejska,płocki
3909,Machcino,529.831,550.746,0559859,74954,wieś,Bielsk-gmina wiejska,płocki
3910,Machnatka,442.894,615.741,0615032,74973,wieś,Błędów-gmina wiejska,grójecki
3911,Machnatka-Parcela,443.951,615.067,0615055,74974,wieś,Błędów-gmina wiejska,grójecki
3912,Maciejowice,416.949,667.502,0619596,75055,wieś,Głowaczów-gmina miejsko-wiejska,kozienicki
3913,Maciejowice,448.911,631.455,0622316,75052,wieś,Grójec-gmina miejsko-wiejska,grójecki
3914,Maciejowice,428.144,676.432,0680503,75054,miasto,Maciejowice-gmina miejsko-wiejska,garwoliński
3915,Maciejowice,470.597,745.106,0696562,75053,wieś,Zbuczyn-gmina wiejska,siedlecki
3916,Maciejówka,435.849,630.853,0614179,75080,wieś,Belsk Duży-gmina wiejska,grójecki
3917,Macierzysz,485.923,626.998,0005894,75099,wieś,Ożarów Mazowiecki-gmina miejsko-wiejska,warszawski zachodni
3918,Magdalenka,471.949,630.798,0004890,75268,wieś,Lesznowola-gmina wiejska,piaseczyński
3919,Magierowa Wola,445.960,652.159,0640283,75295,wieś,Warka-gmina miejsko-wiejska,grójecki
3920,Magierów,385.403,653.690,0636956,75296,wieś,Skaryszew-gmina miejsko-wiejska,radomski
3921,Magnuszew,435.514,664.405,0628833,75316,miasto,Magnuszew-gmina miejsko-wiejska,kozienicki
3922,Magnuszew Duży,552.178,648.801,0521199,75317,wieś,Szelków-gmina wiejska,makowski
3923,Magnuszew Mały,550.547,648.537,0521220,75318,wieś,Szelków-gmina wiejska,makowski
3924,Majdan,484.345,655.157,0010033,75432,wieś,Wiązowna-gmina wiejska,otwocki
3925,Majdan,497.884,655.768,0010257,75429,wieś,Wołomin-gmina miejsko-wiejska,wołomiński
3926,Majdan,590.574,650.711,0506283,75435,wieś,Baranowo-gmina wiejska,ostrołęcki
3927,Majdan,426.721,643.151,0638895,75444,osada leśna,Stromiec-gmina wiejska,białobrzeski
3928,Majdan,536.036,720.171,0669430,75422,osada leśna,Ceranów-gmina wiejska,sokołowski
3929,Majdan,524.708,688.442,0679084,75436,wieś,Łochów-gmina miejsko-wiejska,węgrowski
3930,Majdan,467.202,677.980,0687184,75433,wieś,Siennica-gmina miejsko-wiejska,miński
3931,Majdan,519.939,696.618,0691010,75437,wieś,Stoczek-gmina wiejska,węgrowski
3932,Majdan,426.756,695.366,0692512,75445,wieś,Trojanów-gmina wiejska,garwoliński
3933,Majdan,492.540,690.802,0693606,75438,wieś,Wierzbno-gmina wiejska,węgrowski
3934,Majdan Kiełczewski,536.327,696.858,0685920,75529,wieś,Sadowne-gmina wiejska,węgrowski
3935,Majdan Suski,556.592,676.694,0522543,75571,wieś,Wąsewo-gmina wiejska,ostrowski
3936,Majdanki,371.441,620.708,0615871,75619,wieś,Chlewiska-gmina wiejska,szydłowiecki
3937,Majdany,419.592,674.329,0627621,75643,wieś,Kozienice-gmina miejsko-wiejska,kozienicki
3938,Majdów,367.161,624.411,0639245,75668,wieś,Szydłowiec-gmina miejsko-wiejska,szydłowiecki
3939,Majewo,558.143,538.418,0578532,75708,wieś,Szczutowo-gmina wiejska,sierpecki
3940,Majk,596.157,647.500,0506290,75714,wieś,Baranowo-gmina wiejska,ostrołęcki
3941,Majki Duże,546.381,557.943,0579684,75716,wieś,Zawidz-gmina wiejska,sierpecki
3942,Majki Małe,544.652,556.282,0579690,75717,wieś,Zawidz-gmina wiejska,sierpecki
3943,Majki-Tykiewki,574.607,653.452,0520886,75715,wieś,Sypniewo-gmina wiejska,makowski
3944,Mak,562.828,556.934,0112118,75783,wieś,Bieżuń-gmina miejsko-wiejska,żuromiński
3945,Makarówka,480.073,765.714,0012635,75790,wieś,Huszlew-gmina wiejska,łosicki
3946,Makomazy,547.474,556.590,0579709,75797,wieś,Zawidz-gmina wiejska,sierpecki
3947,Makowica,557.154,643.875,0521236,75813,wieś,Szelków-gmina wiejska,makowski
3948,Makowiec,389.187,654.228,0637074,75822,wieś,Skaryszew-gmina miejsko-wiejska,radomski
3949,Makowiec-Leśniczówka,387.643,655.122,0637097,194963,osada leśna,Skaryszew-gmina miejsko-wiejska,radomski
3950,Maksymilianów,406.198,630.567,0634207,75894,wieś,Przytyk-gmina miejsko-wiejska,radomski
3951,Maksymilianów,513.740,687.424,0675608,75892,wieś,Korytnica-gmina wiejska,węgrowski
3952,Maków,388.990,656.559,0637105,75863,wieś,Skaryszew-gmina miejsko-wiejska,radomski
3953,Maków Mazowiecki,557.558,641.365,0966300,75867,miasto,Maków Mazowiecki-gmina miejska,makowski
3954,Maków Nowy,391.024,654.513,0991025,75868,wieś,Skaryszew-gmina miejsko-wiejska,radomski
3955,Makówiec Duży,501.492,686.023,0670380,75871,wieś,Dobre-gmina miejsko-wiejska,miński
3956,Makówiec Mały,500.664,687.026,0670396,75873,wieś,Dobre-gmina miejsko-wiejska,miński
3957,Makówka,466.632,610.015,0002341,75875,wieś,Grodzisk Mazowiecki-gmina miejsko-wiejska,grodziski
3958,Malamówka,426.184,683.061,0680532,75919,wieś,Maciejowice-gmina miejsko-wiejska,garwoliński
3959,Malanowo,493.829,586.709,0009604,75923,wieś,Brochów-gmina wiejska,sochaczewski
3960,Malanowo Nowe,548.639,533.276,0571493,75924,wieś,Mochowo-gmina wiejska,sierpecki
3961,Malanowo Stare,547.219,534.559,0571553,75925,wieś,Mochowo-gmina wiejska,sierpecki
3962,Malanówko,548.053,531.780,0571435,75931,wieś,Mochowo-gmina wiejska,sierpecki
3963,Malcanów,478.444,662.362,0010056,75956,wieś,Wiązowna-gmina wiejska,otwocki
3964,Malczyn,525.741,615.911,0120218,75982,wieś,Nasielsk-gmina miejsko-wiejska,nowodworski
3965,Malechy,555.613,635.048,0116949,75996,wieś,Karniewo-gmina wiejska,makowski
3966,Malenie,524.339,576.489,0561419,76007,wieś,Bulkowo-gmina wiejska,płocki
3967,Malewo,548.089,566.326,0123808,76053,wieś,Raciąż-gmina wiejska,płoński
3968,Malinowo Nowe,564.384,686.165,0508336,88941,wieś,Czerwin-gmina wiejska,ostrołęcki
3969,Malinowo Stare,564.205,687.434,0508419,129155,wieś,Czerwin-gmina wiejska,ostrołęcki
3970,Malinówka,541.991,702.848,0514383,193434,osada leśna,Małkinia Górna-gmina miejsko-wiejska,ostrowski
3971,Malinówka,541.725,702.849,0514390,76205,osada leśna,Małkinia Górna-gmina miejsko-wiejska,ostrowski
3972,Maliszew,478.233,671.924,0681810,76235,wieś,Mińsk Mazowiecki-gmina wiejska,miński
3973,Maliszewko,535.039,566.508,0563401,76236,wieś,Drobin-gmina miejsko-wiejska,płocki
3974,Maliszów,382.972,647.385,0627118,76243,wieś,Kowala-gmina wiejska,radomski
3975,Maluszyn,557.186,535.912,0578466,76277,wieś,Szczutowo-gmina wiejska,sierpecki
3976,Malużyn,543.536,595.612,0114732,76282,wieś,Glinojeck-gmina miejsko-wiejska,ciechanowski
3977,Malwinowo,533.632,647.773,0523844,76283,wieś,Zatory-gmina wiejska,pułtuski
3978,Mamino,578.232,655.078,0520892,77262,wieś,Sypniewo-gmina wiejska,makowski
3979,Many,457.110,617.754,0009277,77328,wieś,Tarczyn-gmina miejsko-wiejska,piaseczyński
3980,Marcelin,501.561,690.400,0670404,77374,wieś,Dobre-gmina miejsko-wiejska,miński
3981,Marcelów,406.231,649.615,0624976,77380,wieś,Jedlińsk-gmina wiejska,radomski
3982,Marcelów,398.954,667.700,0631172,77381,wieś,Pionki-gmina wiejska,radomski
3983,Marcjanka,505.268,574.984,0579158,77493,wieś,Wyszogród-gmina miejsko-wiejska,płocki
3984,Marcule,361.062,655.179,0623333,77511,osada,Iłża-gmina miejsko-wiejska,radomski
3985,Mariampol,424.387,658.777,0619656,77567,wieś,Głowaczów-gmina miejsko-wiejska,kozienicki
3986,Mariampol,465.333,600.820,0728552,77565,wieś,Jaktorów-gmina wiejska,grodziski
3987,Mariampole,561.808,653.035,0508744,77576,wieś,Czerwonka-gmina wiejska,makowski
3988,Marianka,458.545,623.404,0009283,77603,wieś,Tarczyn-gmina miejsko-wiejska,piaseczyński
3989,Marianka,511.608,523.792,0564599,77590,wieś,Gostynin-gmina wiejska,gostyniński
3990,Marianka,487.798,688.604,0673845,77601,wieś,Kałuszyn-gmina miejsko-wiejska,miński
3991,Marianka,479.315,677.119,0681840,77602,wieś,Mińsk Mazowiecki-gmina wiejska,miński
3992,Marianka,454.421,608.319,0732683,77596,wieś,Mszczonów-gmina miejsko-wiejska,żyrardowski
3993,Marianki,377.260,672.972,0617597,77643,wieś,Ciepielów-gmina miejsko-wiejska,lipski
3994,Marianki,418.911,645.154,0638837,77640,wieś,Stromiec-gmina wiejska,białobrzeski
3995,Marianowice,399.751,636.971,0642744,77657,wieś,Zakrzew-gmina wiejska,radomski
3996,Marianowo,542.547,608.396,0126020,77680,wieś,Sońsk-gmina wiejska,ciechanowski
3997,Marianowo,558.775,591.939,0126770,77679,kolonia,Strzegowo-gmina wiejska,mławski
3998,Marianowo,581.713,598.193,0128102,77678,wieś,Szydłowo-gmina wiejska,mławski
3999,Marianowo,545.088,667.949,0509608,77681,wieś,Długosiodło-gmina wiejska,wyszkowski
4000,Marianowo,587.856,620.945,0512496,77682,wieś,Krzynowłoga Mała-gmina wiejska,przasnyski
4001,Marianów,490.197,606.529,0004506,77700,wieś,Leszno-gmina wiejska,warszawski zachodni
4002,Marianów,519.033,653.977,0509040,77698,wieś,Dąbrówka-gmina wiejska,wołomiński
4003,Marianów,514.481,669.900,0521450,77699,wieś,Tłuszcz-gmina miejsko-wiejska,wołomiński
4004,Marianów,513.197,536.855,0564607,77696,wieś,Gostynin-gmina wiejska,gostyniński
4005,Marianów,452.611,638.086,0616712,77707,wieś,Chynów-gmina wiejska,grójecki
4006,Marianów,412.605,665.788,0619662,77714,wieś,Głowaczów-gmina miejsko-wiejska,kozienicki
4007,Marianów,400.573,694.546,0620004,77717,wieś,Gniewoszów-gmina wiejska,kozienicki
4008,Marianów,446.732,630.972,0622322,77708,wieś,Grójec-gmina miejsko-wiejska,grójecki
4009,Marianów,370.902,670.335,0635626,77715,wieś,Rzeczniów-gmina wiejska,lipski
4010,Marianów,359.509,694.827,0638010,77719,wieś,Solec nad Wisłą-gmina miejsko-wiejska,lipski
4011,Marianów,445.670,671.851,0671450,77711,wieś,Garwolin-gmina wiejska,garwoliński
4012,Marianów,522.163,692.014,0691027,77709,wieś,Stoczek-gmina wiejska,węgrowski
4013,Marianów Sierakowski,499.321,527.373,0564582,77745,wieś,Gostynin-gmina wiejska,gostyniński
4014,Mariańskie Porzecze,448.903,660.541,0693925,77770,wieś,Wilga-gmina wiejska,garwoliński
4015,Mariew,492.235,618.242,0008906,77775,wieś,Stare Babice-gmina wiejska,warszawski zachodni
4016,Mariówka,392.583,611.370,0633975,77793,wieś,Przysucha-gmina miejsko-wiejska,przysuski
4017,Marki,498.590,644.008,0920901,77801,miasto,Marki-gmina miejska,wołomiński
4018,Markowola,399.894,696.735,0620033,77866,wieś,Gniewoszów-gmina wiejska,kozienicki
4019,Markowola-Kolonia,400.828,697.458,0620040,77867,wieś,Gniewoszów-gmina wiejska,kozienicki
4020,Marków-Towarzystwo,457.251,602.569,0732708,77879,wieś,Mszczonów-gmina miejsko-wiejska,żyrardowski
4021,Marków-Świnice,458.579,601.836,0732690,77878,wieś,Mszczonów-gmina miejsko-wiejska,żyrardowski
4022,Martynów,444.203,647.241,0616729,78027,wieś,Chynów-gmina wiejska,grójecki
4023,Marusy,547.822,617.020,0126304,78045,wieś,Sońsk-gmina wiejska,ciechanowski
4024,Maruszów,360.820,684.511,0628307,78056,wieś,Lipsko-gmina miejsko-wiejska,lipski
4025,Marychnów,532.205,572.615,0576651,78081,wieś,Staroźreby-gmina miejsko-wiejska,płocki
4026,Marylka,460.050,629.756,0009308,78093,wieś,Tarczyn-gmina miejsko-wiejska,piaseczyński
4027,Marynin,467.518,617.364,0002358,78109,wieś,Grodzisk Mazowiecki-gmina miejsko-wiejska,grodziski
4028,Marynin,448.015,651.313,0616735,78110,wieś,Chynów-gmina wiejska,grójecki
4029,Marynin,435.898,640.956,0623675,78112,wieś,Jasieniec-gmina wiejska,grójecki
4030,Marynino,518.774,636.342,0008303,78123,wieś,Serock-gmina miejsko-wiejska,legionowski
4031,Maryno,398.553,667.191,0625473,78142,wieś,Jedlnia-Letnisko-gmina miejsko-wiejska,radomski
4032,Marysin,468.341,628.284,0004914,78175,wieś,Lesznowola-gmina wiejska,piaseczyński
4033,Marysin,565.723,565.222,0112041,78171,osada leśna,Bieżuń-gmina miejsko-wiejska,żuromiński
4034,Marysin,392.960,609.843,0618929,78201,wieś,Gielniów-gmina miejsko-wiejska,przysuski
4035,Marysin,430.133,618.154,0629376,78181,wieś,Mogielnica-gmina miejsko-wiejska,grójecki
4036,Marysin,401.195,623.457,0632438,78189,wieś,Potworów-gmina wiejska,przysuski
4037,Marysin,486.492,695.430,0673897,78176,wieś,Kałuszyn-gmina miejsko-wiejska,miński
4038,Marysin,477.846,703.331,0676737,78177,wieś,Kotuń-gmina wiejska,siedlecki
4039,Marysin,508.571,684.274,0692015,78179,wieś,Strachówka-gmina wiejska,wołomiński
4040,Marysin,495.177,583.493,0732022,78173,wieś,Młodzieszyn-gmina wiejska,sochaczewski
4041,Marysinek,483.138,603.090,0000454,78212,wieś,Błonie-gmina miejsko-wiejska,warszawski zachodni
4042,Marysinek,561.703,582.619,0126899,78211,wieś,Strzegowo-gmina wiejska,mławski
4043,Marysinek,477.458,584.372,0733790,78213,wieś,Nowa Sucha-gmina wiejska,sochaczewski
4044,Marywil,378.590,628.853,0639386,78226,wieś,Szydłowiec-gmina miejsko-wiejska,szydłowiecki
4045,Masiak,591.096,616.961,0512504,78261,wieś,Krzynowłoga Mała-gmina wiejska,przasnyski
4046,Maszewo,522.713,542.011,0576237,78331,wieś,Stara Biała-gmina wiejska,płocki
4047,Maszewo Duże,523.728,542.915,0576243,78333,wieś,Stara Biała-gmina wiejska,płocki
4048,Maszna,485.136,598.141,0738817,78357,wieś,Teresin-gmina wiejska,sochaczewski
4049,Matały,519.748,692.248,0679090,78421,wieś,Łochów-gmina miejsko-wiejska,węgrowski
4050,Matejki,530.743,730.588,0690619,78429,wieś,Sterdyń-gmina wiejska,sokołowski
4051,Matyldzin,421.830,652.485,0638843,78511,wieś,Stromiec-gmina wiejska,białobrzeski
4052,Matyldów,509.275,546.958,0569591,78505,wieś,Łąck-gmina wiejska,płocki
4053,Matyldów,488.696,572.813,0736818,78506,wieś,Rybno-gmina wiejska,sochaczewski
4054,Maurycew,476.123,592.694,0738823,78531,wieś,Teresin-gmina wiejska,sochaczewski
4055,"Mazewo Dworskie""A""",529.283,617.985,0120230,78563,wieś,Nasielsk-gmina miejsko-wiejska,nowodworski
4056,"Mazewo Dworskie""B""",528.165,619.407,0120247,78564,wieś,Nasielsk-gmina miejsko-wiejska,nowodworski
4057,Mazewo Włościańskie,528.877,619.392,0120253,78565,wieś,Nasielsk-gmina miejsko-wiejska,nowodworski
4058,Maziarze,372.268,679.575,0628313,78589,wieś,Lipsko-gmina miejsko-wiejska,lipski
4059,Maziarze Nowe,364.711,659.283,0623072,78590,wieś,Iłża-gmina miejsko-wiejska,radomski
4060,Maziarze Stare,365.307,661.015,0623534,78591,wieś,Iłża-gmina miejsko-wiejska,radomski
4061,Mazowszany,387.972,648.788,0627153,78599,wieś,Kowala-gmina wiejska,radomski
4062,Mała Wieś,549.122,568.498,0123814,76501,wieś,Raciąż-gmina wiejska,płoński
4063,Mała Wieś,510.869,574.853,0570750,76502,wieś,Mała Wieś-gmina wiejska,płocki
4064,Mała Wieś,441.628,621.981,0614191,76504,wieś,Belsk Duży-gmina wiejska,grójecki
4065,Mała Wieś,419.338,657.084,0619461,76507,wieś,Głowaczów-gmina miejsko-wiejska,kozienicki
4066,Mała Wieś,424.444,626.191,0632869,76506,wieś,Promna-gmina wiejska,białobrzeski
4067,Mała Wieś,475.094,693.598,0682910,76503,wieś,Mrozy-gmina miejsko-wiejska,miński
4068,Mała Wieś przy Drodze,506.905,605.012,0004133,76520,wieś,Leoncin-gmina wiejska,nowodworski
4069,Mała Wysoka,425.707,626.581,0632898,76537,wieś,Promna-gmina wiejska,białobrzeski
4070,Małachowo,535.341,570.149,0563418,76556,wieś,Drobin-gmina miejsko-wiejska,płocki
4071,Małachowszczyzna,444.749,611.423,0732677,76564,wieś,Mszczonów-gmina miejsko-wiejska,żyrardowski
4072,Małaszek,552.116,675.785,0509577,76575,wieś,Długosiodło-gmina wiejska,wyszkowski
4073,Małe Boże,425.316,647.280,0638808,76612,wieś,Stromiec-gmina wiejska,białobrzeski
4074,Małe Łąki,460.619,588.763,0734788,76701,wieś,Puszcza Mariańska-gmina wiejska,żyrardowski
4075,Małgorzacin,369.241,681.391,0628299,76857,wieś,Lipsko-gmina miejsko-wiejska,lipski
4076,Małki,556.250,658.190,0519825,76875,wieś,Rzewnie-gmina wiejska,makowski
4077,Małkinia Dolna,542.763,702.536,0514354,76879,wieś,Małkinia Górna-gmina miejsko-wiejska,ostrowski
4078,Małkinia Górna,540.716,704.488,0514408,76880,miasto,Małkinia Górna-gmina miejsko-wiejska,ostrowski
4079,Małkinia Mała-Przewóz,539.663,703.778,0514414,76881,wieś,Małkinia Górna-gmina miejsko-wiejska,ostrowski
4080,Małków,494.648,660.634,0684197,76895,wieś,Poświętne-gmina wiejska,wołomiński
4081,Małocice,502.160,614.328,0001376,76911,wieś,Czosnów-gmina wiejska,nowodworski
4082,Małocin,571.036,567.351,0112130,76915,wieś,Bieżuń-gmina miejsko-wiejska,żuromiński
4083,Małomierzyce,372.609,662.799,0622888,76939,wieś,Iłża-gmina miejsko-wiejska,radomski
4084,Małopole,514.325,655.069,0509034,76943,wieś,Dąbrówka-gmina wiejska,wołomiński
4085,Małoszewo,516.577,565.521,0560472,76953,wieś,Bodzanów-gmina miejsko-wiejska,płocki
4086,Małoszywka,518.032,566.118,0560489,76964,wieś,Bodzanów-gmina miejsko-wiejska,płocki
4087,Małowidz,593.621,633.800,0510630,76968,wieś,Jednorożec-gmina wiejska,przasnyski
4088,Mały Las,585.784,561.343,0118658,77103,wieś,Lubowidz-gmina miejsko-wiejska,żuromiński
4089,Mały Stanisławów,494.109,672.319,0690000,77183,wieś,Stanisławów-gmina miejsko-wiejska,miński
4090,Małęczyn,393.014,656.796,0621328,76853,wieś,Gózd-gmina wiejska,radomski
4091,Małęczyn,432.931,655.097,0621920,76852,wieś,Grabów nad Pilicą-gmina wiejska,kozienicki
4092,Mańkowo,525.227,541.753,0576220,77339,wieś,Stara Biała-gmina wiejska,płocki
4093,Mańkowo,545.300,560.990,0579715,77340,wieś,Zawidz-gmina wiejska,sierpecki
4094,Mchowo,579.640,624.699,0517980,78793,wieś,Przasnysz-gmina wiejska,przasnyski
4095,Mchówko,578.316,626.085,0518004,78797,wieś,Przasnysz-gmina wiejska,przasnyski
4096,Mdzewko,565.847,584.757,0126959,78802,wieś,Strzegowo-gmina wiejska,mławski
4097,Mdzewo,564.930,586.131,0126965,78803,wieś,Strzegowo-gmina wiejska,mławski
4098,Mechlin,390.716,606.454,0618935,78810,wieś,Gielniów-gmina miejsko-wiejska,przysuski
4099,Melanów,387.986,676.638,0643270,78873,wieś,Zwoleń-gmina miejsko-wiejska,zwoleński
4100,Melanów,439.835,681.872,0678506,78872,wieś,Łaskarzew-gmina wiejska,garwoliński
4101,Mellerów,492.257,538.568,0577900,78881,wieś,Szczawin Kościelny-gmina wiejska,gostyniński
4102,Meszki,491.095,758.957,0015579,78937,wieś,Łosice-gmina miejsko-wiejska,łosicki
4103,Mianowo,581.597,572.956,0117802,79089,wieś,Kuczbork-Osada-gmina wiejska,żuromiński
4104,Mianowo,552.336,716.136,0407724,79090,wieś,Andrzejewo-gmina wiejska,ostrowski
4105,Miasteczko,382.108,662.763,0637186,79103,wieś,Skaryszew-gmina miejsko-wiejska,radomski
4106,Miastków Kościelny,450.195,694.233,0680934,79138,wieś,Miastków Kościelny-gmina wiejska,garwoliński
4107,Miałkówek,514.662,529.177,0564620,79077,wieś,Gostynin-gmina wiejska,gostyniński
4108,Michalczew,443.971,645.754,0640290,79187,wieś,Warka-gmina miejsko-wiejska,grójecki
4109,Michalin,525.082,657.594,0520194,79200,wieś,Somianka-gmina wiejska,wyszkowski
4110,Michalin,392.701,685.638,0643152,79207,wieś,Zwoleń-gmina miejsko-wiejska,zwoleński
4111,Michalin,451.931,603.167,0989324,79201,wieś,Mszczonów-gmina miejsko-wiejska,żyrardowski
4112,Michalinek,526.028,599.911,0122105,79212,wieś,Płońsk-gmina wiejska,płoński
4113,Michalinowo,590.832,595.568,0128941,79214,wieś,Wieczfnia Kościelna-gmina wiejska,mławski
4114,Michałki,436.103,689.966,0688284,79250,kolonia,Sobolew-gmina wiejska,garwoliński
4115,Michałowice,479.820,628.921,0005210,79292,wieś,Michałowice-gmina wiejska,pruszkowski
4116,Michałowice,420.418,619.567,0629382,79288,wieś,Mogielnica-gmina miejsko-wiejska,grójecki
4117,Michałowice-Wieś,478.732,629.919,0005227,79293,wieś,Michałowice-gmina wiejska,pruszkowski
4118,Michałowo,522.495,588.261,0119480,79320,wieś,Naruszewo-gmina wiejska,płoński
4119,Michałowo,609.492,637.867,0508069,79321,wieś,Czarnia-gmina wiejska,ostrołęcki
4120,Michałowo,553.351,668.235,0510267,88976,wieś,Goworowo-gmina wiejska,ostrołęcki
4121,Michałowo-Wróble,548.078,726.017,0394967,79326,wieś,Boguty-Pianki-gmina wiejska,ostrowski
4122,Michałów,491.789,662.657,0002849,79346,wieś,Halinów-gmina miejsko-wiejska,miński
4123,Michałów,505.034,604.549,0004104,79344,wieś,Leoncin-gmina wiejska,nowodworski
4124,Michałów,504.149,758.089,0017549,79351,wieś,Platerów-gmina wiejska,łosicki
4125,Michałów,508.224,656.848,0511522,79343,wieś,Klembów-gmina wiejska,wołomiński
4126,Michałów,423.432,662.662,0619679,79355,wieś,Głowaczów-gmina miejsko-wiejska,kozienicki
4127,Michałów,369.707,649.703,0623209,79394,wieś,Iłża-gmina miejsko-wiejska,radomski
4128,Michałów,367.100,667.240,0635632,79361,wieś,Rzeczniów-gmina wiejska,lipski
4129,Michałów,394.161,632.864,0641288,79360,wieś,Wolanów-gmina wiejska,radomski
4130,Michałów,457.091,590.346,0734877,79347,wieś,Puszcza Mariańska-gmina wiejska,żyrardowski
4131,Michałów Dolny,429.966,642.157,0640308,79389,wieś,Warka-gmina miejsko-wiejska,grójecki
4132,Michałów Górny,429.307,641.406,0640314,79392,wieś,Warka-gmina miejsko-wiejska,grójecki
4133,Michałów-Grabina,501.428,637.191,0005635,79384,wieś,Nieporęt-gmina wiejska,legionowski
4134,Michałów-Parcele,430.979,641.866,0640320,79386,wieś,Warka-gmina miejsko-wiejska,grójecki
4135,Michałów-Reginów,508.048,634.057,0005641,79387,wieś,Wieliszew-gmina wiejska,legionowski
4136,Michałówek,484.365,618.483,0005931,79411,wieś,Ożarów Mazowiecki-gmina miejsko-wiejska,warszawski zachodni
4137,Michałówek,484.433,657.652,0010062,79412,wieś,Wiązowna-gmina wiejska,otwocki
4138,Michałówek,519.933,602.702,0129863,79407,wieś,Załuski-gmina wiejska,płoński
4139,Michałówek,423.311,661.465,0619691,79413,wieś,Głowaczów-gmina miejsko-wiejska,kozienicki
4140,Michałówka,436.208,636.493,0623758,79424,wieś,Jasieniec-gmina wiejska,grójecki
4141,Michałówka,424.799,668.988,0627851,79425,wieś,Kozienice-gmina miejsko-wiejska,kozienicki
4142,Michowo,530.618,595.682,0122111,79473,wieś,Płońsk-gmina wiejska,płoński
4143,Michrów,454.433,623.382,0631522,79479,wieś,Pniewy-gmina wiejska,grójecki
4144,Michrów-Stefów,453.894,620.607,0631539,79481,wieś,Pniewy-gmina wiejska,grójecki
4145,Michrówek,454.686,622.204,0631545,79483,wieś,Pniewy-gmina wiejska,grójecki
4146,Miechowice,428.104,616.954,0629399,79520,wieś,Mogielnica-gmina miejsko-wiejska,grójecki
4147,Miechów,381.456,671.418,0626024,79536,wieś,Kazanów-gmina miejsko-wiejska,zwoleński
4148,Miechów-Kolonia,381.481,671.060,0626060,79538,wieś,Kazanów-gmina miejsko-wiejska,zwoleński
4149,Mieczki-Abramy,575.189,691.335,0522158,79561,wieś,Troszyn-gmina wiejska,ostrołęcki
4150,Mieczki-Poziemaki,576.514,692.290,0522164,79563,wieś,Troszyn-gmina wiejska,ostrołęcki
4151,Mieczki-Ziemaki,577.447,691.744,0522170,79565,wieś,Troszyn-gmina wiejska,ostrołęcki
4152,Mieczyno,533.345,565.804,0576668,79574,wieś,Staroźreby-gmina miejsko-wiejska,płocki
4153,Mieczysławów,392.449,684.702,0643123,79590,wieś,Zwoleń-gmina miejsko-wiejska,zwoleński
4154,Mieczysławówka,448.194,630.268,0622339,79592,wieś,Grójec-gmina miejsko-wiejska,grójecki
4155,Miedniewice,469.364,589.218,0739410,79601,wieś,Wiskitki-gmina miejsko-wiejska,żyrardowski
4156,Miedniewice-Gajówka,466.773,590.218,1060659,236377,osada leśna,Wiskitki-gmina miejsko-wiejska,żyrardowski
4157,Miednik,521.601,700.391,0691033,79605,wieś,Stoczek-gmina wiejska,węgrowski
4158,Miednik,522.037,700.625,0691056,196155,osada leśna,Stoczek-gmina wiejska,węgrowski
4159,Miedzanka-Gajówka,510.731,703.444,1059863,199697,osada leśna,Liw-gmina wiejska,węgrowski
4160,Miedzechów,443.456,639.179,0623764,79625,wieś,Jasieniec-gmina wiejska,grójecki
4161,Miedzna,515.770,709.798,0681224,79662,wieś,Miedzna-gmina wiejska,węgrowski
4162,Miejska Dąbrowa,418.044,656.044,0619700,79691,wieś,Głowaczów-gmina miejsko-wiejska,kozienicki
4163,Mienia,479.742,684.666,0669045,79873,wieś,Cegłów-gmina miejsko-wiejska,miński
4164,Mierniki,556.420,625.631,0115105,79904,wieś,Gołymin-Ośrodek-gmina wiejska,ciechanowski
4165,Mierzanowo,574.992,605.328,0115654,79933,wieś,Grudusk-gmina wiejska,ciechanowski
4166,Mierzanowo-Kolonia,573.921,604.792,0115660,190131,przysiółek,Grudusk-gmina wiejska,ciechanowski
4167,Mierzeniec,547.978,630.142,0116040,79943,wieś,Gzy-gmina wiejska,pułtuski
4168,Mierziączka,388.393,686.130,0633395,79959,wieś,Przyłęk-gmina wiejska,zwoleński
4169,Mierzwice-Kolonia,507.507,768.719,0018945,79969,wieś,Sarnaki-gmina wiejska,łosicki
4170,Mierzęcin,529.816,651.091,0523933,79955,wieś,Zatory-gmina wiejska,pułtuski
4171,Mierzęcin,565.128,544.630,0578472,79954,wieś,Szczutowo-gmina wiejska,sierpecki
4172,Mierżączka,446.999,683.208,0671817,80006,wieś,Górzno-gmina wiejska,garwoliński
4173,Mieszaki,552.815,550.602,0574920,80011,wieś,Sierpc-gmina wiejska,sierpecki
4174,Mieszczk,555.297,541.799,0574936,80017,wieś,Sierpc-gmina wiejska,sierpecki
4175,Mieszki Wielkie,551.375,609.874,0112578,80030,wieś,Ciechanów-gmina wiejska,ciechanowski
4176,Mieszki-Kuligi,527.078,632.793,0129337,80027,wieś,Winnica-gmina wiejska,pułtuski
4177,Mieszki-Leśniki,528.301,632.466,0129343,80028,wieś,Winnica-gmina wiejska,pułtuski
4178,Mieszki-Różki,552.424,610.863,0112526,80029,wieś,Ciechanów-gmina wiejska,ciechanowski
4179,Mieszkowo,465.857,630.307,0006416,80041,wieś,Piaseczno-gmina miejsko-wiejska,piaseczyński
4180,Mieścisko,402.889,691.035,0620056,80060,wieś,Gniewoszów-gmina wiejska,kozienicki
4181,Mijakowo,518.280,560.259,0575775,80325,wieś,Słupno-gmina wiejska,płocki
4182,Mikanów,478.127,676.559,0681862,80332,wieś,Mińsk Mazowiecki-gmina wiejska,miński
4183,Mikołajew,479.747,590.329,0738846,80378,wieś,Teresin-gmina wiejska,sochaczewski
4184,Mikołajewo,529.083,562.818,0576674,80392,wieś,Staroźreby-gmina miejsko-wiejska,płocki
4185,Mikówiec,460.992,649.344,0001867,80474,wieś,Góra Kalwaria-gmina miejsko-wiejska,piaseczyński
4186,Mikówka,420.170,638.421,0614570,80475,wieś,Białobrzegi-gmina miejsko-wiejska,białobrzeski
4187,Milanów,448.834,640.534,0616758,80521,wieś,Chynów-gmina wiejska,grójecki
4188,Milanówek,474.504,614.239,0921020,80526,miasto,Milanówek-gmina miejska,grodziski
4189,Milejowice,396.995,643.979,0642514,80553,wieś,Zakrzew-gmina wiejska,radomski
4190,Milejowice-Kolonia,397.920,643.855,0642520,199665,kolonia,Zakrzew-gmina wiejska,radomski
4191,Milew,489.200,695.163,0673851,80578,wieś,Kałuszyn-gmina miejsko-wiejska,miński
4192,Milewko,546.246,563.688,0579721,80580,wieś,Zawidz-gmina wiejska,sierpecki
4193,Milewo,534.577,595.731,0125871,80588,wieś,Sochocin-gmina miejsko-wiejska,płoński
4194,Milewo,547.277,564.374,0579738,80587,wieś,Zawidz-gmina wiejska,sierpecki
4195,Milewo Wielkie,575.716,690.250,0522201,80609,wieś,Troszyn-gmina wiejska,ostrołęcki
4196,Milewo-Brzegędy,557.625,626.782,0117328,80594,wieś,Krasne-gmina wiejska,przasnyski
4197,Milewo-Bylice,560.720,626.103,0117363,80595,kolonia,Krasne-gmina wiejska,przasnyski
4198,Milewo-Gawary,560.375,626.567,0117370,80597,kolonia,Krasne-gmina wiejska,przasnyski
4199,Milewo-Kulki,561.706,625.444,0117386,80599,kolonia,Krasne-gmina wiejska,przasnyski
4200,Milewo-Malonki,557.558,627.742,0116955,80601,wieś,Karniewo-gmina wiejska,makowski
4201,Milewo-Ruszczyny,558.546,626.864,0117334,80603,wieś,Krasne-gmina wiejska,przasnyski
4202,Milewo-Rączki,560.650,625.706,0117340,80602,wieś,Krasne-gmina wiejska,przasnyski
4203,Milewo-Szwejki,560.683,628.104,0117392,80604,wieś,Krasne-gmina wiejska,przasnyski
4204,Milewo-Tabuły,561.277,626.532,0117400,80605,wieś,Krasne-gmina wiejska,przasnyski
4205,Milewo-Tosie,574.005,690.414,0522193,80606,wieś,Troszyn-gmina wiejska,ostrołęcki
4206,Milewo-Wypychy,559.096,628.225,0116961,80607,wieś,Karniewo-gmina wiejska,makowski
4207,Milewo-Łosie,576.345,689.656,0522187,80600,wieś,Troszyn-gmina wiejska,ostrołęcki
4208,Milęcin,479.493,613.165,0000655,80618,wieś,Brwinów-gmina miejsko-wiejska,pruszkowski
4209,Mingosy,485.365,707.205,0676743,80876,wieś,Kotuń-gmina wiejska,siedlecki
4210,Miodne,395.463,675.103,0643086,80921,osada leśna,Zwoleń-gmina miejsko-wiejska,zwoleński
4211,Miodusy,542.430,553.412,0565328,80940,wieś,Gozdowo-gmina wiejska,sierpecki
4212,Miotki,507.744,727.998,0685140,80955,osada leśna,Repki-gmina wiejska,sokołowski
4213,Mireń,399.832,673.861,0630959,80972,wieś,Pionki-gmina wiejska,radomski
4214,Mirosław,519.222,554.777,0575781,81018,wieś,Słupno-gmina wiejska,płocki
4215,Mirowice,453.167,632.183,0622351,81047,wieś,Grójec-gmina miejsko-wiejska,grójecki
4216,Mirów,577.193,622.594,0518010,81062,wieś,Przasnysz-gmina wiejska,przasnyski
4217,Mirów Nowy,372.261,644.129,0629123,81070,wieś,Mirów-gmina wiejska,szydłowiecki
4218,Mirów Stary,370.604,643.215,0629152,81071,wieś,Mirów-gmina wiejska,szydłowiecki
4219,Mirówek,373.973,642.217,0629117,81072,wieś,Mirów-gmina wiejska,szydłowiecki
4220,Misiadla,501.138,537.990,0577923,81091,wieś,Szczawin Kościelny-gmina wiejska,gostyniński
4221,Mistrzewice,493.221,585.209,0732269,81116,wieś,Młodzieszyn-gmina wiejska,sochaczewski
4222,Mistów,487.899,678.593,0673590,81112,wieś,Jakubów-gmina wiejska,miński
4223,Miszewko,517.230,566.779,0560549,81124,wieś,Bodzanów-gmina miejsko-wiejska,płocki
4224,Miszewko Strzałkowskie,519.187,557.878,0575812,81125,wieś,Słupno-gmina wiejska,płocki
4225,Miszewko-Stefany,518.391,557.498,0575806,175534,wieś,Słupno-gmina wiejska,płocki
4226,Miszewo B,530.946,610.297,0120879,81129,wieś,Nowe Miasto-gmina miejsko-wiejska,płoński
4227,Miszewo Murowane,514.277,563.733,0560561,81130,wieś,Bodzanów-gmina miejsko-wiejska,płocki
4228,Miszewo Wielkie,531.505,608.267,0120885,81131,wieś,Nowe Miasto-gmina miejsko-wiejska,płoński
4229,Miszory,498.163,590.179,0009751,81136,wieś,Brochów-gmina wiejska,sochaczewski
4230,Mizerka,475.895,580.414,0733808,81172,wieś,Nowa Sucha-gmina wiejska,sochaczewski
4231,Miączyn,506.496,597.746,0562005,79158,wieś,Czerwińsk nad Wisłą-gmina miejsko-wiejska,płoński
4232,Miączyn Duży,570.298,583.076,0127835,79161,wieś,Szreńsk-gmina wiejska,mławski
4233,Miączyn Mały,570.840,582.265,0127841,79162,wieś,Szreńsk-gmina wiejska,mławski
4234,Miączynek,507.498,598.163,0562011,79164,wieś,Czerwińsk nad Wisłą-gmina miejsko-wiejska,płoński
4235,Miąse,506.229,665.912,0521740,79165,wieś,Tłuszcz-gmina miejsko-wiejska,wołomiński
4236,Międzyborów,467.603,601.555,0728569,80098,wieś,Jaktorów-gmina wiejska,grodziski
4237,Międzyleś,588.374,613.211,0114264,80198,wieś,Dzierzgowo-gmina wiejska,mławski
4238,Międzyleś,520.885,703.792,0681253,80199,wieś,Miedzna-gmina wiejska,węgrowski
4239,Międzyleś,502.502,668.799,0684205,80197,wieś,Poświętne-gmina wiejska,wołomiński
4240,Międzypole,502.921,668.154,0684228,80210,wieś,Poświętne-gmina wiejska,wołomiński
4241,Miękinki,497.357,571.839,0566345,80263,wieś,Iłów-gmina wiejska,sochaczewski
4242,Miękiny,498.071,571.955,0566368,80264,wieś,Iłów-gmina wiejska,sochaczewski
4243,Miękoszyn,520.238,618.059,0120276,80268,wieś,Nasielsk-gmina miejsko-wiejska,nowodworski
4244,Miękoszynek,519.899,619.266,0120282,80269,wieś,Nasielsk-gmina miejsko-wiejska,nowodworski
4245,Mięsy,446.836,634.535,0622345,80278,wieś,Grójec-gmina miejsko-wiejska,grójecki
4246,Miętne,453.687,677.015,0671020,80286,wieś,Garwolin-gmina wiejska,garwoliński
4247,Miłobędzyn,553.031,541.747,0574959,80755,wieś,Sierpc-gmina wiejska,sierpecki
4248,Miłodróż,532.052,544.097,0576250,80775,wieś,Stara Biała-gmina wiejska,płocki
4249,Miłony,563.224,658.887,0518642,80795,wieś,Różan-gmina miejsko-wiejska,makowski
4250,Miłoszewiec,571.913,617.952,0113129,80824,wieś,Czernice Borowe-gmina wiejska,przasnyski
4251,Miłotki,575.728,571.008,0127858,80849,wieś,Szreńsk-gmina wiejska,mławski
4252,Mińsk Mazowiecki,482.361,675.804,0975687,80914,miasto,Mińsk Mazowiecki-gmina miejska,miński
4253,Mleczków,398.254,641.183,0642537,81204,wieś,Zakrzew-gmina wiejska,radomski
4254,Mleczówka,580.013,544.591,0118664,81217,wieś,Lubowidz-gmina miejsko-wiejska,żuromiński
4255,Mlice-Kostery,537.257,559.342,0563447,81224,wieś,Drobin-gmina miejsko-wiejska,płocki
4256,Mlęcin,493.623,683.003,0670410,81223,wieś,Dobre-gmina miejsko-wiejska,miński
4257,Mniszek,502.011,535.661,0564435,82075,osada,Gostynin-gmina wiejska,gostyniński
4258,Mniszek,390.424,629.871,0641472,82076,wieś,Wolanów-gmina wiejska,radomski
4259,Mniszew,444.686,657.078,0628856,82089,wieś,Magnuszew-gmina miejsko-wiejska,kozienicki
4260,Mocarzewo,498.140,560.013,0574480,82113,wieś,Sanniki-gmina miejsko-wiejska,gostyniński
4261,Mocarzewo,499.808,558.337,1054794,82114,osada leśna,Sanniki-gmina miejsko-wiejska,gostyniński
4262,Mochowo,544.553,537.655,0571441,82130,wieś,Mochowo-gmina wiejska,sierpecki
4263,Mochowo Nowe,544.502,537.968,0571501,82132,wieś,Mochowo-gmina wiejska,sierpecki
4264,Mochowo-Parcele,544.547,536.847,0571458,82131,wieś,Mochowo-gmina wiejska,sierpecki
4265,Mochty-Smok,508.602,604.796,0010398,82136,wieś,Zakroczym-gmina miejsko-wiejska,nowodworski
4266,Moczydła,486.523,685.325,0673609,82225,wieś,Jakubów-gmina wiejska,miński
4267,Moczydło,409.425,648.449,0624746,82285,osada,Jedlińsk-gmina wiejska,radomski
4268,Moczydło,511.322,664.992,1067160,82304,osada,Tłuszcz-gmina miejsko-wiejska,wołomiński
4269,Moczydłów,461.495,650.956,0001873,82309,wieś,Góra Kalwaria-gmina miejsko-wiejska,piaseczyński
4270,Modecin,503.398,685.861,0670427,82333,wieś,Dobre-gmina miejsko-wiejska,miński
4271,Model,491.936,548.316,0572788,82334,wieś,Pacyna-gmina wiejska,gostyniński
4272,Modełka,560.701,597.529,0112584,82336,wieś,Ciechanów-gmina wiejska,ciechanowski
4273,Modlinek,559.271,685.879,0522709,82363,wieś,Wąsewo-gmina wiejska,ostrowski
4274,Modrzejowice,379.247,656.736,0637192,82427,wieś,Skaryszew-gmina miejsko-wiejska,radomski
4275,Modrzejowice,378.149,655.635,0637230,168405,osada,Skaryszew-gmina miejsko-wiejska,radomski
4276,Modrzejowice-Kolonia,378.942,656.126,0637223,82429,kolonia,Skaryszew-gmina miejsko-wiejska,radomski
4277,Modrzew,499.059,538.098,0577930,82435,wieś,Szczawin Kościelny-gmina wiejska,gostyniński
4278,Modrzew,477.259,742.196,0696579,82436,wieś,Zbuczyn-gmina wiejska,siedlecki
4279,Modrzewie,557.283,534.207,0578503,82453,wieś,Szczutowo-gmina wiejska,sierpecki
4280,Modrzewina,430.946,623.973,0620470,82470,wieś,Goszczyn-gmina wiejska,grójecki
4281,Modzele,570.037,664.624,0514733,82501,wieś,Młynarze-gmina wiejska,makowski
4282,Modzele-Bartłomieje,538.415,612.315,0120891,82504,kolonia,Nowe Miasto-gmina miejsko-wiejska,płoński
4283,Modzele-Gajówka,537.197,613.804,1056899,82502,osada leśna,Nowe Miasto-gmina miejsko-wiejska,płoński
4284,Modła,559.861,596.881,0112590,82387,wieś,Ciechanów-gmina wiejska,ciechanowski
4285,Modła,581.263,591.332,0129627,82386,wieś,Wiśniewo-gmina wiejska,mławski
4286,Mogielnica,540.670,557.920,0563453,82524,wieś,Drobin-gmina miejsko-wiejska,płocki
4287,Mogielnica,508.868,743.247,0675198,82525,wieś,Korczew-gmina wiejska,siedlecki
4288,Mogielnica,426.643,618.944,0973665,82526,miasto,Mogielnica-gmina miejsko-wiejska,grójecki
4289,Mogowo,523.238,619.668,0120313,82630,wieś,Nasielsk-gmina miejsko-wiejska,nowodworski
4290,Mojnowo,570.315,554.487,0119221,82644,wieś,Lutocin-gmina wiejska,żuromiński
4291,Mokas,490.508,590.520,0738473,82661,wieś,Sochaczew-gmina wiejska,sochaczewski
4292,Mokobody,493.388,712.242,0682175,82668,wieś,Mokobody-gmina wiejska,siedlecki
4293,Mokobody-Kolonia,495.324,713.368,0682181,82669,wieś,Mokobody-gmina wiejska,siedlecki
4294,Mokotów,483.540,638.309,0918130,82674,część miasta,Warszawa-gmina miejska,Warszawa
4295,Mokra Wieś,514.196,670.211,0521762,82706,wieś,Tłuszcz-gmina miejsko-wiejska,wołomiński
4296,Mokrany-Gajówka,504.366,749.973,0675347,82738,osada leśna,Korczew-gmina wiejska,siedlecki
4297,Mokre,510.928,648.959,0007663,82756,wieś,Radzymin-gmina miejsko-wiejska,wołomiński
4298,Mokrosęk,409.209,642.364,0624982,82807,wieś,Jedlińsk-gmina wiejska,radomski
4299,Mokrus,543.048,654.733,0515193,82817,wieś,Obryte-gmina wiejska,pułtuski
4300,Mokry Las,419.567,642.492,0638850,82831,wieś,Stromiec-gmina wiejska,białobrzeski
4301,Mokrylas,561.287,679.928,0991002,82851,wieś,Wąsewo-gmina wiejska,ostrowski
4302,Mokrzec,403.711,622.163,0632444,82863,wieś,Potworów-gmina wiejska,przysuski
4303,Mokrzk,535.609,559.715,0563482,82871,wieś,Drobin-gmina miejsko-wiejska,płocki
4304,Mokrzyce Dworskie,523.928,615.251,0120336,82885,wieś,Nasielsk-gmina miejsko-wiejska,nowodworski
4305,Mokrzyce Włościańskie,525.294,617.695,0120342,82886,wieś,Nasielsk-gmina miejsko-wiejska,nowodworski
4306,Molendy,408.089,680.785,0618674,82911,wieś,Garbatka-Letnisko-gmina wiejska,kozienicki
4307,Moniochy,422.022,659.691,0619716,82993,wieś,Głowaczów-gmina miejsko-wiejska,kozienicki
4308,Morawka,552.856,620.774,0115134,83062,wieś,Gołymin-Ośrodek-gmina wiejska,ciechanowski
4309,Morawy,571.204,597.035,0127373,83077,wieś,Stupsk-gmina wiejska,mławski
4310,Morawy Wielkie,584.422,620.027,0512510,83087,wieś,Krzynowłoga Mała-gmina wiejska,przasnyski
4311,Morawy-Kafasy,554.209,620.169,0115341,83081,kolonia,Gołymin-Ośrodek-gmina wiejska,ciechanowski
4312,Morawy-Kopcie,553.624,619.161,0115358,83083,osada,Gołymin-Ośrodek-gmina wiejska,ciechanowski
4313,Morawy-Laski,553.913,620.785,0115364,83084,kolonia,Gołymin-Ośrodek-gmina wiejska,ciechanowski
4314,Morawy-Wicherki,553.973,619.727,0115370,83086,osada,Gołymin-Ośrodek-gmina wiejska,ciechanowski
4315,Mordy,488.633,740.200,0975747,83112,miasto,Mordy-gmina miejsko-wiejska,siedlecki
4316,Morgi,523.825,618.215,0120359,83154,wieś,Nasielsk-gmina miejsko-wiejska,nowodworski
4317,Morgi,469.194,593.694,0739455,83160,wieś,Wiskitki-gmina miejsko-wiejska,żyrardowski
4318,Morszków,517.354,731.283,0672886,83362,wieś,Jabłonna Lacka-gmina wiejska,sokołowski
4319,Mory,484.574,627.342,0005948,83373,wieś,Ożarów Mazowiecki-gmina miejsko-wiejska,warszawski zachodni
4320,Mory,529.445,639.258,0122789,83372,wieś,Pokrzywnica-gmina wiejska,pułtuski
4321,Morzyczyn Włościański,538.411,695.445,0685877,83416,wieś,Sadowne-gmina wiejska,węgrowski
4322,Morzyczyn-Włóki,537.730,696.539,0685908,83415,wieś,Sadowne-gmina wiejska,węgrowski
4323,Mosaki-Rukle,559.960,630.071,0117423,83428,wieś,Krasne-gmina wiejska,przasnyski
4324,Mosaki-Stara Wieś,560.763,631.141,0117452,83429,wieś,Krasne-gmina wiejska,przasnyski
4325,Mostki,389.821,677.083,0643175,83526,wieś,Zwoleń-gmina miejsko-wiejska,zwoleński
4326,Mostowo,577.583,575.150,0127864,83592,wieś,Szreńsk-gmina wiejska,mławski
4327,Mostowo,584.055,658.688,0515900,83593,wieś,Olszewo-Borki-gmina wiejska,ostrołęcki
4328,Mostów,477.579,755.954,0012641,83598,wieś,Huszlew-gmina wiejska,łosicki
4329,Mostówek,586.001,657.615,0515916,83601,wieś,Olszewo-Borki-gmina wiejska,ostrołęcki
4330,Mostówka,499.420,656.837,0010263,83605,wieś,Wołomin-gmina miejsko-wiejska,wołomiński
4331,Mostówka,519.730,665.539,0523583,83604,wieś,Zabrodzie-gmina wiejska,wyszkowski
4332,Moszna-Parcela,480.231,619.139,0000709,83673,wieś,Brwinów-gmina miejsko-wiejska,pruszkowski
4333,Moszna-Wieś,480.814,619.886,0000690,83674,wieś,Brwinów-gmina miejsko-wiejska,pruszkowski
4334,Moszyn,541.173,637.402,0123168,83681,wieś,Pułtusk-gmina miejsko-wiejska,pułtuski
4335,Motorzyny,395.997,678.358,0643034,168420,osada leśna,Zwoleń-gmina miejsko-wiejska,zwoleński
4336,Motorzyny,394.284,677.719,0643040,83784,osada leśna,Zwoleń-gmina miejsko-wiejska,zwoleński
4337,Mozolice Duże,412.508,686.972,0636028,83827,wieś,Sieciechów-gmina wiejska,kozienicki
4338,Mozolice Małe,413.991,685.185,0636034,83828,wieś,Sieciechów-gmina wiejska,kozienicki
4339,Mołomotki,509.214,735.029,0684990,170853,wieś,Repki-gmina wiejska,sokołowski
4340,Mołomotki-Dwór,507.740,733.293,0685009,82946,wieś,Repki-gmina wiejska,sokołowski
4341,Mołożew-Dwór,515.949,738.953,0672870,175599,wieś,Jabłonna Lacka-gmina wiejska,sokołowski
4342,Mołożew-Wieś,515.977,739.487,0672840,82948,wieś,Jabłonna Lacka-gmina wiejska,sokołowski
4343,Mościbrody,477.474,726.641,0694511,155247,wieś,Wiśniew-gmina wiejska,siedlecki
4344,Mościska,468.049,610.611,0002364,83723,wieś,Grodzisk Mazowiecki-gmina miejsko-wiejska,grodziski
4345,Mościska,493.007,627.425,0008912,83721,wieś,Izabelin-gmina wiejska,warszawski zachodni
4346,Mościska,516.060,667.796,0523590,83720,wieś,Zabrodzie-gmina wiejska,wyszkowski
4347,Mościska,502.184,536.338,0577946,83713,wieś,Szczawin Kościelny-gmina wiejska,gostyniński
4348,Mościska,559.771,536.936,0578510,83715,wieś,Szczutowo-gmina wiejska,sierpecki
4349,Mościska,424.082,684.896,0692529,83728,wieś,Trojanów-gmina wiejska,garwoliński
4350,Mroczki,489.586,693.792,0673868,83875,wieś,Kałuszyn-gmina miejsko-wiejska,miński
4351,Mroczki,468.036,722.853,0694528,83874,wieś,Wiśniew-gmina wiejska,siedlecki
4352,Mroczki-Kawki,553.613,663.184,0519854,83877,wieś,Rzewnie-gmina wiejska,makowski
4353,Mroczki-Rębiszewo,556.932,661.368,0518659,83878,wieś,Różan-gmina miejsko-wiejska,makowski
4354,Mroków,465.238,627.621,0004920,83912,wieś,Lesznowola-gmina wiejska,piaseczyński
4355,Mroków,435.636,693.309,0692535,83913,wieś,Trojanów-gmina wiejska,garwoliński
4356,Mrowiska,488.663,662.586,0002855,83951,wieś,Halinów-gmina miejsko-wiejska,miński
4357,Mrozowa Wola,528.450,693.769,0691079,83969,wieś,Stoczek-gmina wiejska,węgrowski
4358,Mrozy,481.423,691.611,0682940,83982,miasto,Mrozy-gmina miejsko-wiejska,miński
4359,Mrozy,462.178,594.052,0734883,83981,wieś,Puszcza Mariańska-gmina wiejska,żyrardowski
4360,Mrówczewo,530.379,563.244,0576697,83997,wieś,Staroźreby-gmina miejsko-wiejska,płocki
4361,Mszadla,378.501,630.557,0639268,84044,wieś,Szydłowiec-gmina miejsko-wiejska,szydłowiecki
4362,Mszadla Dolna,389.364,693.115,0633403,84045,wieś,Przyłęk-gmina wiejska,zwoleński
4363,Mszadla Nowa,388.254,693.120,0633426,84046,wieś,Przyłęk-gmina wiejska,zwoleński
4364,Mszadla Stara,390.887,692.649,0633521,84047,wieś,Przyłęk-gmina wiejska,zwoleński
4365,Mszanna,482.550,756.244,0016685,84075,wieś,Olszanka-gmina wiejska,łosicki
4366,Mszczonów,457.540,603.863,0977054,84092,miasto,Mszczonów-gmina miejsko-wiejska,żyrardowski
4367,Murawskie Nadbużne,535.787,728.058,0402750,84256,wieś,Nur-gmina wiejska,ostrowski
4368,Murawskie-Czachy,551.729,728.845,0395412,84254,wieś,Boguty-Pianki-gmina wiejska,ostrowski
4369,Murawskie-Miazgi,552.814,729.331,0395429,84255,wieś,Boguty-Pianki-gmina wiejska,ostrowski
4370,Murkowo,511.881,581.001,0570708,84271,wieś,Mała Wieś-gmina wiejska,płocki
4371,Murowaniec,478.448,603.025,0723129,84286,wieś,Baranów-gmina wiejska,grodziski
4372,Murowanka,524.398,639.183,0122795,84300,wieś,Pokrzywnica-gmina wiejska,pułtuski
4373,Murowanka,587.424,644.432,0510681,84302,osada leśna,Jednorożec-gmina wiejska,przasnyski
4374,Murowanka,441.492,644.497,0640343,84304,wieś,Warka-gmina miejsko-wiejska,grójecki
4375,Murzynowo,525.218,534.575,0560957,84332,wieś,Brudzeń Duży-gmina wiejska,płocki
4376,Musuły,466.119,613.856,0740524,84353,wieś,Żabia Wola-gmina wiejska,grodziski
4377,Myrcha,476.660,722.314,0694534,84447,wieś,Wiśniew-gmina wiejska,siedlecki
4378,Mysiadło,472.432,637.186,0004943,84462,wieś,Lesznowola-gmina wiejska,piaseczyński
4379,Mystkowo,538.326,581.656,0111768,84502,wieś,Baboszewo-gmina wiejska,płoński
4380,Mystkówiec-Kalinówka,531.932,651.775,0523940,84500,wieś,Zatory-gmina wiejska,pułtuski
4381,Mystkówiec-Szczucin,530.137,651.106,0523956,84501,wieś,Zatory-gmina wiejska,pułtuski
4382,Myszadła,515.461,683.575,0673242,84505,wieś,Jadów-gmina miejsko-wiejska,wołomiński
4383,Myszczyn,487.630,615.480,0005954,84510,wieś,Ożarów Mazowiecki-gmina miejsko-wiejska,warszawski zachodni
4384,Myszki,544.666,541.200,0571464,84526,wieś,Mochowo-gmina wiejska,sierpecki
4385,Myszkowice,498.953,754.558,0017555,84531,wieś,Platerów-gmina wiejska,łosicki
4386,Myszyniec,615.389,656.237,0514928,84551,miasto,Myszyniec-gmina miejsko-wiejska,ostrołęcki
4387,Myszyniec Stary,617.367,655.432,0515000,129963,wieś,Myszyniec-gmina miejsko-wiejska,ostrołęcki
4388,Myszyniec-Koryta,617.138,653.279,0514940,84552,wieś,Myszyniec-gmina miejsko-wiejska,ostrołęcki
4389,Mysłownia Nowa,506.261,536.443,0564671,88067,wieś,Gostynin-gmina wiejska,gostyniński
4390,Myślakowice,416.084,601.988,0630089,84558,wieś,Odrzywół-gmina miejsko-wiejska,przysuski
4391,Myślakowice-Kolonia,416.907,600.079,0630095,84559,wieś,Odrzywół-gmina miejsko-wiejska,przysuski
4392,Myślibory,535.035,728.570,0402767,84587,wieś,Nur-gmina wiejska,ostrowski
4393,Myśliborzyce,528.604,530.198,0560963,84590,wieś,Brudzeń Duży-gmina wiejska,płocki
4394,Myślin,564.647,561.675,0112147,84605,wieś,Bieżuń-gmina miejsko-wiejska,żuromiński
4395,Myśliszewice,395.670,658.311,0625480,84615,wieś,Jedlnia-Letnisko-gmina miejsko-wiejska,radomski
4396,Mącice,608.291,632.110,0507584,78690,wieś,Chorzele-gmina miejsko-wiejska,przasnyski
4397,Mączewo,555.759,584.079,0126942,78695,wieś,Strzegowo-gmina wiejska,mławski
4398,Mąkolin,517.249,572.606,0560526,78732,wieś,Bodzanów-gmina miejsko-wiejska,płocki
4399,Mąkolin-Kolonia,517.313,570.983,0560532,78733,wieś,Bodzanów-gmina miejsko-wiejska,płocki
4400,Mąkosin,444.717,643.091,0616741,78742,wieś,Chynów-gmina wiejska,grójecki
4401,Mąkosy Nowe,407.794,658.326,0624321,78743,wieś,Jastrzębia-gmina wiejska,radomski
4402,Mąkosy Stare,408.627,659.784,0624404,78744,wieś,Jastrzębia-gmina wiejska,radomski
4403,Męciszów,395.428,672.550,0643117,78994,wieś,Zwoleń-gmina miejsko-wiejska,zwoleński
4404,Męczenino,526.487,556.960,0573718,79000,wieś,Radzanowo-gmina wiejska,płocki
4405,Męczyn,495.586,709.487,0682152,79005,wieś,Mokobody-gmina wiejska,siedlecki
4406,Męczyn-Kolonia,495.870,711.254,0682169,79006,wieś,Mokobody-gmina wiejska,siedlecki
4407,Mężenin,507.099,757.609,0017526,79056,wieś,Platerów-gmina wiejska,łosicki
4408,Mężenin-Kolonia,506.492,756.386,0017532,79057,wieś,Platerów-gmina wiejska,łosicki
4409,Mężenino-Węgłowice,552.816,617.207,0126310,79059,wieś,Sońsk-gmina wiejska,ciechanowski
4410,Mława,583.889,592.591,0930696,81255,miasto,Mława-gmina miejska,mławski
4411,Młochów,466.259,621.702,0005351,81266,wieś,Nadarzyn-gmina wiejska,pruszkowski
4412,Młock,548.351,598.992,0121212,81273,wieś,Ojrzeń-gmina wiejska,ciechanowski
4413,Młock-Kopacze,548.231,597.668,0121229,81274,wieś,Ojrzeń-gmina wiejska,ciechanowski
4414,Młodocin Mniejszy,387.994,641.032,0627160,81301,wieś,Kowala-gmina wiejska,radomski
4415,Młodocin Większy,389.501,640.577,0641450,81302,wieś,Wolanów-gmina wiejska,radomski
4416,Młody Niedróż,547.095,567.159,0123820,81320,wieś,Raciąż-gmina wiejska,płoński
4417,Młodynie Dolne,408.635,629.342,0634868,81348,wieś,Radzanów-gmina wiejska,białobrzeski
4418,Młodynie Górne,409.494,630.153,0634897,81349,wieś,Radzanów-gmina wiejska,białobrzeski
4419,Młodynin,577.046,598.887,0128125,81351,wieś,Szydłowo-gmina wiejska,mławski
4420,Młodzianowo,521.860,624.184,0120307,81357,wieś,Nasielsk-gmina miejsko-wiejska,nowodworski
4421,Młodzianowo,562.048,638.534,0517430,81356,wieś,Płoniawy-Bramura-gmina wiejska,makowski
4422,Młodzianowo,564.133,640.090,0517482,199556,osada leśna,Płoniawy-Bramura-gmina wiejska,makowski
4423,Młodzieszyn,493.179,580.854,0732045,81368,wieś,Młodzieszyn-gmina wiejska,sochaczewski
4424,Młodzieszynek,498.200,582.038,0732105,81372,wieś,Młodzieszyn-gmina wiejska,sochaczewski
4425,Młotkowo-Kolonia,552.120,554.941,0579744,81395,kolonia,Zawidz-gmina wiejska,sierpecki
4426,Młotkowo-Wieś,550.935,555.147,0579750,81396,wieś,Zawidz-gmina wiejska,sierpecki
4427,Młudzyn,571.876,559.888,0130257,81406,wieś,Żuromin-gmina miejsko-wiejska,żuromiński
4428,Młynarze,567.741,661.644,0514727,81505,wieś,Młynarze-gmina wiejska,makowski
4429,Młynarze,521.033,660.485,0523577,81507,wieś,Zabrodzie-gmina wiejska,wyszkowski
4430,Młynisko,513.409,681.965,0692021,81633,wieś,Strachówka-gmina wiejska,wołomiński
4431,Młynisko,499.549,622.484,1056340,199569,osada leśna,Czosnów-gmina wiejska,nowodworski
4432,Młynki,468.613,708.733,0694824,81659,wieś,Wodynie-gmina wiejska,siedlecki
4433,Młyńsk,524.185,596.924,0122387,81886,wieś,Płońsk-gmina wiejska,płoński
4434,Młódnice,396.809,629.654,0634213,81403,wieś,Przytyk-gmina miejsko-wiejska,radomski
4435,Mścichów,406.471,629.341,0634220,84101,przysiółek,Przytyk-gmina miejsko-wiejska,radomski
4436,Naborowo,514.960,599.725,0129892,85280,wieś,Załuski-gmina wiejska,płoński
4437,Naborowo-Parcele,513.426,598.919,0995589,85281,wieś,Załuski-gmina wiejska,płoński
4438,Naborówiec,514.944,602.008,0129900,85278,wieś,Załuski-gmina wiejska,płoński
4439,Nacpolsk,516.956,585.418,0119681,175537,osada,Naruszewo-gmina wiejska,płoński
4440,Nadarzyn,471.370,623.790,0005374,85452,wieś,Nadarzyn-gmina wiejska,pruszkowski
4441,Nadbiel,501.523,660.381,0684234,85481,wieś,Poświętne-gmina wiejska,wołomiński
4442,Nadbrzeż,467.734,652.273,0003553,85489,wieś,Karczew-gmina miejsko-wiejska,otwocki
4443,Nadkole,527.307,675.482,0679109,85528,wieś,Łochów-gmina miejsko-wiejska,węgrowski
4444,Nadleśnictwo Małomierzyce,369.193,661.166,0622612,194446,osada leśna,Iłża-gmina miejsko-wiejska,radomski
4445,Nadleśnictwo Studzianki,426.815,660.936,0619840,192696,osada leśna,Głowaczów-gmina miejsko-wiejska,kozienicki
4446,Nadma,501.826,647.334,0007670,85545,wieś,Radzymin-gmina miejsko-wiejska,wołomiński
4447,Nadolna,378.800,619.189,0615888,85580,wieś,Chlewiska-gmina wiejska,szydłowiecki
4448,Nadratowo-Bieńki,573.282,568.355,1060560,85603,kolonia,Żuromin-gmina miejsko-wiejska,żuromiński
4449,Nadułki,523.392,575.005,0561508,85642,wieś,Bulkowo-gmina wiejska,płocki
4450,Nadułki-Majdany,525.074,574.708,0561514,175529,wieś,Bulkowo-gmina wiejska,płocki
4451,Nadzieja,497.730,689.885,0693629,85675,wieś,Wierzbno-gmina wiejska,węgrowski
4452,Nagodów,509.467,528.057,0564636,85709,wieś,Gostynin-gmina wiejska,gostyniński
4453,Nagoszewka Druga,546.941,687.385,0516666,168359,wieś,Ostrów Mazowiecka-gmina wiejska,ostrowski
4454,Nagoszewka Pierwsza,547.870,688.583,0516672,85715,wieś,Ostrów Mazowiecka-gmina wiejska,ostrowski
4455,Nagoszewo,546.369,688.090,0507087,85717,osada leśna,Brok-gmina miejsko-wiejska,ostrowski
4456,Nagoszewo,546.636,689.698,0516703,85716,wieś,Ostrów Mazowiecka-gmina wiejska,ostrowski
4457,Nagórki Dobrskie,539.039,570.159,0563499,85729,wieś,Drobin-gmina miejsko-wiejska,płocki
4458,Nagórki-Olszyny,539.983,568.066,0563520,85728,wieś,Drobin-gmina miejsko-wiejska,płocki
4459,Nagórnik,410.718,693.296,0636040,85736,wieś,Sieciechów-gmina wiejska,kozienicki
4460,Nakieł,588.527,642.586,0510675,85792,wieś,Jednorożec-gmina wiejska,przasnyski
4461,Nakory,496.789,726.943,0692222,85822,wieś,Suchożebry-gmina wiejska,siedlecki
4462,Nakwasin,514.137,578.298,0570789,85825,wieś,Mała Wieś-gmina wiejska,płocki
4463,Nakły,581.097,667.347,0515922,85817,wieś,Olszewo-Borki-gmina wiejska,ostrołęcki
4464,Napiórki Butne,554.110,661.625,0519860,85891,wieś,Rzewnie-gmina wiejska,makowski
4465,Napiórki Ciężkie,554.183,660.946,0519877,85892,wieś,Rzewnie-gmina wiejska,makowski
4466,Nart,580.488,612.136,0113112,85991,kolonia,Czernice Borowe-gmina wiejska,przasnyski
4467,Nart,493.205,687.483,0673615,85993,wieś,Jakubów-gmina wiejska,miński
4468,Narty,498.669,569.031,0566374,86007,wieś,Iłów-gmina wiejska,sochaczewski
4469,Narty,408.142,643.581,0624723,86013,wieś,Jedlińsk-gmina wiejska,radomski
4470,Naruszewo,518.786,592.009,0119505,167888,wieś,Naruszewo-gmina wiejska,płoński
4471,Nasiadki,593.542,674.408,0513194,86035,wieś,Lelis-gmina wiejska,ostrołęcki
4472,Nasielsk,526.460,622.215,0930740,86045,miasto,Nasielsk-gmina miejsko-wiejska,nowodworski
4473,Nasierowo Dolne,554.402,615.962,0115163,86051,wieś,Gołymin-Ośrodek-gmina wiejska,ciechanowski
4474,Nasierowo Górne,554.232,615.308,0115157,86052,wieś,Gołymin-Ośrodek-gmina wiejska,ciechanowski
4475,Nasierowo-Dziurawieniec,554.443,617.971,0115140,86050,wieś,Gołymin-Ośrodek-gmina wiejska,ciechanowski
4476,Nasiłów,498.726,732.881,0683513,86054,wieś,Paprotnia-gmina wiejska,siedlecki
4477,Natalin,531.654,667.973,0523198,86095,wieś,Wyszków-gmina miejsko-wiejska,wyszkowski
4478,Natalin,454.129,616.129,0631551,86096,wieś,Pniewy-gmina wiejska,grójecki
4479,Natalin,398.623,639.838,0642550,86102,wieś,Zakrzew-gmina wiejska,radomski
4480,Natolin,476.384,610.519,0002370,86120,wieś,Grodzisk Mazowiecki-gmina miejsko-wiejska,grodziski
4481,Natolin,395.421,654.132,0625496,86127,wieś,Jedlnia-Letnisko-gmina miejsko-wiejska,radomski
4482,Natolin,537.025,723.467,0669536,86119,wieś,Ceranów-gmina wiejska,sokołowski
4483,Natolin,480.011,695.254,0682956,86123,wieś,Mrozy-gmina miejsko-wiejska,miński
4484,Natolin,452.886,667.854,0683163,86124,wieś,Osieck-gmina miejsko-wiejska,otwocki
4485,Natolin,499.329,690.916,0693635,86125,wieś,Wierzbno-gmina wiejska,węgrowski
4486,Nałęcze,570.821,620.063,0113336,85854,kolonia,Czernice Borowe-gmina wiejska,przasnyski
4487,Nidzgora,577.694,572.035,0117819,86316,wieś,Kuczbork-Osada-gmina wiejska,żuromiński
4488,Nieborzyn,570.525,612.233,0115677,86362,wieś,Grudusk-gmina wiejska,ciechanowski
4489,Nieborzyn,512.610,590.277,0562028,86361,wieś,Czerwińsk nad Wisłą-gmina miejsko-wiejska,płoński
4490,Niechnabrz,482.463,705.140,0676750,86395,wieś,Kotuń-gmina wiejska,siedlecki
4491,Niechodzin,554.839,606.597,0112621,86398,wieś,Ciechanów-gmina wiejska,ciechanowski
4492,Nieciecz,448.225,659.206,0693948,86410,wieś,Wilga-gmina wiejska,garwoliński
4493,Nieciecz Włościańska,515.118,724.674,0685630,86415,wieś,Sabnie-gmina wiejska,sokołowski
4494,Nieciecz-Dwór,515.139,725.164,0685624,86414,wieś,Sabnie-gmina wiejska,sokołowski
4495,Niecieplin,452.567,682.343,0671071,86423,wieś,Garwolin-gmina wiejska,garwoliński
4496,Niecki,503.832,521.100,0564642,86431,wieś,Gostynin-gmina wiejska,gostyniński
4497,Nieczatów,398.625,643.093,0642595,86445,wieś,Zakrzew-gmina wiejska,radomski
4498,Niedabyl,424.040,643.520,0638889,86450,wieś,Stromiec-gmina wiejska,białobrzeski
4499,Niedarczów Dolny-Kolonia,381.954,664.975,0626099,86459,wieś,Kazanów-gmina miejsko-wiejska,zwoleński
4500,Niedarczów Dolny-Wieś,381.149,666.768,0626113,86460,wieś,Kazanów-gmina miejsko-wiejska,zwoleński
4501,Niedarczów Górny-Kolonia,381.734,664.111,0626120,86461,wieś,Kazanów-gmina miejsko-wiejska,zwoleński
4502,Niedarczów Górny-Wieś,381.179,663.276,0626136,86462,wieś,Kazanów-gmina miejsko-wiejska,zwoleński
4503,Niedarzyn,540.920,581.575,0111774,86466,wieś,Baboszewo-gmina wiejska,płoński
4504,Niedzbórz,564.139,591.893,0126971,86509,wieś,Strzegowo-gmina wiejska,mławski
4505,Niedziałka Druga,485.463,680.684,0681879,86511,wieś,Mińsk Mazowiecki-gmina wiejska,miński
4506,Niedziałki,585.770,575.475,0117794,86513,wieś,Kuczbork-Osada-gmina wiejska,żuromiński
4507,Niedźwiedź,617.843,662.985,0514957,86683,wieś,Myszyniec-gmina miejsko-wiejska,ostrołęcki
4508,Niegocin,578.806,578.092,0118411,86712,wieś,Lipowiec Kościelny-gmina wiejska,mławski
4509,Niegowiec,546.831,701.022,0514437,86730,wieś,Małkinia Górna-gmina miejsko-wiejska,ostrowski
4510,Niegów,518.739,662.433,0523608,86734,wieś,Zabrodzie-gmina wiejska,wyszkowski
4511,Niemczewo,541.642,570.254,0563536,86793,wieś,Drobin-gmina miejsko-wiejska,płocki
4512,Niemianowice,393.656,662.220,0621363,86801,wieś,Gózd-gmina wiejska,radomski
4513,Niemieryczew,452.777,596.445,0734890,86827,wieś,Puszcza Mariańska-gmina wiejska,żyrardowski
4514,Niemieryczów,379.627,688.479,0616304,86828,wieś,Chotcza-gmina wiejska,lipski
4515,Niemierzyce,563.922,616.814,0121880,86833,osada,Opinogóra Górna-gmina wiejska,ciechanowski
4516,Niemirki,516.358,735.631,0672892,86839,wieś,Jabłonna Lacka-gmina wiejska,sokołowski
4517,Niemiry,547.587,708.315,0411631,86850,wieś,Zaręby Kościelne-gmina wiejska,ostrowski
4518,Niemiry,534.621,675.234,0506656,86849,wieś,Brańszczyk-gmina wiejska,wyszkowski
4519,Niemiry-Gajówka,535.182,675.931,0506662,196254,osada leśna,Brańszczyk-gmina wiejska,wyszkowski
4520,Niemojki,495.331,752.220,0015585,86868,wieś,Łosice-gmina miejsko-wiejska,łosicki
4521,Niemojki,494.376,752.405,1054765,199547,osada,Łosice-gmina miejsko-wiejska,łosicki
4522,Nienałty-Brewki,548.718,710.258,0411648,86893,wieś,Zaręby Kościelne-gmina wiejska,ostrowski
4523,Nienałty-Szymany,549.434,710.739,0411654,86894,wieś,Zaręby Kościelne-gmina wiejska,ostrowski
4524,Niepiekła,515.982,605.049,0129917,86903,wieś,Załuski-gmina wiejska,płoński
4525,Nieporęt,508.063,638.399,0005658,86926,wieś,Nieporęt-gmina wiejska,legionowski
4526,Nieradowo,556.633,623.682,0115186,86949,wieś,Gołymin-Ośrodek-gmina wiejska,ciechanowski
4527,Nieradowo,583.050,598.867,0128119,86948,wieś,Szydłowo-gmina wiejska,mławski
4528,Niesadna,460.832,677.530,0683996,86974,wieś,Pilawa-gmina miejsko-wiejska,garwoliński
4529,Niesiobędy,562.832,624.780,0117660,86980,wieś,Krasne-gmina wiejska,przasnyski
4530,Nieskórz,549.722,705.381,0516726,86986,wieś,Ostrów Mazowiecka-gmina wiejska,ostrowski
4531,Niestum,562.834,609.194,0112644,87009,wieś,Ciechanów-gmina wiejska,ciechanowski
4532,Niestępowo Włościańskie,533.582,637.492,0122803,87004,wieś,Pokrzywnica-gmina wiejska,pułtuski
4533,Niesułowo-Wieś,579.924,652.067,0511930,87021,wieś,Krasnosielc-gmina wiejska,makowski
4534,Niesłuchowo,513.201,564.823,0560584,86990,wieś,Bodzanów-gmina miejsko-wiejska,płocki
4535,Niesłuchy,549.337,617.084,0126327,86992,wieś,Sońsk-gmina wiejska,ciechanowski
4536,Niewiadoma,516.706,724.670,0685647,87080,wieś,Sabnie-gmina wiejska,sokołowski
4537,Niewikla,530.689,600.012,0125888,87103,wieś,Sochocin-gmina miejsko-wiejska,płoński
4538,Nieznamierowice,401.717,608.333,0635320,87155,wieś,Rusinów-gmina wiejska,przysuski
4539,Nieznanki,477.483,757.290,0012664,87159,wieś,Huszlew-gmina wiejska,łosicki
4540,Ninków,383.096,620.487,0615434,87208,wieś,Borkowice-gmina wiejska,przysuski
4541,Niska Jabłonica,384.084,622.789,0615440,87213,wieś,Borkowice-gmina wiejska,przysuski
4542,Niskie Wielkie,601.050,622.843,0507590,87223,wieś,Chorzele-gmina miejsko-wiejska,przasnyski
4543,Niszczyce,532.538,551.281,0559865,87237,wieś,Bielsk-gmina wiejska,płocki
4544,Niszczyce-Pieńki,530.794,551.941,0559888,87238,wieś,Bielsk-gmina wiejska,płocki
4545,Niwa,525.944,587.368,0113900,87262,wieś,Dzierzążnia-gmina wiejska,płoński
4546,Niwa Odechowska,380.241,662.061,0637246,168406,wieś,Skaryszew-gmina miejsko-wiejska,radomski
4547,Niwiski,488.587,716.526,0682198,87404,wieś,Mokobody-gmina wiejska,siedlecki
4548,Niwki,393.584,677.137,0643206,87483,wieś,Zwoleń-gmina miejsko-wiejska,zwoleński
4549,Niwy Ostrołęckie,442.539,656.274,0640350,87623,wieś,Warka-gmina miejsko-wiejska,grójecki
4550,Niździn,510.717,573.555,0570795,87648,wieś,Mała Wieś-gmina wiejska,płocki
4551,Nogawki,567.987,675.233,0510273,87746,wieś,Goworowo-gmina wiejska,ostrołęcki
4552,Nojszew,502.687,692.097,0675614,87754,wieś,Korytnica-gmina wiejska,węgrowski
4553,Nosarzewo Borowe,580.197,601.778,0128131,87803,wieś,Szydłowo-gmina wiejska,mławski
4554,Nosarzewo Polne,579.085,601.387,0128148,87804,wieś,Szydłowo-gmina wiejska,mławski
4555,Noski,536.971,716.098,0669565,87809,wieś,Ceranów-gmina wiejska,sokołowski
4556,Nosy,459.596,623.208,0009314,87837,wieś,Tarczyn-gmina miejsko-wiejska,piaseczyński
4557,Nosy-Poniatki,451.385,613.855,0732714,87840,wieś,Mszczonów-gmina miejsko-wiejska,żyrardowski
4558,Nowa Biała,525.354,543.213,0576266,87863,wieś,Stara Biała-gmina wiejska,płocki
4559,Nowa Brzuza,456.715,691.242,0668904,87880,wieś,Borowie-gmina wiejska,garwoliński
4560,Nowa Bukówka,463.073,613.868,0740547,87882,wieś,Żabia Wola-gmina wiejska,grodziski
4561,Nowa Dzierzążnia,528.454,582.324,0113916,87929,wieś,Dzierzążnia-gmina wiejska,płoński
4562,Nowa Dąbrowa,497.020,606.964,0004110,87912,wieś,Leoncin-gmina wiejska,nowodworski
4563,Nowa Dąbrówka,481.201,714.035,0676766,87914,wieś,Kotuń-gmina wiejska,siedlecki
4564,Nowa Długowola,432.902,631.214,0620487,87921,wieś,Goszczyn-gmina wiejska,grójecki
4565,Nowa Grabownica,546.639,693.000,0516815,87955,wieś,Ostrów Mazowiecka-gmina wiejska,ostrowski
4566,Nowa Góra,531.740,573.867,0576705,88256,wieś,Staroźreby-gmina miejsko-wiejska,płocki
4567,Nowa Górna,484.967,603.961,0000253,87951,wieś,Błonie-gmina miejsko-wiejska,warszawski zachodni
4568,Nowa Huta,458.047,595.108,0734908,87970,wieś,Puszcza Mariańska-gmina wiejska,żyrardowski
4569,Nowa Iwiczna,471.286,637.065,0004966,87978,wieś,Lesznowola-gmina wiejska,piaseczyński
4570,Nowa Kornica,488.548,768.287,0020400,88022,wieś,Stara Kornica-gmina wiejska,łosicki
4571,Nowa Korzeniówka,511.172,551.976,0563921,88024,wieś,Gąbin-gmina miejsko-wiejska,płocki
4572,Nowa Krępa,432.411,680.468,0688350,88029,wieś,Sobolew-gmina wiejska,garwoliński
4573,Nowa Maliszewa,529.858,706.975,0676246,88057,wieś,Kosów Lacki-gmina miejsko-wiejska,sokołowski
4574,Nowa Maryśka,559.578,580.289,0127060,88059,kolonia,Strzegowo-gmina wiejska,mławski
4575,Nowa Mała Wieś,506.948,606.343,0004127,88058,wieś,Leoncin-gmina wiejska,nowodworski
4576,Nowa Ostrołęka,442.734,654.476,0640366,88081,wieś,Warka-gmina miejsko-wiejska,grójecki
4577,Nowa Osuchowa,545.943,684.420,0516838,88082,wieś,Ostrów Mazowiecka-gmina wiejska,ostrowski
4578,Nowa Otocznia,581.613,593.446,0129633,88083,wieś,Wiśniewo-gmina wiejska,mławski
4579,Nowa Pecyna,548.054,678.005,0509614,88088,wieś,Długosiodło-gmina wiejska,wyszkowski
4580,Nowa Piasecznica,482.906,591.949,0738875,88089,wieś,Teresin-gmina wiejska,sochaczewski
4581,Nowa Pogorzel,475.395,676.776,0687190,88095,wieś,Siennica-gmina miejsko-wiejska,miński
4582,Nowa Pułapina,476.435,599.938,0723135,88105,wieś,Baranów-gmina wiejska,grodziski
4583,Nowa Ruskołęka,554.705,711.876,0394660,88128,wieś,Andrzejewo-gmina wiejska,ostrowski
4584,Nowa Sucha,491.837,704.673,0672142,88160,wieś,Grębków-gmina wiejska,węgrowski
4585,Nowa Sucha,477.268,580.749,0733837,88159,wieś,Nowa Sucha-gmina wiejska,sochaczewski
4586,Nowa Sławogóra,584.784,597.511,0128154,88149,wieś,Szydłowo-gmina wiejska,mławski
4587,Nowa Trzcianka,487.992,701.104,0672165,88172,wieś,Grębków-gmina wiejska,węgrowski
4588,Nowa Wieś,482.803,605.799,0000260,88276,wieś,Błonie-gmina miejsko-wiejska,warszawski zachodni
4589,Nowa Wieś,476.690,622.628,0005233,88283,wieś,Michałowice-gmina wiejska,pruszkowski
4590,Nowa Wieś,520.061,643.253,0008326,88270,wieś,Serock-gmina miejsko-wiejska,legionowski
4591,Nowa Wieś,557.379,599.151,0112650,88255,wieś,Ciechanów-gmina wiejska,ciechanowski
4592,Nowa Wieś,561.919,627.293,0117417,88259,wieś,Krasne-gmina wiejska,przasnyski
4593,Nowa Wieś,586.074,570.903,0117825,88251,wieś,Kuczbork-Osada-gmina wiejska,żuromiński
4594,Nowa Wieś,542.577,606.206,0121235,88258,wieś,Ojrzeń-gmina wiejska,ciechanowski
4595,Nowa Wieś,561.008,567.413,0125411,88253,wieś,Siemiątkowo-gmina wiejska,żuromiński
4596,Nowa Wieś,584.581,595.135,0128160,88252,wieś,Szydłowo-gmina wiejska,mławski
4597,Nowa Wieś,539.248,675.402,0506679,88265,wieś,Brańszczyk-gmina wiejska,wyszkowski
4598,Nowa Wieś,603.596,620.056,0507621,88287,wieś,Chorzele-gmina miejsko-wiejska,przasnyski
4599,Nowa Wieś,548.019,666.519,0509620,88261,wieś,Długosiodło-gmina wiejska,wyszkowski
4600,Nowa Wieś,582.771,661.456,0515939,88290,wieś,Olszewo-Borki-gmina wiejska,ostrołęcki
4601,Nowa Wieś,545.574,663.488,0518949,88264,wieś,Rząśnik-gmina wiejska,wyszkowski
4602,Nowa Wieś,544.464,565.085,0563542,88254,wieś,Drobin-gmina miejsko-wiejska,płocki
4603,Nowa Wieś,497.548,532.945,0564688,88243,wieś,Gostynin-gmina wiejska,gostyniński
4604,Nowa Wieś,526.096,529.102,0572140,88247,wieś,Nowy Duninów-gmina wiejska,płocki
4605,Nowa Wieś,526.421,572.715,0576711,88257,wieś,Staroźreby-gmina miejsko-wiejska,płocki
4606,Nowa Wieś,421.918,672.523,0627644,88297,wieś,Kozienice-gmina miejsko-wiejska,kozienicki
4607,Nowa Wieś,368.348,680.767,0628336,88312,wieś,Lipsko-gmina miejsko-wiejska,lipski
4608,Nowa Wieś,361.405,677.178,0636531,88350,wieś,Sienno-gmina miejsko-wiejska,lipski
4609,Nowa Wieś,441.043,642.857,0640372,88295,wieś,Warka-gmina miejsko-wiejska,grójecki
4610,Nowa Wieś,501.688,689.347,0670433,88293,wieś,Dobre-gmina miejsko-wiejska,miński
4611,Nowa Wieś,470.027,668.144,0674810,88286,wieś,Kołbiel-gmina wiejska,otwocki
4612,Nowa Wieś,528.978,717.725,0676275,88266,wieś,Kosów Lacki-gmina miejsko-wiejska,sokołowski
4613,Nowa Wieś,512.799,717.597,0688999,88292,wieś,Sokołów Podlaski-gmina wiejska,sokołowski
4614,Nowa Wieś,498.046,577.336,0732128,88271,wieś,Młodzieszyn-gmina wiejska,sochaczewski
4615,Nowa Wieś,489.125,576.078,0736853,88272,wieś,Rybno-gmina wiejska,sochaczewski
4616,Nowa Wieś,467.723,585.815,0739461,88277,wieś,Wiskitki-gmina miejsko-wiejska,żyrardowski
4617,Nowa Wieś Wschodnia,583.699,678.925,0519498,88508,wieś,Rzekuń-gmina wiejska,ostrołęcki
4618,Nowa Wieś Zarębska,603.971,643.744,0507615,88510,wieś,Chorzele-gmina miejsko-wiejska,przasnyski
4619,Nowa Wieś-Śladów,501.555,586.382,0009768,88459,wieś,Brochów-gmina wiejska,sochaczewski
4620,Nowa Wola,471.438,635.055,0004972,88534,wieś,Lesznowola-gmina wiejska,piaseczyński
4621,Nowa Wola,428.136,654.544,0621883,88536,wieś,Grabów nad Pilicą-gmina wiejska,kozienicki
4622,Nowa Wola,412.364,644.204,0625007,88538,wieś,Jedlińsk-gmina wiejska,radomski
4623,Nowa Wrona,520.165,608.427,0116659,88553,wieś,Joniec-gmina wiejska,płoński
4624,Nowa Wrona,522.668,609.703,0120365,172523,wieś,Nasielsk-gmina miejsko-wiejska,nowodworski
4625,Nowa Zblicha,571.657,637.349,0517447,88564,wieś,Płoniawy-Bramura-gmina wiejska,makowski
4626,Nowa Złotoria,547.521,705.946,0411660,88568,wieś,Zaręby Kościelne-gmina wiejska,ostrowski
4627,Nowaki,479.290,712.163,0687600,88582,wieś,Skórzec-gmina wiejska,siedlecki
4628,Nowe Arciszewo,508.121,577.592,0570849,88629,wieś,Mała Wieś-gmina wiejska,płocki
4629,Nowe Biskupice,433.461,643.750,0640395,88647,wieś,Warka-gmina miejsko-wiejska,grójecki
4630,Nowe Borsuki,534.106,644.657,0523962,88661,wieś,Zatory-gmina wiejska,pułtuski
4631,Nowe Boryszewo,521.702,551.044,0573747,88663,wieś,Radzanowo-gmina wiejska,płocki
4632,Nowe Borza,544.142,627.708,0116056,88664,wieś,Gzy-gmina wiejska,pułtuski
4633,Nowe Bosewo,549.600,675.415,0509643,88665,wieś,Długosiodło-gmina wiejska,wyszkowski
4634,Nowe Bronowo,528.456,548.659,0576272,88670,wieś,Stara Biała-gmina wiejska,płocki
4635,Nowe Brzozowo,594.637,609.698,0114270,88678,wieś,Dzierzgowo-gmina wiejska,mławski
4636,Nowe Budy,495.846,605.392,0004140,88688,wieś,Leoncin-gmina wiejska,nowodworski
4637,Nowe Budy,533.690,679.952,0506722,88687,wieś,Brańszczyk-gmina wiejska,wyszkowski
4638,Nowe Budy,464.069,606.463,0735380,88689,wieś,Radziejowice-gmina wiejska,żyrardowski
4639,Nowe Budy Osieckie,555.613,565.545,0125434,88691,wieś,Siemiątkowo-gmina wiejska,żuromiński
4640,Nowe Bulkowo,537.046,634.397,0129350,88693,wieś,Winnica-gmina wiejska,pułtuski
4641,Nowe Czernice,574.376,615.147,0113158,88717,wieś,Czernice Borowe-gmina wiejska,przasnyski
4642,Nowe Draganie,526.884,546.501,0576289,88736,wieś,Stara Biała-gmina wiejska,płocki
4643,Nowe Drozdowo,549.222,664.159,0519883,88739,wieś,Rzewnie-gmina wiejska,makowski
4644,Nowe Faszczyce,478.844,607.159,0000276,88752,wieś,Błonie-gmina miejsko-wiejska,warszawski zachodni
4645,Nowe Garkowo,573.879,573.382,0127870,88760,wieś,Szreńsk-gmina wiejska,mławski
4646,Nowe Gałki,510.977,571.940,0570855,88757,wieś,Mała Wieś-gmina wiejska,płocki
4647,Nowe Gnatowice,486.046,595.977,0738881,88765,wieś,Teresin-gmina wiejska,sochaczewski
4648,Nowe Gniewniewice,506.289,604.400,0004156,88766,wieś,Leoncin-gmina wiejska,nowodworski
4649,Nowe Grabie,501.128,657.475,0010270,88778,wieś,Wołomin-gmina miejsko-wiejska,wołomiński
4650,Nowe Grabie,509.040,550.084,0563938,88777,wieś,Gąbin-gmina miejsko-wiejska,płocki
4651,Nowe Gralewo,540.065,574.498,0123501,88782,wieś,Raciąż-gmina wiejska,płoński
4652,Nowe Grobice,453.153,644.675,0616764,88786,wieś,Chynów-gmina wiejska,grójecki
4653,Nowe Grochale,506.442,608.316,0004162,88787,wieś,Leoncin-gmina wiejska,nowodworski
4654,Nowe Grocholice,478.541,630.581,0008020,88788,wieś,Raszyn-gmina wiejska,pruszkowski
4655,Nowe Groszki,485.114,698.933,0673874,88794,wieś,Kałuszyn-gmina miejsko-wiejska,miński
4656,Nowe Gulczewo,519.681,552.765,0575835,88797,wieś,Słupno-gmina wiejska,płocki
4657,Nowe Gumino,523.868,585.160,0113922,88799,wieś,Dzierzążnia-gmina wiejska,płoński
4658,Nowe Gąsewo,570.799,649.063,0520900,88762,wieś,Sypniewo-gmina wiejska,makowski
4659,Nowe Hołowczyce,499.619,770.221,0018951,88804,wieś,Sarnaki-gmina wiejska,łosicki
4660,Nowe Iganie,483.372,719.177,0686670,88807,wieś,Siedlce-gmina wiejska,siedlecki
4661,Nowe Kanigowo,518.739,566.028,0560615,88828,wieś,Bodzanów-gmina miejsko-wiejska,płocki
4662,Nowe Karwosieki,534.408,541.962,0560992,88834,wieś,Brudzeń Duży-gmina wiejska,płocki
4663,Nowe Kowalewo,543.411,560.178,0579773,88867,wieś,Zawidz-gmina wiejska,sierpecki
4664,Nowe Koziminy,532.287,594.890,0122281,88869,wieś,Płońsk-gmina wiejska,płoński
4665,Nowe Kozłowice,469.586,598.055,0739478,88870,wieś,Wiskitki-gmina miejsko-wiejska,żyrardowski
4666,Nowe Kozłowo,530.026,657.069,0520202,88871,wieś,Somianka-gmina wiejska,wyszkowski
4667,Nowe Kościeliska,452.478,669.548,0683170,88863,wieś,Osieck-gmina miejsko-wiejska,otwocki
4668,Nowe Kraski,431.529,668.893,0680549,88875,wieś,Maciejowice-gmina miejsko-wiejska,garwoliński
4669,Nowe Krubice,517.756,578.175,0561543,88880,wieś,Bulkowo-gmina wiejska,płocki
4670,Nowe Kucice,526.349,582.308,0113939,88889,wieś,Dzierzążnia-gmina wiejska,płoński
4671,Nowe Lipiny,501.202,654.392,0010286,88909,wieś,Wołomin-gmina miejsko-wiejska,wołomiński
4672,Nowe Lipki,528.930,701.118,0691091,88910,wieś,Stoczek-gmina wiejska,węgrowski
4673,Nowe Litewniki,495.482,769.743,0018974,88911,wieś,Sarnaki-gmina wiejska,łosicki
4674,Nowe Lubiejewo,557.422,694.884,0516873,88912,wieś,Ostrów Mazowiecka-gmina wiejska,ostrowski
4675,Nowe Miasto,533.553,610.213,0120900,88958,miasto,Nowe Miasto-gmina miejsko-wiejska,płoński
4676,Nowe Miasto nad Pilicą,417.967,609.128,0973725,88970,miasto,Nowe Miasto nad Pilicą-gmina miejsko-wiejska,grójecki
4677,Nowe Miasto-Folwark,533.432,610.748,0120916,88968,wieś,Nowe Miasto-gmina miejsko-wiejska,płoński
4678,Nowe Mierzwice,505.440,768.904,0018997,88981,wieś,Sarnaki-gmina wiejska,łosicki
4679,Nowe Mistrzewice,494.816,584.991,0732134,88984,wieś,Młodzieszyn-gmina wiejska,sochaczewski
4680,Nowe Miszewo,513.973,563.102,0560621,88985,wieś,Bodzanów-gmina miejsko-wiejska,płocki
4681,Nowe Mostki,488.165,589.910,0738504,88993,wieś,Sochaczew-gmina wiejska,sochaczewski
4682,Nowe Mursy,526.973,720.717,0690625,88999,wieś,Sterdyń-gmina wiejska,sokołowski
4683,Nowe Młodochowo,541.109,572.054,0123843,88986,wieś,Raciąż-gmina wiejska,płoński
4684,Nowe Nadratowo,573.788,570.176,0130263,89002,wieś,Żuromin-gmina miejsko-wiejska,żuromiński
4685,Nowe Naruszewo,518.517,592.167,0119511,89003,wieś,Naruszewo-gmina wiejska,płoński
4686,Nowe Niestępowo,533.327,638.102,0122810,89007,wieś,Pokrzywnica-gmina wiejska,pułtuski
4687,Nowe Nosarzewo,579.643,602.901,0128183,89009,wieś,Szydłowo-gmina wiejska,mławski
4688,Nowe Okniny,465.377,729.123,0694540,89019,wieś,Wiśniew-gmina wiejska,siedlecki
4689,Nowe Olszyny,519.488,599.954,0129923,89021,wieś,Załuski-gmina wiejska,płoński
4690,Nowe Opole,483.753,717.646,0686687,89022,wieś,Siedlce-gmina wiejska,siedlecki
4691,Nowe Orzechowo,515.359,624.561,0006830,89024,wieś,Pomiechówek-gmina wiejska,nowodworski
4692,Nowe Osiny,482.448,678.503,0681885,89044,wieś,Mińsk Mazowiecki-gmina wiejska,miński
4693,Nowe Paski,486.345,594.937,0738929,89051,wieś,Teresin-gmina wiejska,sochaczewski
4694,Nowe Pawłowo,580.876,615.108,0113193,89052,wieś,Czernice Borowe-gmina wiejska,przasnyski
4695,Nowe Piastowo,548.707,542.959,0574971,89054,wieś,Sierpc-gmina wiejska,sierpecki
4696,Nowe Piegłowo,578.136,603.250,0128190,89055,wieś,Szydłowo-gmina wiejska,mławski
4697,Nowe Pieścirogi,525.011,619.409,0120371,89057,wieś,Nasielsk-gmina miejsko-wiejska,nowodworski
4698,Nowe Podole,446.719,658.816,0693960,89063,wieś,Wilga-gmina wiejska,garwoliński
4699,Nowe Polesie,502.293,601.133,0004179,89081,wieś,Leoncin-gmina wiejska,nowodworski
4700,Nowe Polesie,501.754,602.167,1056379,199573,osada leśna,Leoncin-gmina wiejska,nowodworski
4701,Nowe Poręby,445.254,612.985,0732720,89086,wieś,Mszczonów-gmina miejsko-wiejska,żyrardowski
4702,Nowe Proboszczewice,532.533,547.187,0576295,89095,wieś,Stara Biała-gmina wiejska,płocki
4703,Nowe Przewodowo,542.186,634.494,0116079,89098,wieś,Gzy-gmina wiejska,pułtuski
4704,Nowe Przybojewo,509.808,596.353,0562034,89099,wieś,Czerwińsk nad Wisłą-gmina miejsko-wiejska,płoński
4705,Nowe Płoniawy,570.950,638.784,0517453,89059,wieś,Płoniawy-Bramura-gmina wiejska,makowski
4706,Nowe Płudy,524.380,652.904,0520219,89060,wieś,Somianka-gmina wiejska,wyszkowski
4707,Nowe Racibory,455.658,631.547,0009389,89104,wieś,Tarczyn-gmina miejsko-wiejska,piaseczyński
4708,Nowe Radzikowo,512.150,592.062,0562040,89107,wieś,Czerwińsk nad Wisłą-gmina miejsko-wiejska,płoński
4709,Nowe Rogowo,521.029,573.513,0561655,89116,wieś,Bulkowo-gmina wiejska,płocki
4710,Nowe Rościszewo,559.670,554.238,0574184,89120,wieś,Rościszewo-gmina wiejska,sierpecki
4711,Nowe Rumunki,511.870,544.664,0569616,89128,wieś,Łąck-gmina wiejska,płocki
4712,Nowe Rzeszotko,546.687,602.622,1054133,199522,kolonia,Ojrzeń-gmina wiejska,ciechanowski
4713,Nowe Ręczaje,499.572,660.636,0684240,89114,wieś,Poświętne-gmina wiejska,wołomiński
4714,Nowe Sarnowo,527.541,583.598,0113945,89138,wieś,Dzierzążnia-gmina wiejska,płoński
4715,Nowe Skaszewo,543.026,625.758,0116085,89146,wieś,Gzy-gmina wiejska,pułtuski
4716,Nowe Staroźreby,530.798,564.999,0576763,89163,wieś,Staroźreby-gmina miejsko-wiejska,płocki
4717,Nowe Strzałki,422.239,597.544,0629790,89171,kolonia,Nowe Miasto nad Pilicą-gmina miejsko-wiejska,grójecki
4718,Nowe Szpaki,491.734,768.020,0020422,89181,wieś,Stara Kornica-gmina wiejska,łosicki
4719,Nowe Trzepowo,525.529,549.070,0576303,89196,wieś,Stara Biała-gmina wiejska,płocki
4720,Nowe Wielątki,533.944,658.045,0518961,89211,wieś,Rząśnik-gmina wiejska,wyszkowski
4721,Nowe Wrońska,523.170,602.191,0129930,89227,wieś,Załuski-gmina wiejska,płoński
4722,Nowe Wymyśle,507.238,556.772,0563944,89231,wieś,Gąbin-gmina miejsko-wiejska,płocki
4723,Nowe Wypychy,531.573,655.165,0520225,89232,wieś,Somianka-gmina wiejska,wyszkowski
4724,Nowe Wągrodno,455.253,639.874,0007321,89204,wieś,Prażmów-gmina wiejska,piaseczyński
4725,Nowe Zacisze,563.497,644.514,0508750,89237,wieś,Czerwonka-gmina wiejska,makowski
4726,Nowe Zalesie,473.494,676.184,0687209,89247,wieś,Siennica-gmina miejsko-wiejska,miński
4727,Nowe Zawady,412.564,647.721,0625013,89256,wieś,Jedlińsk-gmina wiejska,radomski
4728,Nowe Załubice,515.076,644.982,0007723,89249,wieś,Radzymin-gmina miejsko-wiejska,wołomiński
4729,Nowe Zgagowo,552.286,556.524,0579780,89260,wieś,Zawidz-gmina wiejska,sierpecki
4730,Nowe Łachy,550.251,662.186,0519908,88915,wieś,Rzewnie-gmina wiejska,makowski
4731,Nowe Łepki,486.122,751.119,0016691,88932,wieś,Olszanka-gmina wiejska,łosicki
4732,Nowe Łubki,524.028,570.032,0561550,88936,wieś,Bulkowo-gmina wiejska,płocki
4733,Nowe Łączyno,594.888,607.784,0114287,88921,wieś,Dzierzgowo-gmina wiejska,mławski
4734,Nowe Łęgonice,421.200,604.909,0629695,88933,kolonia,Nowe Miasto nad Pilicą-gmina miejsko-wiejska,grójecki
4735,Nowe Święcice,514.275,575.597,0570878,89188,wieś,Mała Wieś-gmina wiejska,płocki
4736,Nowe Żmijewo,565.966,625.649,0117481,89269,wieś,Krasne-gmina wiejska,przasnyski
4737,Nowe Żochowo,529.205,574.328,0576770,89270,wieś,Staroźreby-gmina miejsko-wiejska,płocki
4738,Nowina-Przęsławice,449.947,624.335,0631568,89326,wieś,Pniewy-gmina wiejska,grójecki
4739,Nowinki,463.339,641.428,0006422,89359,przysiółek,Piaseczno-gmina miejsko-wiejska,piaseczyński
4740,Nowinki,514.385,673.929,0673259,89358,wieś,Jadów-gmina miejsko-wiejska,wołomiński
4741,Nowiny,501.563,597.089,0004185,89457,wieś,Leoncin-gmina wiejska,nowodworski
4742,Nowiny,521.388,611.475,0120388,89452,wieś,Nasielsk-gmina miejsko-wiejska,nowodworski
4743,Nowiny,537.850,682.524,0507041,89440,osada leśna,Brok-gmina miejsko-wiejska,ostrowski
4744,Nowiny,414.269,676.317,0627650,89509,wieś,Kozienice-gmina miejsko-wiejska,kozienicki
4745,Nowiny,464.676,703.763,0694801,121324,osada leśna,Wodynie-gmina wiejska,siedlecki
4746,Nowiny Giżyńskie,556.454,591.810,0126988,89599,kolonia,Strzegowo-gmina wiejska,mławski
4747,Nowiny Sobolewskie,435.698,683.588,0688456,89612,kolonia,Sobolew-gmina wiejska,garwoliński
4748,Nowodomki,500.298,759.948,0017561,89659,wieś,Platerów-gmina wiejska,łosicki
4749,Nowodwór,472.108,677.163,0687215,89668,wieś,Siennica-gmina miejsko-wiejska,miński
4750,Nowodzielnik,470.374,684.207,0687221,89674,wieś,Siennica-gmina miejsko-wiejska,miński
4751,Nowokrasne,560.508,624.024,0117498,89700,wieś,Krasne-gmina wiejska,przasnyski
4752,Nowomodna,512.943,737.461,0672900,89712,wieś,Jabłonna Lacka-gmina wiejska,sokołowski
4753,Nowopole,559.805,564.566,0125440,89715,wieś,Siemiątkowo-gmina wiejska,żuromiński
4754,Nowopole,554.090,585.521,0127172,89716,kolonia,Strzegowo-gmina wiejska,mławski
4755,Nowosiadło,507.117,561.085,0575462,89733,wieś,Słubice-gmina wiejska,płocki
4756,Nowosielec,492.759,754.956,0015591,89740,wieś,Łosice-gmina miejsko-wiejska,łosicki
4757,Nowosiółki,526.207,611.898,0120922,89749,wieś,Nowe Miasto-gmina miejsko-wiejska,płoński
4758,Nowy Barcik,500.700,556.333,0574557,89813,wieś,Sanniki-gmina miejsko-wiejska,gostyniński
4759,Nowy Bartków,502.587,742.838,0675206,89815,wieś,Korczew-gmina wiejska,siedlecki
4760,Nowy Białynin,479.501,586.557,0733843,89823,wieś,Nowa Sucha-gmina wiejska,sochaczewski
4761,Nowy Boguszyn,509.308,589.456,0562057,89830,wieś,Czerwińsk nad Wisłą-gmina miejsko-wiejska,płoński
4762,Nowy Brańszczyk,533.597,675.816,0506739,89843,wieś,Brańszczyk-gmina wiejska,wyszkowski
4763,Nowy Bromierz,534.454,568.334,0576792,89844,wieś,Staroźreby-gmina miejsko-wiejska,płocki
4764,Nowy Bromierzyk,532.170,569.468,0576800,89845,wieś,Staroźreby-gmina miejsko-wiejska,płocki
4765,Nowy Buczyn,522.430,717.287,0676306,89851,wieś,Kosów Lacki-gmina miejsko-wiejska,sokołowski
4766,Nowy Błędów,434.414,616.081,1066679,6560,wieś,Błędów-gmina wiejska,grójecki
4767,Nowy Cygów,499.686,665.106,0684257,89873,wieś,Poświętne-gmina wiejska,wołomiński
4768,Nowy Drzewicz,472.400,597.026,0739484,89888,wieś,Wiskitki-gmina miejsko-wiejska,żyrardowski
4769,Nowy Duninów,524.177,532.489,0572156,89889,wieś,Nowy Duninów-gmina wiejska,płocki
4770,Nowy Dworek,462.356,598.643,0735397,89891,wieś,Mszczonów-gmina miejsko-wiejska,żyrardowski
4771,Nowy Dwór,376.529,640.331,0624054,89950,wieś,Jastrząb-gmina miejsko-wiejska,szydłowiecki
4772,Nowy Dwór Mazowiecki,508.541,616.643,0921148,89971,miasto,Nowy Dwór Mazowiecki-gmina miejska,nowodworski
4773,Nowy Dębsk,479.234,576.268,0733850,89884,wieś,Nowa Sucha-gmina wiejska,sochaczewski
4774,Nowy Garwarz,550.758,588.921,0114749,90013,wieś,Glinojeck-gmina miejsko-wiejska,ciechanowski
4775,Nowy Goniwilk,442.937,694.406,0696898,90026,wieś,Żelechów-gmina miejsko-wiejska,garwoliński
4776,Nowy Gołymin,549.396,627.364,0115192,90025,wieś,Gołymin-Ośrodek-gmina wiejska,ciechanowski
4777,Nowy Gózd,411.887,640.698,0638151,90036,wieś,Stara Błotnica-gmina wiejska,białobrzeski
4778,Nowy Helenów,436.189,680.567,0678564,90048,wieś,Łaskarzew-gmina wiejska,garwoliński
4779,Nowy Jadów,517.313,678.383,0673265,90051,wieś,Jadów-gmina miejsko-wiejska,wołomiński
4780,Nowy Janków,503.387,649.680,0007752,90054,wieś,Radzymin-gmina miejsko-wiejska,wołomiński
4781,Nowy Jasieniec Iłżecki,363.669,654.613,0623089,90062,wieś,Iłża-gmina miejsko-wiejska,radomski
4782,Nowy Kadłubek,415.963,643.864,0638168,90077,wieś,Stara Błotnica-gmina wiejska,białobrzeski
4783,Nowy Kamień,500.214,549.177,0563950,90081,wieś,Gąbin-gmina miejsko-wiejska,płocki
4784,Nowy Kamion,501.048,581.730,0731991,90084,wieś,Młodzieszyn-gmina wiejska,sochaczewski
4785,Nowy Karolinów,454.782,589.287,0734920,90091,wieś,Puszcza Mariańska-gmina wiejska,żyrardowski
4786,Nowy Kałęczyn,550.333,625.151,0115200,90080,wieś,Gołymin-Ośrodek-gmina wiejska,ciechanowski
4787,Nowy Kiełbów,414.876,637.581,0638174,90101,wieś,Stara Błotnica-gmina wiejska,białobrzeski
4788,Nowy Komunin,554.514,583.348,0123866,90114,wieś,Raciąż-gmina wiejska,płoński
4789,Nowy Konik,486.090,657.386,0002884,90115,wieś,Halinów-gmina miejsko-wiejska,miński
4790,Nowy Kozłów Drugi,476.898,577.294,0733866,90121,wieś,Nowa Sucha-gmina wiejska,sochaczewski
4791,Nowy Kozłów Pierwszy,477.573,577.006,0733889,90122,wieś,Nowa Sucha-gmina wiejska,sochaczewski
4792,Nowy Krasnosielc,577.270,643.849,0511947,90125,wieś,Krasnosielc-gmina wiejska,makowski
4793,Nowy Kraszew,505.048,655.378,0511539,90126,wieś,Klembów-gmina wiejska,wołomiński
4794,Nowy Krysk,520.113,597.618,0119468,90130,wieś,Naruszewo-gmina wiejska,płoński
4795,Nowy Kębłów,439.588,697.809,0696906,90097,wieś,Żelechów-gmina miejsko-wiejska,garwoliński
4796,Nowy Lubiel,548.402,662.942,0518978,90152,wieś,Rząśnik-gmina wiejska,wyszkowski
4797,Nowy Miedzechów,442.328,638.437,0623770,90180,wieś,Jasieniec-gmina wiejska,grójecki
4798,Nowy Modlin,511.808,615.669,0006847,90215,wieś,Pomiechówek-gmina wiejska,nowodworski
4799,Nowy Nacpolsk,519.278,582.326,0119528,90220,wieś,Naruszewo-gmina wiejska,płoński
4800,Nowy Oryszew,473.537,592.795,0739490,90232,wieś,Wiskitki-gmina miejsko-wiejska,żyrardowski
4801,Nowy Pilczyn,439.902,680.360,0678529,90244,wieś,Łaskarzew-gmina wiejska,garwoliński
4802,Nowy Podleck,520.607,571.090,0561566,90245,wieś,Bulkowo-gmina wiejska,płocki
4803,Nowy Podoś,570.697,641.890,0517460,90247,wieś,Płoniawy-Bramura-gmina wiejska,makowski
4804,Nowy Prażmów,457.081,633.893,0007344,90253,wieś,Prażmów-gmina wiejska,piaseczyński
4805,Nowy Puznów,454.531,681.107,0671088,90262,wieś,Garwolin-gmina wiejska,garwoliński
4806,Nowy Ratyniec,524.413,719.048,0690660,90269,wieś,Sterdyń-gmina wiejska,sokołowski
4807,Nowy Reczyn,509.893,568.526,0560638,90273,wieś,Bodzanów-gmina miejsko-wiejska,płocki
4808,Nowy Secymin,503.027,596.843,0004191,90289,wieś,Leoncin-gmina wiejska,nowodworski
4809,Nowy Sielc,575.099,644.520,0511953,90291,wieś,Krasnosielc-gmina wiejska,makowski
4810,Nowy Sielc,551.490,654.495,0519914,90290,wieś,Rzewnie-gmina wiejska,makowski
4811,Nowy Starogród,466.221,678.824,0687238,90309,wieś,Siennica-gmina miejsko-wiejska,miński
4812,Nowy Strachocin,550.456,650.078,0521242,90329,wieś,Szelków-gmina wiejska,makowski
4813,Nowy Szczeglin,572.471,649.361,0520917,90339,wieś,Sypniewo-gmina wiejska,makowski
4814,Nowy Szelków,554.152,649.969,0521259,90340,wieś,Szelków-gmina wiejska,makowski
4815,Nowy Szwarocin,484.097,576.784,0736988,90341,wieś,Rybno-gmina wiejska,sochaczewski
4816,Nowy Troszyn,511.259,556.506,0563967,90426,wieś,Gąbin-gmina miejsko-wiejska,płocki
4817,Nowy Walercin,489.993,669.230,0670203,90435,wieś,Dębe Wielkie-gmina wiejska,miński
4818,Nowy Wilków,503.261,603.124,0004200,90452,wieś,Leoncin-gmina wiejska,nowodworski
4819,Nowy Wir-Kolonia,401.419,620.641,0632600,148454,kolonia,Potworów-gmina wiejska,przysuski
4820,Nowy Wiączemin,509.551,558.091,0575479,90444,wieś,Słubice-gmina wiejska,płocki
4821,Nowy Zambrzyków,450.351,660.849,0687758,90468,wieś,Sobienie-Jeziory-gmina wiejska,otwocki
4822,Nowy Zamość,558.878,550.413,0574190,90471,wieś,Rościszewo-gmina wiejska,sierpecki
4823,Nowy Zglechów,473.415,682.972,0687244,90473,wieś,Siennica-gmina miejsko-wiejska,miński
4824,Nowy Łajszczew,454.039,593.337,0734937,90160,wieś,Puszcza Mariańska-gmina wiejska,żyrardowski
4825,Nowy Łuszczewek,485.623,604.015,0000282,90168,wieś,Błonie-gmina miejsko-wiejska,warszawski zachodni
4826,Nowy Świat,405.809,610.551,0626739,90376,wieś,Klwów-gmina wiejska,przysuski
4827,Nowy Świętochów,511.988,683.228,0675637,90417,wieś,Korytnica-gmina wiejska,węgrowski
4828,Nowy Żabieniec,444.891,671.025,0693977,90480,wieś,Wilga-gmina wiejska,garwoliński
4829,Nowy Żelechów,448.286,649.148,0617025,192610,wieś,Chynów-gmina wiejska,grójecki
4830,Nowy Żylin,478.381,580.798,0733895,90487,wieś,Nowa Sucha-gmina wiejska,sochaczewski
4831,Nożewo,577.230,667.826,0515951,90515,wieś,Olszewo-Borki-gmina wiejska,ostrołęcki
4832,Nuna,520.015,626.091,0120394,90537,wieś,Nasielsk-gmina miejsko-wiejska,nowodworski
4833,Nur,538.901,724.186,0402773,90540,wieś,Nur-gmina wiejska,ostrowski
4834,Nury,545.926,664.412,0518984,90549,wieś,Rząśnik-gmina wiejska,wyszkowski
4835,Nużewko,552.501,607.911,0112667,90560,wieś,Ciechanów-gmina wiejska,ciechanowski
4836,Nużewo,553.887,607.287,0112673,90561,wieś,Ciechanów-gmina wiejska,ciechanowski
4837,Nętne,416.380,641.948,0638872,86268,wieś,Stromiec-gmina wiejska,białobrzeski
4838,Obiecanowo,560.439,640.088,0116978,90631,wieś,Karniewo-gmina wiejska,makowski
4839,Obiedzino Górne,555.029,623.248,0115223,90635,wieś,Gołymin-Ośrodek-gmina wiejska,ciechanowski
4840,Obierwia,591.028,663.162,0513202,90640,wieś,Lelis-gmina wiejska,ostrołęcki
4841,Oblas,399.580,633.677,0634236,90661,wieś,Przytyk-gmina miejsko-wiejska,radomski
4842,Oblas,400.537,634.738,0634242,90662,osada leśna,Przytyk-gmina miejsko-wiejska,radomski
4843,Oble,514.740,675.190,0673288,90682,wieś,Jadów-gmina miejsko-wiejska,wołomiński
4844,Oblin,428.503,674.588,0680555,90694,wieś,Maciejowice-gmina miejsko-wiejska,garwoliński
4845,Oblin-Grądki,429.823,673.222,0680584,90695,wieś,Maciejowice-gmina miejsko-wiejska,garwoliński
4846,Oborczyska,596.824,653.151,0506320,90770,wieś,Baranowo-gmina wiejska,ostrołęcki
4847,Obory,470.553,647.027,0003926,90790,wieś,Konstancin-Jeziorna-gmina miejsko-wiejska,piaseczyński
4848,Obory,499.090,573.204,0566405,90789,wieś,Iłów-gmina wiejska,sochaczewski
4849,Obryte,533.991,729.694,0402810,90917,wieś,Nur-gmina wiejska,ostrowski
4850,Obryte,541.329,652.025,0515224,90916,wieś,Obryte-gmina wiejska,pułtuski
4851,Obryte,541.418,652.771,0515247,90918,kolonia,Obryte-gmina wiejska,pułtuski
4852,Obryte-Leśniczówka,540.391,653.289,0515299,194282,osada leśna,Obryte-gmina wiejska,pułtuski
4853,Obrąb,541.549,599.990,0121241,90848,wieś,Ojrzeń-gmina wiejska,ciechanowski
4854,Obrąb,575.296,622.760,0518040,90850,wieś,Przasnysz-gmina wiejska,przasnyski
4855,Obrąb,517.177,670.238,0523620,90849,wieś,Zabrodzie-gmina wiejska,wyszkowski
4856,Obręb,456.125,645.318,0001904,90859,wieś,Góra Kalwaria-gmina miejsko-wiejska,piaseczyński
4857,Obręb,569.341,557.015,0119244,90856,wieś,Lutocin-gmina wiejska,żuromiński
4858,Obręb,528.704,638.262,0122826,90857,wieś,Pokrzywnica-gmina wiejska,pułtuski
4859,Obręb,541.213,534.460,0571518,90855,wieś,Mochowo-gmina wiejska,sierpecki
4860,Obrębek,529.871,638.639,0122832,90861,wieś,Pokrzywnica-gmina wiejska,pułtuski
4861,Obrębiec,574.408,621.428,0113164,90862,wieś,Czernice Borowe-gmina wiejska,przasnyski
4862,Obórki,475.009,648.338,0003949,90820,wieś,Konstancin-Jeziorna-gmina miejsko-wiejska,piaseczyński
4863,Obórki,575.565,545.527,0118718,90819,wieś,Lubowidz-gmina miejsko-wiejska,żuromiński
4864,Obórki,582.582,634.365,0510706,90821,wieś,Jednorożec-gmina wiejska,przasnyski
4865,Obózek,411.860,649.288,0624605,90830,przysiółek,Jedlińsk-gmina wiejska,radomski
4866,Obłudzin,563.137,639.232,0517476,90734,wieś,Płoniawy-Bramura-gmina wiejska,makowski
4867,Ochenki,570.240,659.169,0514740,90980,wieś,Młynarze-gmina wiejska,makowski
4868,Ochodne,433.976,695.311,0692541,91001,wieś,Trojanów-gmina wiejska,garwoliński
4869,Ochota,485.485,635.540,0918643,91028,część miasta,Warszawa-gmina miejska,Warszawa
4870,Ochudno,535.346,663.158,0518990,91066,wieś,Rząśnik-gmina wiejska,wyszkowski
4871,Ocieść,408.834,623.984,0634934,91092,wieś,Radzanów-gmina wiejska,białobrzeski
4872,Ocięte,533.129,690.319,0685937,91093,wieś,Sadowne-gmina wiejska,węgrowski
4873,Oczesały,441.003,628.165,0614216,91103,wieś,Belsk Duży-gmina wiejska,grójecki
4874,Odcinki Dylewskie,427.636,621.922,0629420,91162,wieś,Mogielnica-gmina miejsko-wiejska,grójecki
4875,Oddział,462.100,612.819,0740560,91164,wieś,Żabia Wola-gmina wiejska,grodziski
4876,Odechowiec,384.666,663.473,0637281,91168,wieś,Skaryszew-gmina miejsko-wiejska,radomski
4877,Odechów,383.472,662.650,0637306,91171,wieś,Skaryszew-gmina miejsko-wiejska,radomski
4878,Odrano-Wola,470.263,611.391,0002430,91264,wieś,Grodzisk Mazowiecki-gmina miejsko-wiejska,grodziski
4879,Odrzywołek,443.887,625.918,0614222,91300,wieś,Belsk Duży-gmina wiejska,grójecki
4880,Odrzywół,406.992,607.922,0630110,91302,miasto,Odrzywół-gmina miejsko-wiejska,przysuski
4881,Oględa,581.520,625.754,0518056,91351,wieś,Przasnysz-gmina wiejska,przasnyski
4882,Ogonowo,545.846,589.401,0114755,91376,wieś,Glinojeck-gmina miejsko-wiejska,ciechanowski
4883,Ogony,568.079,663.638,0514756,91388,wieś,Młynarze-gmina wiejska,makowski
4884,Ogorzelice,532.114,549.076,0576326,91398,wieś,Stara Biała-gmina wiejska,płocki
4885,Ogrodniki,525.828,689.126,0679138,91437,wieś,Łochów-gmina miejsko-wiejska,węgrowski
4886,Ogrodniki,490.884,734.916,0682465,91438,wieś,Mordy-gmina miejsko-wiejska,siedlecki
4887,Ogródek,492.968,698.275,0672171,91615,wieś,Grębków-gmina wiejska,węgrowski
4888,Ojcewo,579.085,688.090,0522218,91637,wieś,Troszyn-gmina wiejska,ostrołęcki
4889,Ojcowizna,533.297,671.588,0506745,91640,wieś,Brańszczyk-gmina wiejska,wyszkowski
4890,Ojcówek,464.017,610.222,0740441,91650,osada,Żabia Wola-gmina wiejska,grodziski
4891,Ojrzanów,461.728,619.135,0740576,91657,wieś,Żabia Wola-gmina wiejska,grodziski
4892,Ojrzanów-Towarzystwo,461.816,617.975,0740582,91660,wieś,Żabia Wola-gmina wiejska,grodziski
4893,Ojrzeń,545.958,604.200,0121258,91662,wieś,Ojrzeń-gmina wiejska,ciechanowski
4894,Okniny-Podzdrój,471.183,729.661,0694557,91719,wieś,Wiśniew-gmina wiejska,siedlecki
4895,Okolusz,506.610,552.410,0563973,91761,wieś,Gąbin-gmina miejsko-wiejska,płocki
4896,Okopy,475.287,583.304,0733903,91841,wieś,Nowa Sucha-gmina wiejska,sochaczewski
4897,Okrzeszyn,475.739,646.800,0003961,92079,wieś,Konstancin-Jeziorna-gmina miejsko-wiejska,piaseczyński
4898,Okrąglik,420.762,640.867,0614601,91955,wieś,Białobrzegi-gmina miejsko-wiejska,białobrzeski
4899,Okrężnica,387.173,689.222,0633455,92064,wieś,Przyłęk-gmina wiejska,zwoleński
4900,Okuniew,491.995,657.318,0002890,92107,wieś,Halinów-gmina miejsko-wiejska,miński
4901,Olbrachcice,534.063,639.460,0122849,92163,wieś,Pokrzywnica-gmina wiejska,pułtuski
4902,Olechów Nowy,356.685,673.280,0636548,90229,wieś,Sienno-gmina miejsko-wiejska,lipski
4903,Olechów Stary,356.532,672.736,0636689,129979,wieś,Sienno-gmina miejsko-wiejska,lipski
4904,Oleksianka,463.016,697.184,0677694,92283,wieś,Latowicz-gmina miejsko-wiejska,miński
4905,Oleksin,473.509,672.356,0674833,92287,wieś,Kołbiel-gmina wiejska,otwocki
4906,Oleksin,483.339,702.181,0676772,92288,wieś,Kotuń-gmina wiejska,siedlecki
4907,Oleksów,406.152,694.625,0620062,92291,wieś,Gniewoszów-gmina wiejska,kozienicki
4908,Olesin,486.658,665.551,0670120,92347,wieś,Dębe Wielkie-gmina wiejska,miński
4909,Oleśnica,469.171,705.289,0694830,92395,wieś,Wodynie-gmina wiejska,siedlecki
4910,Oleśnik,433.892,617.849,0615084,92413,wieś,Błędów-gmina wiejska,grójecki
4911,Olki,574.966,651.505,0520923,92455,wieś,Sypniewo-gmina wiejska,makowski
4912,Olkowa Kępa,589.477,658.894,0505993,92456,przysiółek,Baranowo-gmina wiejska,ostrołęcki
4913,Olkowice,431.053,635.625,0632912,92457,wieś,Promna-gmina wiejska,białobrzeski
4914,Olszak,542.949,639.787,0123197,92496,wieś,Pułtusk-gmina miejsko-wiejska,pułtuski
4915,Olszaki,546.594,668.842,0509666,92502,wieś,Długosiodło-gmina wiejska,wyszkowski
4916,Olszamy,431.706,633.046,0632941,92506,wieś,Promna-gmina wiejska,białobrzeski
4917,Olszanka,481.933,750.909,0016700,92547,wieś,Olszanka-gmina wiejska,łosicki
4918,Olszanka,529.086,661.424,0523229,92533,wieś,Wyszków-gmina miejsko-wiejska,wyszkowski
4919,Olszanka,457.029,593.006,0734943,92541,wieś,Puszcza Mariańska-gmina wiejska,żyrardowski
4920,Olszany,442.913,635.337,0623787,92573,wieś,Jasieniec-gmina wiejska,grójecki
4921,Olszew,435.333,625.999,0620493,92590,wieś,Goszczyn-gmina wiejska,grójecki
4922,Olszew,532.121,716.560,0669588,92589,wieś,Ceranów-gmina wiejska,sokołowski
4923,Olszewek,444.499,611.774,0732737,92594,wieś,Mszczonów-gmina miejsko-wiejska,żyrardowski
4924,Olszewice,484.708,691.886,0673905,92597,wieś,Kałuszyn-gmina miejsko-wiejska,miński
4925,Olszewiec,577.513,619.792,0113170,92601,wieś,Czernice Borowe-gmina wiejska,przasnyski
4926,Olszewka,552.028,618.793,0126333,92607,wieś,Sońsk-gmina wiejska,ciechanowski
4927,Olszewka,596.071,636.658,0510735,92608,wieś,Jednorożec-gmina wiejska,przasnyski
4928,Olszewka,588.819,664.211,0513248,92609,wieś,Lelis-gmina wiejska,ostrołęcki
4929,Olszewko,577.392,568.924,0117848,92618,wieś,Kuczbork-Osada-gmina wiejska,żuromiński
4930,Olszewnica,510.747,626.258,0008556,199542,osada leśna,Wieliszew-gmina wiejska,legionowski
4931,Olszewnica Nowa,510.243,625.493,0008540,92623,wieś,Wieliszew-gmina wiejska,legionowski
4932,Olszewnica Stara,509.637,626.803,0008616,92624,wieś,Wieliszew-gmina wiejska,legionowski
4933,Olszewo,575.538,564.001,0130270,92634,wieś,Żuromin-gmina miejsko-wiejska,żuromiński
4934,Olszewo-Borki,581.033,669.174,0515968,92645,wieś,Olszewo-Borki-gmina wiejska,ostrołęcki
4935,Olszewo-Borzymy,573.762,601.006,0127410,92646,wieś,Stupsk-gmina wiejska,mławski
4936,Olszewo-Bołąki,574.517,599.762,0127380,92644,wieś,Stupsk-gmina wiejska,mławski
4937,Olszewo-Cechny,554.464,714.741,0394708,92647,wieś,Andrzejewo-gmina wiejska,ostrowski
4938,Olszewo-Grzymki,573.763,602.525,0127427,92650,wieś,Stupsk-gmina wiejska,mławski
4939,Olszowa,409.803,654.198,0624344,92669,wieś,Jastrzębia-gmina wiejska,radomski
4940,Olszowa,414.265,622.553,0642075,92679,wieś,Wyśmierzyce-gmina miejsko-wiejska,białobrzeski
4941,Olszowa Dąbrowa,416.820,651.546,0638910,92674,wieś,Stromiec-gmina wiejska,białobrzeski
4942,Olszowiec,492.784,590.127,0009863,92691,wieś,Brochów-gmina wiejska,sochaczewski
4943,Olszowiec,496.254,572.252,0566351,92690,wieś,Iłów-gmina wiejska,sochaczewski
4944,Olszyc Szlachecki,466.894,713.234,0670806,92784,wieś,Domanice-gmina wiejska,siedlecki
4945,Olszyc Włościański,466.484,712.663,0670812,92785,wieś,Domanice-gmina wiejska,siedlecki
4946,Olszyc-Folwark,465.329,712.648,0670798,92783,wieś,Domanice-gmina wiejska,siedlecki
4947,Olszyna,399.679,620.524,0632622,194178,osada,Potworów-gmina wiejska,przysuski
4948,Olszynka,439.943,668.248,0694066,92902,osada leśna,Wilga-gmina wiejska,garwoliński
4949,Olszynki,498.395,579.865,0732157,92929,wieś,Młodzieszyn-gmina wiejska,sochaczewski
4950,Olszyny,606.767,652.395,0514963,92976,wieś,Myszyniec-gmina miejsko-wiejska,ostrołęcki
4951,Olszyny,608.129,650.523,0514970,92972,osada leśna,Myszyniec-gmina miejsko-wiejska,ostrołęcki
4952,Olszówka,460.855,598.960,0735405,92750,wieś,Mszczonów-gmina miejsko-wiejska,żyrardowski
4953,Olunin,495.241,574.091,0566411,93076,wieś,Iłów-gmina wiejska,sochaczewski
4954,Olędy,493.672,737.541,0682471,92428,wieś,Mordy-gmina miejsko-wiejska,siedlecki
4955,Olędy,481.188,735.945,0696585,92427,wieś,Zbuczyn-gmina wiejska,siedlecki
4956,Omięcin,385.601,628.475,0639274,93138,wieś,Szydłowiec-gmina miejsko-wiejska,szydłowiecki
4957,Omięciny,524.978,605.893,0116665,93140,wieś,Joniec-gmina wiejska,płoński
4958,Omięciny,523.371,606.137,1060808,236252,kolonia,Joniec-gmina wiejska,płoński
4959,Opactwo,411.180,692.023,0636063,93171,wieś,Sieciechów-gmina wiejska,kozienicki
4960,Opacz,473.072,648.323,0003978,93173,wieś,Konstancin-Jeziorna-gmina miejsko-wiejska,piaseczyński
4961,Opacz Mała,479.667,630.374,0005262,93181,wieś,Michałowice-gmina wiejska,pruszkowski
4962,Opacz-Kolonia,480.887,629.823,0005256,93179,wieś,Michałowice-gmina wiejska,pruszkowski
4963,Opaleniec,604.469,627.494,0507650,93209,wieś,Chorzele-gmina miejsko-wiejska,przasnyski
4964,Opatkowice,419.260,674.757,0627673,93249,wieś,Kozienice-gmina miejsko-wiejska,kozienicki
4965,Opatowina,545.963,721.098,0402684,93272,wieś,Nur-gmina wiejska,ostrowski
4966,Opatówiec,528.553,564.052,0576817,93285,wieś,Staroźreby-gmina miejsko-wiejska,płocki
4967,Opinogóra Dolna,562.087,614.909,0121637,93315,wieś,Opinogóra Górna-gmina wiejska,ciechanowski
4968,Opinogóra Górna,561.445,615.491,0121643,93316,wieś,Opinogóra Górna-gmina wiejska,ciechanowski
4969,Opinogóra-Kolonia,562.842,616.299,0121650,93314,wieś,Opinogóra Górna-gmina wiejska,ciechanowski
4970,Opiłki Płoskie,599.341,615.687,0507851,93311,wieś,Chorzele-gmina miejsko-wiejska,przasnyski
4971,Opole-Świerczyna,485.067,718.964,0686693,93357,wieś,Siedlce-gmina wiejska,siedlecki
4972,Opożdżew,435.280,644.293,0640426,93387,wieś,Warka-gmina miejsko-wiejska,grójecki
4973,Opypy,470.433,615.008,0002453,93399,wieś,Grodzisk Mazowiecki-gmina miejsko-wiejska,grodziski
4974,Opęchowo,580.740,687.083,0522224,93299,wieś,Troszyn-gmina wiejska,ostrołęcki
4975,Oronne,429.417,680.562,0680590,93708,wieś,Maciejowice-gmina miejsko-wiejska,garwoliński
4976,Orońsko,385.078,638.625,0630400,93710,wieś,Orońsko-gmina wiejska,szydłowiecki
4977,Orszymowo,509.784,578.669,0570909,93722,wieś,Mała Wieś-gmina wiejska,płocki
4978,Oryszew-Osada,473.222,594.296,0739509,93732,wieś,Wiskitki-gmina miejsko-wiejska,żyrardowski
4979,Orzechowo,433.358,637.364,0623793,93755,wieś,Jasieniec-gmina wiejska,grójecki
4980,Orzechów,501.318,697.410,0693641,93762,wieś,Wierzbno-gmina wiejska,węgrowski
4981,Orzeszyn,464.265,643.289,0006439,93822,wieś,Piaseczno-gmina miejsko-wiejska,piaseczyński
4982,Orzeszówka,516.470,712.604,0681260,93821,wieś,Miedzna-gmina wiejska,węgrowski
4983,Orzełek,533.605,699.777,0685950,93798,wieś,Sadowne-gmina wiejska,węgrowski
4984,Orzełek,533.285,698.000,1059892,199699,osada leśna,Sadowne-gmina wiejska,węgrowski
4985,Orzoł,592.115,650.323,0506337,93791,wieś,Baranowo-gmina wiejska,ostrołęcki
4986,Orzołek,594.632,651.865,0506343,93799,wieś,Baranowo-gmina wiejska,ostrołęcki
4987,Orzyc,552.879,648.143,0521265,93832,wieś,Szelków-gmina wiejska,makowski
4988,Orło,545.886,701.201,0514443,93597,wieś,Małkinia Górna-gmina miejsko-wiejska,ostrowski
4989,Orło,544.959,700.933,0514450,168374,osada leśna,Małkinia Górna-gmina miejsko-wiejska,ostrowski
4990,Orłowo,550.312,660.340,0519937,93632,wieś,Rzewnie-gmina wiejska,makowski
4991,Orłowo,546.149,557.382,0579862,93630,wieś,Zawidz-gmina wiejska,sierpecki
4992,Orły,485.239,615.038,0005977,93676,wieś,Ożarów Mazowiecki-gmina miejsko-wiejska,warszawski zachodni
4993,Orły-Cesin,487.641,588.267,0738510,93680,wieś,Sochaczew-gmina wiejska,sochaczewski
4994,Orłów,376.622,633.045,0624060,93652,wieś,Jastrząb-gmina miejsko-wiejska,szydłowiecki
4995,Orłów,479.206,584.023,0733949,93650,wieś,Nowa Sucha-gmina wiejska,sochaczewski
4996,Osada,504.680,529.430,0564702,93850,wieś,Gostynin-gmina wiejska,gostyniński
4997,Osada-Wola,539.185,602.085,0121264,93861,wieś,Ojrzeń-gmina wiejska,ciechanowski
4998,Osieck,458.351,666.306,0683192,93949,miasto,Osieck-gmina miejsko-wiejska,otwocki
4999,Osieczek,448.876,618.675,0631574,93977,wieś,Pniewy-gmina wiejska,grójecki
5000,Osiedle Wilga,442.731,665.961,0694095,94196,osada,Wilga-gmina wiejska,garwoliński
5001,Osiek,526.491,604.441,0116671,94290,wieś,Joniec-gmina wiejska,płoński
5002,Osiek,519.271,580.318,0561589,94291,wieś,Bulkowo-gmina wiejska,płocki
5003,Osiek,510.907,586.420,0562063,94292,wieś,Czerwińsk nad Wisłą-gmina miejsko-wiejska,płoński
5004,Osiek,550.133,530.319,0571524,94288,wieś,Mochowo-gmina wiejska,sierpecki
5005,Osiek,550.458,562.561,0579796,94289,wieś,Zawidz-gmina wiejska,sierpecki
5006,Osiek,382.010,648.200,0626998,94297,kolonia,Kowala-gmina wiejska,radomski
5007,Osiek Dolny,547.805,626.686,0115269,172466,kolonia,Gołymin-Ośrodek-gmina wiejska,ciechanowski
5008,Osiek Górny,548.295,628.639,0115246,94321,wieś,Gołymin-Ośrodek-gmina wiejska,ciechanowski
5009,Osiek Piaseczny,548.569,563.405,0579810,94332,wieś,Zawidz-gmina wiejska,sierpecki
5010,Osiek-Aleksandrowo,547.198,628.883,0115230,94307,wieś,Gołymin-Ośrodek-gmina wiejska,ciechanowski
5011,Osiek-Wólka,547.245,627.158,0115252,94313,wieś,Gołymin-Ośrodek-gmina wiejska,ciechanowski
5012,Osiek-Włostybory,549.540,564.145,0579827,94312,wieś,Zawidz-gmina wiejska,sierpecki
5013,Osiemborów,437.247,660.219,0628879,94369,wieś,Magnuszew-gmina miejsko-wiejska,kozienicki
5014,Osinki,370.281,669.521,0635678,94447,wieś,Rzeczniów-gmina wiejska,lipski
5015,Osiny,546.332,659.720,0519050,94467,wieś,Rząśnik-gmina wiejska,wyszkowski
5016,Osiny,498.671,524.802,0564725,94465,wieś,Gostynin-gmina wiejska,gostyniński
5017,Osiny,438.682,638.697,0623801,94480,wieś,Jasieniec-gmina wiejska,grójecki
5018,Osiny,389.060,678.293,0643258,94484,wieś,Zwoleń-gmina miejsko-wiejska,zwoleński
5019,Osiny,482.665,679.459,0681891,94474,wieś,Mińsk Mazowiecki-gmina wiejska,miński
5020,Osiny,481.590,732.819,0686701,94475,wieś,Siedlce-gmina wiejska,siedlecki
5021,Osiny,476.107,601.308,0723141,94470,wieś,Baranów-gmina wiejska,grodziski
5022,Osiny,521.590,657.792,1060731,94468,osada,Somianka-gmina wiejska,wyszkowski
5023,Osiny Dolne,494.974,717.304,0682229,94521,wieś,Mokobody-gmina wiejska,siedlecki
5024,Osiny Górne,493.498,717.015,0682235,94523,wieś,Mokobody-gmina wiejska,siedlecki
5025,Osmolin,492.714,557.383,0574497,94594,wieś,Sanniki-gmina miejsko-wiejska,gostyniński
5026,Osmolinek,514.135,567.037,0560644,94598,wieś,Bodzanów-gmina miejsko-wiejska,płocki
5027,Osmólsk Górny,493.552,558.437,0574505,94601,wieś,Sanniki-gmina miejsko-wiejska,gostyniński
5028,Osowa,580.450,572.563,0117854,94624,wieś,Kuczbork-Osada-gmina wiejska,żuromiński
5029,Osowa Drobińska,552.892,569.777,0125463,94633,wieś,Siemiątkowo-gmina wiejska,żuromiński
5030,Osowa Krzeczanowska,553.189,571.361,0125470,94641,wieś,Siemiątkowo-gmina wiejska,żuromiński
5031,Osowa Łaszewska,553.740,569.549,0125486,94642,wieś,Siemiątkowo-gmina wiejska,żuromiński
5032,Osowia,499.939,536.412,0577952,94659,wieś,Szczawin Kościelny-gmina wiejska,gostyniński
5033,Osowiec,464.468,613.254,0740599,94677,wieś,Żabia Wola-gmina wiejska,grodziski
5034,Ossa,406.210,602.780,0630126,94780,wieś,Odrzywół-gmina miejsko-wiejska,przysuski
5035,Ossolin,498.353,706.078,0677978,94788,wieś,Liw-gmina wiejska,węgrowski
5036,Ossów,496.040,651.562,0010292,94800,wieś,Wołomin-gmina miejsko-wiejska,wołomiński
5037,Ossówno,498.707,689.043,0693658,94805,wieś,Wierzbno-gmina wiejska,węgrowski
5038,Ostafieje,571.737,618.591,0113135,194105,kolonia,Czernice Borowe-gmina wiejska,przasnyski
5039,Ostaszewo,546.077,622.232,0126340,94823,wieś,Sońsk-gmina wiejska,ciechanowski
5040,Ostaszewo Wielkie,545.065,622.595,0116139,94826,wieś,Gzy-gmina wiejska,pułtuski
5041,Ostaszewo-Pańki,543.184,622.877,0116122,94824,wieś,Gzy-gmina wiejska,pułtuski
5042,Ostaszewo-Włuski,544.151,621.550,0116145,94825,wieś,Gzy-gmina wiejska,pułtuski
5043,Ostałów,382.388,625.262,0615894,94811,wieś,Chlewiska-gmina wiejska,szydłowiecki
5044,Ostałówek,381.910,626.586,0615919,94815,wieś,Chlewiska-gmina wiejska,szydłowiecki
5045,Ostoje,480.188,745.965,0682488,94871,wieś,Mordy-gmina miejsko-wiejska,siedlecki
5046,Ostromęczyn,496.296,762.187,0017578,95033,wieś,Platerów-gmina wiejska,łosicki
5047,Ostromęczyn-Kolonia,497.148,760.938,0017584,217659,kolonia,Platerów-gmina wiejska,łosicki
5048,Ostromęczyn-Kolonia,496.074,760.870,1054943,95034,wieś,Platerów-gmina wiejska,łosicki
5049,Ostrowe-Stańczyki,587.971,622.653,0512540,95072,wieś,Krzynowłoga Mała-gmina wiejska,przasnyski
5050,Ostrowiec,449.155,637.716,0616770,95110,wieś,Chynów-gmina wiejska,grójecki
5051,Ostrowiec,505.708,736.696,0685038,95111,wieś,Repki-gmina wiejska,sokołowski
5052,Ostrowik,472.442,665.430,0000951,95130,wieś,Celestynów-gmina wiejska,otwocki
5053,Ostrowik,495.407,657.427,0684263,95128,wieś,Poświętne-gmina wiejska,wołomiński
5054,Ostrownica,377.821,670.889,0626142,95173,wieś,Kazanów-gmina miejsko-wiejska,zwoleński
5055,Ostrownica,407.081,662.957,0630801,44621,wieś,Pionki-gmina wiejska,radomski
5056,Ostrownica-Kolonia,376.617,670.813,0626219,95174,wieś,Kazanów-gmina miejsko-wiejska,zwoleński
5057,Ostrowy,528.098,658.638,0520231,95232,wieś,Somianka-gmina wiejska,wyszkowski
5058,Ostrowy,546.596,543.785,0565334,95230,wieś,Gozdowo-gmina wiejska,sierpecki
5059,Ostrowy,546.926,557.713,0579856,95231,wieś,Zawidz-gmina wiejska,sierpecki
5060,Ostrowy,390.739,676.341,0643181,95237,wieś,Zwoleń-gmina miejsko-wiejska,zwoleński
5061,Ostrołęka,398.756,624.256,0634259,95025,wieś,Przytyk-gmina miejsko-wiejska,radomski
5062,Ostrołęka,443.336,655.677,0640432,95024,wieś,Warka-gmina miejsko-wiejska,grójecki
5063,Ostrołęka,582.646,672.181,0966079,95023,miasto,Ostrołęka-gmina miejska,Ostrołęka
5064,Ostrożeń Drugi,439.549,689.866,0688373,95260,wieś,Sobolew-gmina wiejska,garwoliński
5065,Ostrożeń Pierwszy,439.728,689.569,0688380,95261,wieś,Sobolew-gmina wiejska,garwoliński
5066,Ostrożeń Trzeci,437.356,692.049,0697107,95262,kolonia,Żelechów-gmina miejsko-wiejska,garwoliński
5067,Ostrybór,449.880,662.392,0694008,95582,wieś,Wilga-gmina wiejska,garwoliński
5068,Ostrykół Dworski,550.139,666.763,0509672,95587,wieś,Długosiodło-gmina wiejska,wyszkowski
5069,Ostrykół Włościański,549.441,667.431,0509689,95588,wieś,Długosiodło-gmina wiejska,wyszkowski
5070,Ostrzeniewo,534.361,620.231,0128585,95606,wieś,Świercze-gmina wiejska,pułtuski
5071,Ostrzykowo,526.934,570.370,0576438,95634,wieś,Staroźreby-gmina miejsko-wiejska,płocki
5072,Ostrzykówek,526.897,569.201,0576830,95635,wieś,Staroźreby-gmina miejsko-wiejska,płocki
5073,Ostrów,473.453,664.128,0000974,95310,wieś,Celestynów-gmina wiejska,otwocki
5074,Ostrów,572.673,580.985,0127887,95296,wieś,Szreńsk-gmina wiejska,mławski
5075,Ostrów,559.858,555.405,0574215,95297,wieś,Rościszewo-gmina wiejska,sierpecki
5076,Ostrów,434.115,665.659,0628891,95320,wieś,Magnuszew-gmina miejsko-wiejska,kozienicki
5077,Ostrów,435.119,668.550,0680609,95321,wieś,Maciejowice-gmina miejsko-wiejska,garwoliński
5078,Ostrów,572.600,569.479,1060576,95295,osada,Żuromin-gmina miejsko-wiejska,żuromiński
5079,Ostrów Mazowiecka,552.468,695.091,0966330,95387,miasto,Ostrów Mazowiecka-gmina miejska,ostrowski
5080,Ostrów-Kania,485.596,667.143,0670137,95370,wieś,Dębe Wielkie-gmina wiejska,miński
5081,Ostrówek,460.767,653.883,0003560,95456,wieś,Karczew-gmina miejsko-wiejska,otwocki
5082,Ostrówek,600.539,644.286,0506350,95455,wieś,Baranowo-gmina wiejska,ostrołęcki
5083,Ostrówek,515.914,650.889,0509057,95447,wieś,Dąbrówka-gmina wiejska,wołomiński
5084,Ostrówek,505.261,661.011,0511551,95451,wieś,Klembów-gmina wiejska,wołomiński
5085,Ostrówek,546.604,662.755,0519067,95438,wieś,Rząśnik-gmina wiejska,wyszkowski
5086,Ostrówek,446.457,654.884,0640449,95475,wieś,Warka-gmina miejsko-wiejska,grójecki
5087,Ostrówek,524.646,687.368,0679144,95459,wieś,Łochów-gmina miejsko-wiejska,węgrowski
5088,Ostrówek,500.178,732.287,0685050,95464,wieś,Repki-gmina wiejska,sokołowski
5089,Ostrówek,485.686,718.078,0686718,95454,wieś,Siedlce-gmina wiejska,siedlecki
5090,Ostrówiec,465.779,655.530,0003576,95528,wieś,Karczew-gmina miejsko-wiejska,otwocki
5091,Ostrówik,456.054,655.091,0001910,95532,wieś,Góra Kalwaria-gmina miejsko-wiejska,piaseczyński
5092,Ostrówka,379.346,670.661,0626254,95534,wieś,Kazanów-gmina miejsko-wiejska,zwoleński
5093,Osuchów,382.543,669.419,0626290,95648,wieś,Kazanów-gmina miejsko-wiejska,zwoleński
5094,Osuchów,422.601,626.072,0632958,95647,wieś,Promna-gmina wiejska,białobrzeski
5095,Osuchów,449.179,609.270,0732743,95645,wieś,Mszczonów-gmina miejsko-wiejska,żyrardowski
5096,Oszczerze,496.689,704.972,0672194,95673,wieś,Grębków-gmina wiejska,węgrowski
5097,Osówiec Kmiecy,580.761,629.903,0518062,94743,wieś,Przasnysz-gmina wiejska,przasnyski
5098,Osówiec Szlachecki,582.767,630.416,0518085,94744,wieś,Przasnysz-gmina wiejska,przasnyski
5099,Osówka,583.336,561.447,0118724,94753,wieś,Lubowidz-gmina miejsko-wiejska,żuromiński
5100,Osówka,557.315,537.770,0575002,94751,wieś,Sierpc-gmina wiejska,sierpecki
5101,Osówka,359.961,679.469,0636554,94762,wieś,Sienno-gmina miejsko-wiejska,lipski
5102,Osęczyzna,496.950,676.577,0670462,93905,wieś,Dobre-gmina miejsko-wiejska,miński
5103,Osęka,507.237,680.531,0692038,93907,wieś,Strachówka-gmina wiejska,wołomiński
5104,Otaląż,424.646,617.629,0629436,95767,wieś,Mogielnica-gmina miejsko-wiejska,grójecki
5105,Otalążka,424.053,620.365,0629442,95770,wieś,Mogielnica-gmina miejsko-wiejska,grójecki
5106,Otrębusy,474.918,620.536,0000715,95863,wieś,Brwinów-gmina miejsko-wiejska,pruszkowski
5107,Otwock,473.822,655.055,0921237,95886,miasto,Otwock-gmina miejska,otwocki
5108,Otwock Mały,468.582,654.591,0003599,95887,wieś,Karczew-gmina miejsko-wiejska,otwocki
5109,Otwock Wielki,467.129,654.038,0003607,95888,wieś,Karczew-gmina miejsko-wiejska,otwocki
5110,Owadów,404.746,652.563,0624373,95895,wieś,Jastrzębia-gmina wiejska,radomski
5111,Owczarnia,472.571,616.700,0000738,95941,wieś,Brwinów-gmina miejsko-wiejska,pruszkowski
5112,Oziemkówka,453.610,689.708,0680963,96036,wieś,Miastków Kościelny-gmina wiejska,garwoliński
5113,Ozorów,477.358,707.333,0687617,96048,wieś,Skórzec-gmina wiejska,siedlecki
5114,Ołdaki,541.666,629.707,0116091,93092,wieś,Gzy-gmina wiejska,pułtuski
5115,Ołdaki,584.556,680.295,0519535,93095,wieś,Rzekuń-gmina wiejska,ostrołęcki
5116,Ołdaki,509.033,669.590,0521710,93093,wieś,Tłuszcz-gmina miejsko-wiejska,wołomiński
5117,Ołdaki-Polonia,561.628,719.751,0394737,93098,wieś,Andrzejewo-gmina wiejska,ostrowski
5118,Ołdakowizna,498.171,672.835,0690016,93100,wieś,Stanisławów-gmina miejsko-wiejska,miński
5119,Ołowskie,534.544,729.094,0402827,93118,wieś,Nur-gmina wiejska,ostrowski
5120,Ołtarze-Gołacze,539.994,720.556,0402833,93122,wieś,Nur-gmina wiejska,ostrowski
5121,Ołtarzew,484.272,620.291,0005960,93124,wieś,Ożarów Mazowiecki-gmina miejsko-wiejska,warszawski zachodni
5122,Ościsłowo,552.977,598.009,0114761,95707,wieś,Glinojeck-gmina miejsko-wiejska,ciechanowski
5123,Ościsłowo,553.233,596.336,0114784,190125,osada leśna,Glinojeck-gmina miejsko-wiejska,ciechanowski
5124,Ościsłowo,553.242,595.498,0114790,168338,osada leśna,Glinojeck-gmina miejsko-wiejska,ciechanowski
5125,Ośnica,555.957,637.250,0116984,95723,wieś,Karniewo-gmina wiejska,makowski
5126,Ośniki,503.845,600.399,0004216,95731,wieś,Leoncin-gmina wiejska,nowodworski
5127,Ożarów Mazowiecki,484.227,622.539,0921415,96076,miasto,Ożarów Mazowiecki-gmina miejsko-wiejska,warszawski zachodni
5128,Ożumiech,586.621,614.644,0512591,96090,wieś,Krzynowłoga Mała-gmina wiejska,przasnyski
5129,Pabierowice,441.872,631.102,0622368,96103,wieś,Grójec-gmina miejsko-wiejska,grójecki
5130,Pacew,423.925,630.545,0632964,96115,wieś,Promna-gmina wiejska,białobrzeski
5131,Pach,578.510,653.392,0511924,96116,wieś,Krasnosielc-gmina wiejska,makowski
5132,Paciorkowa Wola Nowa,394.398,683.475,0643229,96160,wieś,Zwoleń-gmina miejsko-wiejska,zwoleński
5133,Paciorkowa Wola Stara,394.348,682.686,0643301,96161,wieś,Zwoleń-gmina miejsko-wiejska,zwoleński
5134,Pacyna,493.373,548.283,0572794,96178,wieś,Pacyna-gmina wiejska,gostyniński
5135,Paczuski Duże,502.147,713.430,0668413,96199,wieś,Bielany-gmina wiejska,sokołowski
5136,Paderewek,525.179,726.051,0690677,96210,wieś,Sterdyń-gmina wiejska,sokołowski
5137,Pajewo Wielkie,556.252,621.266,0115306,96355,wieś,Gołymin-Ośrodek-gmina wiejska,ciechanowski
5138,Pajewo-Cyty,556.658,620.373,0115281,96351,kolonia,Gołymin-Ośrodek-gmina wiejska,ciechanowski
5139,Pajewo-Króle,557.622,623.261,0121666,96352,wieś,Opinogóra Górna-gmina wiejska,ciechanowski
5140,Pajewo-Rżyski,556.592,619.856,0115298,96353,kolonia,Gołymin-Ośrodek-gmina wiejska,ciechanowski
5141,Pajewo-Szwelice,556.770,619.346,0115275,96354,wieś,Gołymin-Ośrodek-gmina wiejska,ciechanowski
5142,Pająków,394.084,694.199,0633461,96335,wieś,Przyłęk-gmina wiejska,zwoleński
5143,Pakosław,371.773,652.175,0623095,96381,wieś,Iłża-gmina miejsko-wiejska,radomski
5144,Pakulanka,413.469,610.599,0626722,96403,kolonia,Klwów-gmina wiejska,przysuski
5145,Palczew,431.780,643.892,0640455,96420,wieś,Warka-gmina miejsko-wiejska,grójecki
5146,Palczew-Parcela,432.417,642.514,0640461,96421,wieś,Warka-gmina miejsko-wiejska,grójecki
5147,Palmiry,501.524,621.013,0001407,96525,wieś,Czosnów-gmina wiejska,nowodworski
5148,Papiernia,497.766,670.729,0690039,96936,wieś,Stanisławów-gmina miejsko-wiejska,miński
5149,Papierny Borek,582.631,646.523,0511960,96958,wieś,Krasnosielc-gmina wiejska,makowski
5150,Paplin,515.681,695.298,0675643,96966,wieś,Korytnica-gmina wiejska,węgrowski
5151,Paprotnia,428.094,657.650,0621937,97017,wieś,Grabów nad Pilicą-gmina wiejska,kozienicki
5152,Paprotnia,498.414,736.280,0683520,97015,wieś,Paprotnia-gmina wiejska,siedlecki
5153,Paprotnia,483.828,597.677,0738941,97014,wieś,Teresin-gmina wiejska,sochaczewski
5154,Paprotno,415.843,624.582,0642112,97032,wieś,Wyśmierzyce-gmina miejsko-wiejska,białobrzeski
5155,Parcela-Obory,469.342,647.576,0003990,74307,wieś,Konstancin-Jeziorna-gmina miejsko-wiejska,piaseczyński
5156,Parcele Rębków,447.443,675.789,0671094,97263,wieś,Garwolin-gmina wiejska,garwoliński
5157,Parcele Łomskie,585.067,588.638,0118428,97260,kolonia,Lipowiec Kościelny-gmina wiejska,mławski
5158,Parciaki,595.007,641.679,0510770,97306,wieś,Jednorożec-gmina wiejska,przasnyski
5159,Parciaki-Stacja,591.901,642.876,0510830,127722,osada,Jednorożec-gmina wiejska,przasnyski
5160,Parkoczewo,514.840,571.353,0560650,97361,wieś,Bodzanów-gmina miejsko-wiejska,płocki
5161,Parlin,570.119,552.423,0119250,97411,wieś,Lutocin-gmina wiejska,żuromiński
5162,Parlin,506.798,589.702,0562070,97412,wieś,Czerwińsk nad Wisłą-gmina miejsko-wiejska,płoński
5163,Parole,465.107,624.704,0005397,97435,wieś,Nadarzyn-gmina wiejska,pruszkowski
5164,Parysów,460.095,684.000,0683743,97602,wieś,Parysów-gmina wiejska,garwoliński
5165,Parzeń,531.904,537.825,0561000,97626,wieś,Brudzeń Duży-gmina wiejska,płocki
5166,Parzeń-Janówek,532.270,535.908,0561017,97627,wieś,Brudzeń Duży-gmina wiejska,płocki
5167,Parznice,386.006,647.800,0627182,97636,wieś,Kowala-gmina wiejska,radomski
5168,Parzniew,477.660,620.536,0000744,97638,wieś,Brwinów-gmina miejsko-wiejska,pruszkowski
5169,Parówki,569.197,584.602,0126623,97489,kolonia,Strzegowo-gmina wiejska,mławski
5170,Pasek,504.920,657.479,0511545,97663,wieś,Klembów-gmina wiejska,wołomiński
5171,Pasieki,557.253,672.497,0510296,97792,wieś,Goworowo-gmina wiejska,ostrołęcki
5172,Pasieki,373.503,670.280,0617663,97801,wieś,Ciepielów-gmina miejsko-wiejska,lipski
5173,Pasikonie,487.956,595.853,0003270,97842,wieś,Kampinos-gmina wiejska,warszawski zachodni
5174,Pass,483.829,608.078,0000299,97874,osada,Błonie-gmina miejsko-wiejska,warszawski zachodni
5175,Pasternik,429.707,669.901,0680615,97894,wieś,Maciejowice-gmina miejsko-wiejska,garwoliński
5176,Pastwiska,363.551,655.580,0622569,98099,wieś,Iłża-gmina miejsko-wiejska,radomski
5177,Paszków,473.688,625.524,0005552,98283,osada,Nadarzyn-gmina wiejska,pruszkowski
5178,Pasztowa Wola,368.302,663.560,0635684,98294,wieś,Rzeczniów-gmina wiejska,lipski
5179,Pasztowa Wola-Kolonia,367.789,664.918,0635690,98295,wieś,Rzeczniów-gmina wiejska,lipski
5180,Patków,496.275,755.316,0015600,98346,wieś,Łosice-gmina miejsko-wiejska,łosicki
5181,Patków,400.160,675.940,0631083,98349,osada leśna,Pionki-gmina wiejska,radomski
5182,Patków,401.808,674.031,0631090,98347,osada leśna,Pionki-gmina wiejska,radomski
5183,Patków,400.655,678.578,0631960,98348,wieś,Policzna-gmina wiejska,zwoleński
5184,Patok,485.495,692.467,0673911,98356,wieś,Kałuszyn-gmina miejsko-wiejska,miński
5185,Patoki,450.707,590.306,0735121,98377,osada,Puszcza Mariańska-gmina wiejska,żyrardowski
5186,Patory,563.452,617.133,0121904,157912,wieś,Opinogóra Górna-gmina wiejska,ciechanowski
5187,Patrykozy,500.078,726.555,0668436,98423,wieś,Bielany-gmina wiejska,sokołowski
5188,Patrykozy-Kolonia,499.858,727.666,0668442,98425,kolonia,Bielany-gmina wiejska,sokołowski
5189,Paulinka,492.690,564.349,0566440,98452,wieś,Iłów-gmina wiejska,sochaczewski
5190,Paulinowo,523.735,623.420,0120402,98457,wieś,Nasielsk-gmina miejsko-wiejska,nowodworski
5191,Paulinowo,558.265,662.659,0989399,98456,wieś,Różan-gmina miejsko-wiejska,makowski
5192,Paulinów,525.323,723.471,0690683,98463,wieś,Sterdyń-gmina wiejska,sokołowski
5193,Pawliczka,368.443,669.714,0635721,98508,wieś,Rzeczniów-gmina wiejska,lipski
5194,Pawłowice,454.728,628.945,0009320,98558,wieś,Tarczyn-gmina miejsko-wiejska,piaseczyński
5195,Pawłowice,427.911,615.062,0629459,98560,wieś,Mogielnica-gmina miejsko-wiejska,grójecki
5196,Pawłowice,359.632,692.358,0637683,98562,wieś,Solec nad Wisłą-gmina miejsko-wiejska,lipski
5197,Pawłowice,443.839,610.648,0732750,98559,wieś,Mszczonów-gmina miejsko-wiejska,żyrardowski
5198,Pawłowice,485.792,599.938,0738970,98557,wieś,Teresin-gmina wiejska,sochaczewski
5199,Pawłowo,541.170,589.287,0111828,98591,wieś,Baboszewo-gmina wiejska,płoński
5200,Pawłowo,562.479,602.774,0124653,98589,wieś,Regimin-gmina wiejska,ciechanowski
5201,Pawłowo,581.363,599.478,0128208,98588,wieś,Szydłowo-gmina wiejska,mławski
5202,Pawłowo,529.722,631.290,0129366,98592,wieś,Winnica-gmina wiejska,pułtuski
5203,Pawłowo,555.661,535.588,0575019,98586,wieś,Sierpc-gmina wiejska,sierpecki
5204,Pawłowo Kościelne,579.801,614.608,0113187,98599,wieś,Czernice Borowe-gmina wiejska,przasnyski
5205,Pawłowo-Góry,578.559,614.645,0113201,98594,kolonia,Czernice Borowe-gmina wiejska,przasnyski
5206,Pawłowo-Poręba,579.195,615.591,0113218,98597,wieś,Czernice Borowe-gmina wiejska,przasnyski
5207,Pawłów,506.015,668.482,0521816,98615,wieś,Tłuszcz-gmina miejsko-wiejska,wołomiński
5208,Pawłów,377.875,626.632,0615925,98617,wieś,Chlewiska-gmina wiejska,szydłowiecki
5209,Pawłówek,543.740,642.985,0123228,98639,wieś,Pułtusk-gmina miejsko-wiejska,pułtuski
5210,Pawłówek,477.816,594.545,0739001,98640,wieś,Teresin-gmina wiejska,sochaczewski
5211,Pawłówek-Gajówka,543.712,643.512,0515589,175566,osada leśna,Obryte-gmina wiejska,pułtuski
5212,Pawłówka,446.960,640.271,0616787,98650,wieś,Chynów-gmina wiejska,grójecki
5213,Pawłówko,581.707,615.153,0113224,98667,wieś,Czernice Borowe-gmina wiejska,przasnyski
5214,Pawłówko,561.120,603.620,0124660,98665,wieś,Regimin-gmina wiejska,ciechanowski
5215,Pałapus,559.819,697.521,1066722,210571,wieś,Ostrów Mazowiecka-gmina wiejska,ostrowski
5216,Pałki,388.942,677.082,0643198,96608,wieś,Zwoleń-gmina miejsko-wiejska,zwoleński
5217,Pałuki,558.845,618.407,0121672,96632,wieś,Opinogóra Górna-gmina wiejska,ciechanowski
5218,Pcin,381.604,679.439,0617670,98746,wieś,Ciepielów-gmina miejsko-wiejska,lipski
5219,Pecynka,551.397,679.838,1060599,98753,osada leśna,Długosiodło-gmina wiejska,wyszkowski
5220,Pelagiów,389.008,646.600,0627288,98768,wieś,Kowala-gmina wiejska,radomski
5221,Pelinów,431.476,614.049,0615090,98774,wieś,Błędów-gmina wiejska,grójecki
5222,Pelinów,433.060,634.404,0632993,98775,wieś,Promna-gmina wiejska,białobrzeski
5223,Pepłowo,595.415,596.052,0128958,98842,wieś,Wieczfnia Kościelna-gmina wiejska,mławski
5224,Pepłowo,517.557,563.042,0560667,98843,wieś,Bodzanów-gmina miejsko-wiejska,płocki
5225,Perki,511.917,573.863,0570921,98871,wieś,Mała Wieś-gmina wiejska,płocki
5226,Perzanki-Borek,582.803,648.110,0511982,98917,wieś,Krasnosielc-gmina wiejska,makowski
5227,Perzanowo,559.483,651.242,0508767,98918,wieś,Czerwonka-gmina wiejska,makowski
5228,Petrykozy,545.644,558.914,0579879,98942,wieś,Zawidz-gmina wiejska,sierpecki
5229,Petrykozy,455.186,614.469,0740613,98943,wieś,Żabia Wola-gmina wiejska,grodziski
5230,Pełczanka,482.341,686.661,0669111,98787,wieś,Cegłów-gmina miejsko-wiejska,miński
5231,Pełki,569.399,568.322,0112153,98812,wieś,Bieżuń-gmina miejsko-wiejska,żuromiński
5232,Pełty,618.538,649.301,0514992,98826,wieś,Myszyniec-gmina miejsko-wiejska,ostrołęcki
5233,Pianki,564.263,548.239,0574221,99145,wieś,Rościszewo-gmina wiejska,sierpecki
5234,Pianowo-Bargły,529.757,622.176,0120425,99150,wieś,Nasielsk-gmina miejsko-wiejska,nowodworski
5235,Pianowo-Daczki,529.985,623.018,0120431,99151,wieś,Nasielsk-gmina miejsko-wiejska,nowodworski
5236,Piasecznia,599.941,659.386,0511315,99177,wieś,Kadzidło-gmina wiejska,ostrołęcki
5237,Piasecznia,602.975,659.429,0511350,168364,osada leśna,Kadzidło-gmina wiejska,ostrołęcki
5238,Piaseczno,407.172,649.061,0625071,99225,wieś,Jedlińsk-gmina wiejska,radomski
5239,Piaseczno,441.802,651.446,0640484,99222,wieś,Warka-gmina miejsko-wiejska,grójecki
5240,Piaseczno,474.766,688.173,0669134,99221,wieś,Cegłów-gmina miejsko-wiejska,miński
5241,Piaseczno,469.660,638.869,0921438,99220,miasto,Piaseczno-gmina miejsko-wiejska,piaseczyński
5242,Piaski,468.725,649.649,0004009,99382,wieś,Konstancin-Jeziorna-gmina miejsko-wiejska,piaseczyński
5243,Piaski,508.445,555.414,0563980,99375,wieś,Gąbin-gmina miejsko-wiejska,płocki
5244,Piaski,551.954,543.325,0575031,99351,wieś,Sierpc-gmina wiejska,sierpecki
5245,Piaski,408.449,608.005,0630178,99420,wieś,Odrzywół-gmina miejsko-wiejska,przysuski
5246,Piaski,445.734,688.053,0671830,99415,wieś,Górzno-gmina wiejska,garwoliński
5247,Piaski,511.733,677.345,0692044,99396,wieś,Strachówka-gmina wiejska,wołomiński
5248,Piaski,396.620,603.869,1057769,199643,osada,Gielniów-gmina miejsko-wiejska,przysuski
5249,Piaski Duchowne,501.487,595.635,0009774,99643,wieś,Brochów-gmina wiejska,sochaczewski
5250,Piaski Królewskie,500.821,595.789,0009780,99646,wieś,Brochów-gmina wiejska,sochaczewski
5251,Piasków,359.290,677.131,0636620,99771,wieś,Sienno-gmina miejsko-wiejska,lipski
5252,Piastowo,590.270,621.414,0512600,99817,wieś,Krzynowłoga Mała-gmina wiejska,przasnyski
5253,Piastów,404.030,645.833,0625102,99819,wieś,Jedlińsk-gmina wiejska,radomski
5254,Piastów,441.665,692.616,0696929,99818,wieś,Żelechów-gmina miejsko-wiejska,garwoliński
5255,Piastów,481.414,625.752,0921496,99816,miasto,Piastów-gmina miejska,pruszkowski
5256,Piechy,570.997,617.933,0113299,99996,kolonia,Czernice Borowe-gmina wiejska,przasnyski
5257,Pieczyska,580.411,651.457,0511999,100083,wieś,Krasnosielc-gmina wiejska,makowski
5258,Pieczyska,452.582,638.921,0616793,100084,wieś,Chynów-gmina wiejska,grójecki
5259,Pieczyska Iłowskie,501.293,569.195,0566457,100099,wieś,Iłów-gmina wiejska,sochaczewski
5260,Pieczyska Łowickie,501.378,570.850,0566470,100100,wieś,Iłów-gmina wiejska,sochaczewski
5261,Piegłowo-Kolonia,576.306,602.917,0128214,100112,wieś,Szydłowo-gmina wiejska,mławski
5262,Piegłowo-Wieś,576.890,602.731,0128220,100113,wieś,Szydłowo-gmina wiejska,mławski
5263,Piekarowo,450.766,605.349,0732766,100131,wieś,Mszczonów-gmina miejsko-wiejska,żyrardowski
5264,Piekarty,428.999,630.401,0633001,100142,wieś,Promna-gmina wiejska,białobrzeski
5265,Piekary,451.329,605.664,0732772,100151,wieś,Mszczonów-gmina miejsko-wiejska,żyrardowski
5266,Piekiełko,442.532,628.108,0622374,100238,wieś,Grójec-gmina miejsko-wiejska,grójecki
5267,Piekut,447.958,646.645,0616801,100384,wieś,Chynów-gmina wiejska,grójecki
5268,Pienice,574.457,647.707,0512020,100442,wieś,Krasnosielc-gmina wiejska,makowski
5269,Pieryszew,493.240,539.013,0577969,100776,wieś,Szczawin Kościelny-gmina wiejska,gostyniński
5270,Pierzchały,581.401,618.961,0113247,100785,wieś,Czernice Borowe-gmina wiejska,przasnyski
5271,Pierzchały,499.527,704.115,0677984,100786,wieś,Liw-gmina wiejska,węgrowski
5272,Pierzchnia,413.430,633.470,0638205,100790,wieś,Stara Błotnica-gmina wiejska,białobrzeski
5273,Pieróg,481.690,711.410,0676803,100692,wieś,Kotuń-gmina wiejska,siedlecki
5274,Pietrusin,422.751,642.397,0638949,100906,wieś,Stromiec-gmina wiejska,białobrzeski
5275,Pietrusy,483.689,751.596,0016716,100911,wieś,Olszanka-gmina wiejska,łosicki
5276,Pietrzyk,576.258,549.376,0119267,100938,wieś,Lutocin-gmina wiejska,żuromiński
5277,Pieńki,508.141,660.789,0511580,100497,wieś,Klembów-gmina wiejska,wołomiński
5278,Pieńki,552.724,700.367,0517140,100492,kolonia,Ostrów Mazowiecka-gmina wiejska,ostrowski
5279,Pieńki,376.282,656.204,0623215,100548,wieś,Iłża-gmina miejsko-wiejska,radomski
5280,Pieńki,469.572,719.771,0670829,100507,wieś,Domanice-gmina wiejska,siedlecki
5281,Pieńki,484.573,703.428,0676795,100503,wieś,Kotuń-gmina wiejska,siedlecki
5282,Pieńki,498.601,712.554,0682241,100522,wieś,Mokobody-gmina wiejska,siedlecki
5283,Pieńki,486.236,736.289,0682494,100506,wieś,Mordy-gmina miejsko-wiejska,siedlecki
5284,Pieńki,479.038,715.116,0687505,195023,kolonia,Skórzec-gmina wiejska,siedlecki
5285,Pieńki Osuchowskie,451.423,608.485,0732789,100610,wieś,Mszczonów-gmina miejsko-wiejska,żyrardowski
5286,Pieńki Ośnickie,515.787,552.556,0575686,193932,osada,Słupno-gmina wiejska,płocki
5287,Pieńki Rzewińskie,543.025,587.317,0111834,100614,wieś,Baboszewo-gmina wiejska,płoński
5288,Pieńki Rzewińskie,544.102,587.674,0111840,194029,kolonia,Baboszewo-gmina wiejska,płoński
5289,Pieńki Suchodolskie,517.975,720.186,0685653,100619,wieś,Sabnie-gmina wiejska,sokołowski
5290,Pieńki Słubickie,459.625,610.896,0740620,100617,wieś,Żabia Wola-gmina wiejska,grodziski
5291,Pieńki Wielkie,553.660,718.536,0394766,100623,wieś,Andrzejewo-gmina wiejska,ostrowski
5292,Pieńki Zarębskie,459.915,617.257,0740636,100625,wieś,Żabia Wola-gmina wiejska,grodziski
5293,Pieńki-Sobótki,554.441,716.731,0394750,100581,wieś,Andrzejewo-gmina wiejska,ostrowski
5294,Pieńki-Strzyże,453.689,608.330,0732795,100582,wieś,Mszczonów-gmina miejsko-wiejska,żyrardowski
5295,Pieńki-Towarzystwo,461.528,600.272,0735411,100583,wieś,Radziejowice-gmina wiejska,żyrardowski
5296,Pieńki-Żaki,555.405,718.387,0394772,100584,wieś,Andrzejewo-gmina wiejska,ostrowski
5297,Pieńków,502.490,623.262,0001420,100634,wieś,Czosnów-gmina wiejska,nowodworski
5298,Pieńpole,568.386,594.399,0127456,100637,wieś,Stupsk-gmina wiejska,mławski
5299,Pieścidła,512.648,596.798,0119534,100853,wieś,Naruszewo-gmina wiejska,płoński
5300,Pijawnia,554.902,567.958,0125492,101051,wieś,Siemiątkowo-gmina wiejska,żuromiński
5301,Pilaszków,486.834,614.441,0005990,101096,wieś,Ożarów Mazowiecki-gmina miejsko-wiejska,warszawski zachodni
5302,Pilawa,465.654,642.885,0006468,101099,wieś,Piaseczno-gmina miejsko-wiejska,piaseczyński
5303,Pilawa,464.437,641.238,0006474,101100,osada leśna,Piaseczno-gmina miejsko-wiejska,piaseczyński
5304,Pilawa,457.757,674.000,0975753,101101,miasto,Pilawa-gmina miejsko-wiejska,garwoliński
5305,Pilawice,486.336,592.994,0738527,101103,wieś,Sochaczew-gmina wiejska,sochaczewski
5306,Pilica,440.500,655.850,0640490,101145,wieś,Warka-gmina miejsko-wiejska,grójecki
5307,Pilichowo,522.677,577.348,0561603,101154,wieś,Bulkowo-gmina wiejska,płocki
5308,Pilichówko,523.783,577.973,0561632,101158,wieś,Bulkowo-gmina wiejska,płocki
5309,Pilitowo,526.320,594.821,0122134,101165,wieś,Płońsk-gmina wiejska,płoński
5310,Pindal,491.929,592.504,0003234,101292,wieś,Kampinos-gmina wiejska,warszawski zachodni
5311,Pionki,403.866,670.092,0973748,101339,miasto,Pionki-gmina miejska,radomski
5312,Piorunów,482.821,606.949,0000307,101351,wieś,Błonie-gmina miejsko-wiejska,warszawski zachodni
5313,Piotrkowice,421.918,676.101,0627680,101372,wieś,Kozienice-gmina miejsko-wiejska,kozienicki
5314,Piotrkowice,456.953,613.471,0740642,101371,wieś,Żabia Wola-gmina wiejska,grodziski
5315,Piotrkówek,504.455,565.597,0575491,101512,wieś,Słubice-gmina wiejska,płocki
5316,Piotrkówek Duży,485.993,625.128,0006020,101402,wieś,Ożarów Mazowiecki-gmina miejsko-wiejska,warszawski zachodni
5317,Piotrkówek Mały,485.835,624.234,0006014,101403,wieś,Ożarów Mazowiecki-gmina miejsko-wiejska,warszawski zachodni
5318,Piotrowe Pole,360.456,660.410,0623267,101412,wieś,Iłża-gmina miejsko-wiejska,radomski
5319,Piotrowice,462.155,656.100,0003636,101428,wieś,Karczew-gmina miejsko-wiejska,otwocki
5320,Piotrowice,397.019,660.924,0625504,101431,wieś,Jedlnia-Letnisko-gmina miejsko-wiejska,radomski
5321,Piotrowina,486.754,700.288,0673928,101465,wieś,Kałuszyn-gmina miejsko-wiejska,miński
5322,Piotrowo,571.737,696.550,0508342,101486,wieś,Czerwin-gmina wiejska,ostrołęcki
5323,Piotrowo,518.954,555.688,0575798,101484,wieś,Słupno-gmina wiejska,płocki
5324,Piotrów,507.734,520.087,0564406,101500,wieś,Gostynin-gmina wiejska,gostyniński
5325,Piotrów,493.553,573.239,0566486,101501,wieś,Iłów-gmina wiejska,sochaczewski
5326,Piotrów,429.444,637.364,0633030,101502,wieś,Promna-gmina wiejska,białobrzeski
5327,Piotrówek,424.806,693.086,0692558,101514,wieś,Trojanów-gmina wiejska,garwoliński
5328,Piróg,418.312,644.241,0638955,101563,wieś,Stromiec-gmina wiejska,białobrzeski
5329,Piski,573.614,691.972,0508359,101638,wieś,Czerwin-gmina wiejska,ostrołęcki
5330,Piskornia,527.856,636.590,0122855,101648,wieś,Pokrzywnica-gmina wiejska,pułtuski
5331,Piskornica,394.387,664.530,0621370,101653,wieś,Gózd-gmina wiejska,radomski
5332,Piskorzec,495.376,570.751,0566492,101683,wieś,Iłów-gmina wiejska,sochaczewski
5333,Piskórka,460.036,637.506,0007367,101710,wieś,Prażmów-gmina wiejska,piaseczyński
5334,Piwonin,453.429,656.832,0687764,101832,wieś,Sobienie-Jeziory-gmina wiejska,otwocki
5335,Pióry Wielkie,479.741,743.853,0682519,101545,wieś,Mordy-gmina miejsko-wiejska,siedlecki
5336,Pióry-Pytki,479.612,744.819,0682502,101544,wieś,Mordy-gmina miejsko-wiejska,siedlecki
5337,Piączyn,526.985,575.278,0576734,99874,wieś,Staroźreby-gmina miejsko-wiejska,płocki
5338,Piątkowizna,622.123,671.469,0513774,99912,wieś,Łyse-gmina wiejska,ostrołęcki
5339,Piątków,400.820,689.460,0631982,99922,wieś,Policzna-gmina wiejska,zwoleński
5340,Piłatka,368.665,659.968,0623238,101244,wieś,Iłża-gmina miejsko-wiejska,radomski
5341,Placusin-Gajówka,537.290,654.045,0515425,194266,osada leśna,Obryte-gmina wiejska,pułtuski
5342,Platerów,499.992,760.139,0017590,101939,wieś,Platerów-gmina wiejska,łosicki
5343,Plebanka,505.506,552.994,0563996,101981,wieś,Gąbin-gmina miejsko-wiejska,płocki
5344,Plec,395.731,624.527,0640774,102029,wieś,Wieniawa-gmina wiejska,przysuski
5345,Plecewice,491.375,588.444,0009797,102031,wieś,Brochów-gmina wiejska,sochaczewski
5346,Plewica,547.560,658.046,0519073,102077,wieś,Rząśnik-gmina wiejska,wyszkowski
5347,Plewki,553.226,677.825,0509695,102090,wieś,Długosiodło-gmina wiejska,wyszkowski
5348,Plewki,606.724,673.766,0513780,102092,wieś,Łyse-gmina wiejska,ostrołęcki
5349,Plewniak,488.928,606.378,0004512,102096,wieś,Leszno-gmina wiejska,warszawski zachodni
5350,Plewnik,590.668,624.602,0512616,102098,wieś,Krzynowłoga Mała-gmina wiejska,przasnyski
5351,Pliszki,495.144,739.943,0683536,102138,wieś,Paprotnia-gmina wiejska,siedlecki
5352,Pluskocin,527.590,580.908,0113951,102170,wieś,Dzierzążnia-gmina wiejska,płoński
5353,Pluty,497.094,737.340,0683542,102192,wieś,Paprotnia-gmina wiejska,siedlecki
5354,Pluty,467.500,724.351,0694563,102191,wieś,Wiśniew-gmina wiejska,siedlecki
5355,Pnie,429.070,635.429,0633047,102747,wieś,Promna-gmina wiejska,białobrzeski
5356,Pniewiski,497.783,741.440,0684576,102757,wieś,Przesmyki-gmina wiejska,siedlecki
5357,Pniewnik,504.424,690.801,0675666,102766,wieś,Korytnica-gmina wiejska,węgrowski
5358,Pniewo,526.301,624.232,0120460,102779,wieś,Nasielsk-gmina miejsko-wiejska,nowodworski
5359,Pniewo,534.096,652.624,0523991,102780,wieś,Zatory-gmina wiejska,pułtuski
5360,Pniewo Wielkie,565.841,600.218,0124713,102787,wieś,Regimin-gmina wiejska,ciechanowski
5361,Pniewo-Czeruchy,564.388,600.698,0124676,102782,wieś,Regimin-gmina wiejska,ciechanowski
5362,Pniewo-Gajówka,532.528,651.834,0524000,170817,osada leśna,Zatory-gmina wiejska,pułtuski
5363,Pniewo-Kolonia,534.891,652.188,0524022,102784,wieś,Zatory-gmina wiejska,pułtuski
5364,Pniewo-Leśniczówka,532.636,654.247,0524016,102785,osada leśna,Zatory-gmina wiejska,pułtuski
5365,Pniewy,450.667,619.530,0631580,102801,wieś,Pniewy-gmina wiejska,grójecki
5366,Pniowe,461.134,596.414,0734950,102810,wieś,Puszcza Mariańska-gmina wiejska,żyrardowski
5367,Pobiedna,418.080,610.486,0629703,102834,wieś,Nowe Miasto nad Pilicą-gmina miejsko-wiejska,grójecki
5368,Pobodze,592.645,608.683,0114301,102864,przysiółek,Dzierzgowo-gmina wiejska,mławski
5369,Pobratymy,495.193,703.814,0672202,102888,wieś,Grębków-gmina wiejska,węgrowski
5370,Pobyłkowo Duże,523.018,636.667,0122861,102897,wieś,Pokrzywnica-gmina wiejska,pułtuski
5371,Pobyłkowo Duże,523.013,636.689,0122878,194304,kolonia,Pokrzywnica-gmina wiejska,pułtuski
5372,Pobyłkowo Małe,522.846,637.937,0122884,102898,wieś,Pokrzywnica-gmina wiejska,pułtuski
5373,Pobyłkowo Małe,523.211,639.126,0122890,194300,osada leśna,Pokrzywnica-gmina wiejska,pułtuski
5374,Pociecha,497.254,620.079,1056356,102920,osada leśna,Czosnów-gmina wiejska,nowodworski
5375,Poczernin,523.488,597.700,0122140,102963,wieś,Płońsk-gmina wiejska,płoński
5376,Pod Lasem,373.668,654.804,1055368,236270,osada,Iłża-gmina miejsko-wiejska,radomski
5377,Pod Michałowem,366.466,667.939,0635862,193007,osada,Rzeczniów-gmina wiejska,lipski
5378,Podatkówek,488.667,545.594,0572819,103863,wieś,Pacyna-gmina wiejska,gostyniński
5379,Podawce,497.425,736.085,0683559,103866,wieś,Paprotnia-gmina wiejska,siedlecki
5380,Podbale,514.290,684.131,0673294,103876,wieś,Jadów-gmina miejsko-wiejska,wołomiński
5381,Podbiel,463.446,662.442,0000980,103891,wieś,Celestynów-gmina wiejska,otwocki
5382,Podbiele,563.242,699.605,0520610,103898,wieś,Stary Lubotyń-gmina wiejska,ostrowski
5383,Podbielko,564.791,701.150,0520627,103904,wieś,Stary Lubotyń-gmina wiejska,ostrowski
5384,Podborze,555.226,697.779,0516904,103972,wieś,Ostrów Mazowiecka-gmina wiejska,ostrowski
5385,Podborze,560.507,658.060,0518665,103970,wieś,Różan-gmina miejsko-wiejska,makowski
5386,Podbuszyce,473.876,596.902,0739515,104075,wieś,Wiskitki-gmina miejsko-wiejska,żyrardowski
5387,Podciernie,473.691,691.517,0669163,104128,wieś,Cegłów-gmina miejsko-wiejska,miński
5388,Podczachy,493.026,550.992,0572825,104137,wieś,Pacyna-gmina wiejska,gostyniński
5389,Podczasza Wola,408.190,615.979,0626751,104147,wieś,Klwów-gmina wiejska,przysuski
5390,Poddębie,514.511,629.497,0008579,104170,wieś,Wieliszew-gmina wiejska,legionowski
5391,Podebłocie,423.572,690.658,0692564,104237,wieś,Trojanów-gmina wiejska,garwoliński
5392,Podgaje,417.541,643.109,0638636,104343,wieś,Stromiec-gmina wiejska,białobrzeski
5393,Podgać,521.509,671.419,0523643,104302,wieś,Zabrodzie-gmina wiejska,wyszkowski
5394,Podgóra,453.156,653.526,0001940,104421,wieś,Góra Kalwaria-gmina miejsko-wiejska,piaseczyński
5395,Podgóra,392.800,669.864,0621392,104423,wieś,Gózd-gmina wiejska,radomski
5396,Podgórki,378.615,651.890,0641012,104441,wieś,Wierzbica-gmina wiejska,radomski
5397,Podgórze,604.356,657.350,0511367,104515,wieś,Kadzidło-gmina wiejska,ostrołęcki
5398,Podgórze,603.587,657.826,0511373,193300,osada leśna,Kadzidło-gmina wiejska,ostrołęcki
5399,Podgórze,508.221,535.270,0564748,104508,wieś,Gostynin-gmina wiejska,gostyniński
5400,Podgórze,505.259,570.626,0570944,104513,wieś,Mała Wieś-gmina wiejska,płocki
5401,Podgórze,374.442,668.956,0617717,104532,wieś,Ciepielów-gmina miejsko-wiejska,lipski
5402,Podgórze,413.104,624.901,0634963,104525,wieś,Radzanów-gmina wiejska,białobrzeski
5403,Podgórze-Gazdy,541.557,711.077,0514472,104610,wieś,Małkinia Górna-gmina miejsko-wiejska,ostrowski
5404,Podgórze-Parcele,506.574,571.244,0570967,104612,wieś,Mała Wieś-gmina wiejska,płocki
5405,Podgórzno,470.537,674.827,0674840,104617,wieś,Kołbiel-gmina wiejska,otwocki
5406,Podgórzyce,448.499,654.062,0640509,104619,wieś,Warka-gmina miejsko-wiejska,grójecki
5407,Podkampinos,488.761,599.405,0003286,104798,wieś,Kampinos-gmina wiejska,warszawski zachodni
5408,Podkole,539.451,697.106,1059917,104840,kolonia,Sadowne-gmina wiejska,węgrowski
5409,Podkowa Leśna,474.389,618.059,0921504,104903,miasto,Podkowa Leśna-gmina miejska,grodziski
5410,Podkońce,365.429,663.775,0635744,104855,wieś,Rzeczniów-gmina wiejska,lipski
5411,Podkończyce,391.864,642.577,0641549,104857,przysiółek,Wolanów-gmina wiejska,radomski
5412,Podkrajewo,579.319,586.512,0129656,104916,wieś,Wiśniewo-gmina wiejska,mławski
5413,Podkupientyn,511.062,721.958,0689007,104942,kolonia,Sokołów Podlaski-gmina wiejska,sokołowski
5414,Podlaliny,459.654,695.299,0668809,192321,kolonia,Borowie-gmina wiejska,garwoliński
5415,Podlasie,507.630,541.464,0569639,105092,wieś,Łąck-gmina wiejska,płocki
5416,Podlasie,464.733,603.994,0735428,105096,wieś,Radziejowice-gmina wiejska,żyrardowski
5417,Podlesie,562.246,532.954,0578549,105210,wieś,Szczutowo-gmina wiejska,sierpecki
5418,Podlesie,412.195,623.643,0634957,105230,wieś,Radzanów-gmina wiejska,białobrzeski
5419,Podlesie,391.377,641.618,0641532,105232,wieś,Wolanów-gmina wiejska,radomski
5420,Podlesie Duże,420.272,648.955,0639080,105541,wieś,Stromiec-gmina wiejska,białobrzeski
5421,Podlesie Małe,420.948,649.924,0639096,105550,wieś,Stromiec-gmina wiejska,białobrzeski
5422,Podlesie Mleczkowskie,397.659,640.248,0642603,105552,wieś,Zakrzew-gmina wiejska,radomski
5423,Podlindowo,451.317,604.318,0732803,105625,wieś,Mszczonów-gmina miejsko-wiejska,żyrardowski
5424,Podlinówek,392.815,674.820,0643212,196567,wieś,Zwoleń-gmina miejsko-wiejska,zwoleński
5425,Podmarszczyn,523.322,580.458,0113974,105830,wieś,Dzierzążnia-gmina wiejska,płoński
5426,Podmieście,418.006,659.401,0619722,105846,wieś,Głowaczów-gmina miejsko-wiejska,kozienicki
5427,Podmieście,403.727,698.381,0620116,105845,wieś,Gniewoszów-gmina wiejska,kozienicki
5428,Podmyszadła,514.449,682.457,0673319,105876,wieś,Jadów-gmina miejsko-wiejska,wołomiński
5429,Podnieśno,496.360,720.578,0692239,105888,wieś,Suchożebry-gmina wiejska,siedlecki
5430,Podoblin,429.700,674.534,0680644,105906,wieś,Maciejowice-gmina miejsko-wiejska,garwoliński
5431,Podolany,372.066,673.093,0617730,105923,wieś,Ciepielów-gmina miejsko-wiejska,lipski
5432,Podole,452.666,627.139,0622380,105935,wieś,Grójec-gmina miejsko-wiejska,grójecki
5433,Podolszyn,473.754,632.827,0004989,105975,wieś,Lesznowola-gmina wiejska,piaseczyński
5434,Podolszyn Nowy,474.619,633.263,0008036,105976,wieś,Raszyn-gmina wiejska,pruszkowski
5435,Podoryszew,473.413,595.399,0739521,106006,wieś,Wiskitki-gmina miejsko-wiejska,żyrardowski
5436,Podosowa,451.676,652.615,0001985,106019,wieś,Góra Kalwaria-gmina miejsko-wiejska,piaseczyński
5437,Podrochale,487.544,605.732,0004529,106100,wieś,Leszno-gmina wiejska,warszawski zachodni
5438,Podrogów,510.383,724.099,0689020,106101,kolonia,Sokołów Podlaski-gmina wiejska,sokołowski
5439,Podrudzie,480.325,670.321,0681900,106111,wieś,Mińsk Mazowiecki-gmina wiejska,miński
5440,Podskwarne,475.346,690.782,0669170,106217,wieś,Cegłów-gmina miejsko-wiejska,miński
5441,Podsmardzewo,538.534,595.761,0125902,106221,wieś,Sochocin-gmina miejsko-wiejska,płoński
5442,Podsmardzewo-Grzeszówka,539.432,595.385,1057404,199642,kolonia,Sochocin-gmina miejsko-wiejska,płoński
5443,Podstolice,428.790,671.987,0680650,106283,wieś,Maciejowice-gmina miejsko-wiejska,garwoliński
5444,Podsuchodół,519.011,724.307,1065898,198361,kolonia,Sabnie-gmina wiejska,sokołowski
5445,Podsuliszka,377.101,653.770,0637335,106301,wieś,Skaryszew-gmina miejsko-wiejska,radomski
5446,Podsusze,493.823,701.091,0672219,106304,wieś,Grębków-gmina wiejska,węgrowski
5447,Poduchowne,378.830,671.535,0626188,67765,osada,Kazanów-gmina miejsko-wiejska,zwoleński
5448,Podwierzbie,555.117,538.486,0575054,106469,wieś,Sierpc-gmina wiejska,sierpecki
5449,Podwierzbie,433.922,668.833,0680667,106471,wieś,Maciejowice-gmina miejsko-wiejska,garwoliński
5450,Podwólka,411.661,617.784,0626691,194157,osada,Klwów-gmina wiejska,przysuski
5451,Podzagajnik,391.445,676.668,0643293,106551,wieś,Zwoleń-gmina miejsko-wiejska,zwoleński
5452,Podzakrzówek,386.244,669.551,0639854,106557,wieś,Tczów-gmina wiejska,zwoleński
5453,Podzamcze,429.179,678.966,0680680,106569,osada,Maciejowice-gmina miejsko-wiejska,garwoliński
5454,Podzdrój,469.663,717.939,0670835,25746,wieś,Domanice-gmina wiejska,siedlecki
5455,Podłęcze,465.271,651.676,0001956,105746,wieś,Góra Kalwaria-gmina miejsko-wiejska,piaseczyński
5456,Podłęż,433.761,670.689,0680621,105750,wieś,Maciejowice-gmina miejsko-wiejska,garwoliński
5457,Pogonów,472.717,737.923,0696591,106670,wieś,Zbuczyn-gmina wiejska,siedlecki
5458,Pogorzałki,457.605,607.139,0732453,106712,wieś,Mszczonów-gmina miejsko-wiejska,żyrardowski
5459,Pogorzel,472.861,660.154,0001040,106734,wieś,Celestynów-gmina wiejska,otwocki
5460,Pogorzel,592.062,599.795,0128970,106731,wieś,Wieczfnia Kościelna-gmina wiejska,mławski
5461,Pogorzel,458.200,664.071,0683269,106736,wieś,Osieck-gmina miejsko-wiejska,otwocki
5462,Pogorzel,474.783,677.437,0687250,106735,wieś,Siennica-gmina miejsko-wiejska,miński
5463,Pogorzel,518.866,713.291,0689036,106737,wieś,Sokołów Podlaski-gmina wiejska,sokołowski
5464,Pogorzelec,525.958,642.533,0122909,106777,wieś,Pokrzywnica-gmina wiejska,pułtuski
5465,Pogorzelec,523.227,676.844,0679167,106779,wieś,Łochów-gmina miejsko-wiejska,węgrowski
5466,Pogorzelec,432.583,678.533,0680696,106781,wieś,Maciejowice-gmina miejsko-wiejska,garwoliński
5467,Pogroszew,486.433,619.256,0006072,106833,wieś,Ożarów Mazowiecki-gmina miejsko-wiejska,warszawski zachodni
5468,Pogroszew-Kolonia,486.756,617.581,0006089,106834,wieś,Ożarów Mazowiecki-gmina miejsko-wiejska,warszawski zachodni
5469,Pogroszyn,385.663,625.344,0640780,106835,wieś,Wieniawa-gmina wiejska,przysuski
5470,Pohulanka,421.749,641.182,0614618,106879,wieś,Białobrzegi-gmina miejsko-wiejska,białobrzeski
5471,Pokojewo,565.385,620.649,0121703,106926,wieś,Opinogóra Górna-gmina wiejska,ciechanowski
5472,Pokrytki,564.651,590.341,0126994,106950,wieś,Strzegowo-gmina wiejska,mławski
5473,Pokrzywna,424.822,641.691,0638978,106980,wieś,Stromiec-gmina wiejska,białobrzeski
5474,Pokrzywnica,530.182,636.713,0122915,106999,wieś,Pokrzywnica-gmina wiejska,pułtuski
5475,Pokrzywnica,564.873,675.215,0510304,107001,wieś,Goworowo-gmina wiejska,ostrołęcki
5476,Pokrzywnik,495.330,687.552,0670479,107016,wieś,Dobre-gmina miejsko-wiejska,miński
5477,Polaki,485.123,709.185,0676810,107090,wieś,Kotuń-gmina wiejska,siedlecki
5478,Polanka,569.375,609.642,0115625,107196,przysiółek,Grudusk-gmina wiejska,ciechanowski
5479,Polany,375.533,647.572,0641035,107283,wieś,Wierzbica-gmina wiejska,radomski
5480,Polany-Kolonia,375.714,646.074,0641064,107296,wieś,Wierzbica-gmina wiejska,radomski
5481,Pole,365.986,671.007,0635827,193010,kolonia,Rzeczniów-gmina wiejska,lipski
5482,Polesie,544.024,588.129,0111857,107374,wieś,Baboszewo-gmina wiejska,płoński
5483,Polesie,506.158,525.882,0564754,107373,wieś,Gostynin-gmina wiejska,gostyniński
5484,Polewicz,446.153,665.825,0693842,107429,wieś,Wilga-gmina wiejska,garwoliński
5485,Policzna,401.020,682.256,0631999,107475,wieś,Policzna-gmina wiejska,zwoleński
5486,Polik,562.937,552.422,0574238,107494,wieś,Rościszewo-gmina wiejska,sierpecki
5487,Polik,431.323,679.195,0680710,107495,wieś,Maciejowice-gmina miejsko-wiejska,garwoliński
5488,Politów,385.177,620.994,0615457,107509,wieś,Borkowice-gmina wiejska,przysuski
5489,Polkowo,526.800,695.608,0691100,107535,wieś,Stoczek-gmina wiejska,węgrowski
5490,Polków-Daćbogi,495.321,705.986,0672254,107541,wieś,Grębków-gmina wiejska,węgrowski
5491,Polków-Sagały,495.800,699.602,0672260,107542,wieś,Grębków-gmina wiejska,węgrowski
5492,Polny Młyn,576.436,629.760,0518091,107577,wieś,Przasnysz-gmina wiejska,przasnyski
5493,Pomarzanki,500.713,520.615,0564760,107929,wieś,Gostynin-gmina wiejska,gostyniński
5494,Pomaski Małe,552.418,639.512,0521294,107841,wieś,Szelków-gmina wiejska,makowski
5495,Pomaski Wielkie,552.215,640.876,0521302,107842,wieś,Szelków-gmina wiejska,makowski
5496,Pomian,570.695,695.625,0508365,107844,wieś,Czerwin-gmina wiejska,ostrołęcki
5497,Pomianowo,527.963,579.321,0113980,107852,wieś,Dzierzążnia-gmina wiejska,płoński
5498,Pomianowo-Dzierki,527.977,577.936,0113997,28773,wieś,Dzierzążnia-gmina wiejska,płoński
5499,Pomiechowo,512.719,617.854,0006853,107877,wieś,Pomiechówek-gmina wiejska,nowodworski
5500,Pomiechówek,513.209,617.717,0006860,107878,wieś,Pomiechówek-gmina wiejska,nowodworski
5501,Pomocnia,519.456,612.368,0006876,107906,wieś,Pomiechówek-gmina wiejska,nowodworski
5502,Pomocnia,528.913,634.660,0122921,107905,wieś,Pokrzywnica-gmina wiejska,pułtuski
5503,Pomorzany,375.259,649.275,0641087,107934,wieś,Wierzbica-gmina wiejska,radomski
5504,Pomorzany-Kolonia,377.013,647.877,0641101,107938,wieś,Wierzbica-gmina wiejska,radomski
5505,Pomorze,557.412,614.211,0121749,107939,wieś,Opinogóra Górna-gmina wiejska,ciechanowski
5506,Pomyków,390.967,612.150,0633900,107959,wieś,Przysucha-gmina miejsko-wiejska,przysuski
5507,Poniatowo,576.010,558.375,0130286,107989,wieś,Żuromin-gmina miejsko-wiejska,żuromiński
5508,Poniatowo,535.021,705.235,0514489,107990,wieś,Małkinia Górna-gmina miejsko-wiejska,ostrowski
5509,Poniaty Wielkie,528.110,627.735,0129389,108010,wieś,Winnica-gmina wiejska,pułtuski
5510,Poniaty-Cibory,529.305,627.170,0129372,108009,wieś,Winnica-gmina wiejska,pułtuski
5511,Poniatów,511.227,630.319,0008600,107996,osada leśna,Wieliszew-gmina wiejska,legionowski
5512,Ponikiew,542.177,643.280,0123257,108027,wieś,Pułtusk-gmina miejsko-wiejska,pułtuski
5513,Ponikiew Duża,558.606,671.155,0510310,108030,wieś,Goworowo-gmina wiejska,ostrołęcki
5514,Ponikiew Mała,558.481,673.310,0510327,108031,wieś,Goworowo-gmina wiejska,ostrołęcki
5515,Ponikiew Wielka,564.378,654.460,0508773,108033,wieś,Czerwonka-gmina wiejska,makowski
5516,Ponikiew-Leśniczówka,540.832,643.388,0515342,2980,osada leśna,Obryte-gmina wiejska,pułtuski
5517,Ponikwa,405.185,680.254,0618705,108045,wieś,Garbatka-Letnisko-gmina wiejska,kozienicki
5518,Ponurzyca,462.853,666.002,0683306,108061,wieś,Celestynów-gmina wiejska,otwocki
5519,Popielarka,563.885,642.357,0517520,108094,wieś,Płoniawy-Bramura-gmina wiejska,makowski
5520,Popielarnia,551.374,688.838,0516927,108097,wieś,Ostrów Mazowiecka-gmina wiejska,ostrowski
5521,Popielarnia,466.110,587.536,0739538,108098,wieś,Wiskitki-gmina miejsko-wiejska,żyrardowski
5522,Popielarze,517.896,644.899,0007746,108109,wieś,Radzymin-gmina miejsko-wiejska,wołomiński
5523,Popielów,509.195,700.365,0678009,108162,wieś,Liw-gmina wiejska,węgrowski
5524,Popielżyn Dolny,527.014,609.803,0120939,108173,wieś,Nowe Miasto-gmina miejsko-wiejska,płoński
5525,Popielżyn Górny,526.898,608.242,0116688,108175,wieś,Joniec-gmina wiejska,płoński
5526,Popielżyn-Zawady,525.832,609.490,0116694,108171,wieś,Joniec-gmina wiejska,płoński
5527,Popowice,430.231,616.380,0629471,108276,wieś,Mogielnica-gmina miejsko-wiejska,grójecki
5528,Popowo Borowe,522.246,628.467,0120477,108310,wieś,Nasielsk-gmina miejsko-wiejska,nowodworski
5529,Popowo Kościelne,521.173,648.351,0520248,108314,wieś,Somianka-gmina wiejska,wyszkowski
5530,Popowo-Letnisko,522.591,645.350,0520082,108307,kolonia,Somianka-gmina wiejska,wyszkowski
5531,Popowo-Parcele,520.904,647.325,0520260,108308,wieś,Somianka-gmina wiejska,wyszkowski
5532,Popowo-Północ,523.607,628.716,0120490,108309,wieś,Nasielsk-gmina miejsko-wiejska,nowodworski
5533,Popłacin,520.133,542.900,0572162,108212,wieś,Nowy Duninów-gmina wiejska,płocki
5534,Popławy,488.227,763.391,0020439,108234,wieś,Stara Kornica-gmina wiejska,łosicki
5535,Popławy-Gajówka,537.238,646.100,0515359,108248,osada leśna,Obryte-gmina wiejska,pułtuski
5536,Porzewnica,478.971,698.538,0682985,108904,wieś,Mrozy-gmina miejsko-wiejska,miński
5537,Porzowo,545.326,630.761,0116168,108909,wieś,Gzy-gmina wiejska,pułtuski
5538,Porządzie,539.767,663.728,0519080,108889,wieś,Rząśnik-gmina wiejska,wyszkowski
5539,Porąb,492.337,677.581,0690068,108461,wieś,Stanisławów-gmina miejsko-wiejska,miński
5540,Poręba,534.941,678.997,0506640,141422,osada leśna,Brańszczyk-gmina wiejska,wyszkowski
5541,Poręba,366.371,684.849,0628342,108548,wieś,Lipsko-gmina miejsko-wiejska,lipski
5542,Poręba Średnia,538.319,681.662,0506805,108636,wieś,Brańszczyk-gmina wiejska,wyszkowski
5543,Poręba-Kocęby,539.682,681.496,0506768,108618,wieś,Brańszczyk-gmina wiejska,wyszkowski
5544,Poręby,480.081,665.281,0010085,108689,wieś,Wiązowna-gmina wiejska,otwocki
5545,Poręby,488.638,668.748,0670150,108687,wieś,Dębe Wielkie-gmina wiejska,miński
5546,Poręby Leśne,499.479,674.985,0690022,108819,osada leśna,Stanisławów-gmina miejsko-wiejska,miński
5547,Poręby Nowe,498.073,679.551,0670456,108821,wieś,Dobre-gmina miejsko-wiejska,miński
5548,Poręby Stare,498.808,677.385,0670634,108824,wieś,Dobre-gmina miejsko-wiejska,miński
5549,Posada,397.729,625.673,0634302,108929,wieś,Przytyk-gmina miejsko-wiejska,radomski
5550,Poschła,459.722,678.750,0683750,108978,wieś,Parysów-gmina wiejska,garwoliński
5551,Posiadały,474.230,686.136,0669192,108985,wieś,Cegłów-gmina miejsko-wiejska,miński
5552,Postoliska,512.023,667.495,0521822,109043,wieś,Tłuszcz-gmina miejsko-wiejska,wołomiński
5553,Postróże,522.293,595.567,0119540,109061,wieś,Naruszewo-gmina wiejska,płoński
5554,Poszewka,513.643,705.699,0681276,109078,wieś,Miedzna-gmina wiejska,węgrowski
5555,Potaszniki,442.568,686.566,0671869,109179,wieś,Górzno-gmina wiejska,garwoliński
5556,Potencjanów,434.592,610.211,0615115,109187,wieś,Błędów-gmina wiejska,grójecki
5557,Potkanna,399.701,626.874,0634319,109202,wieś,Przytyk-gmina miejsko-wiejska,radomski
5558,Potok Biały,497.489,564.826,0575500,109317,wieś,Słubice-gmina wiejska,płocki
5559,Potrzebna,510.429,550.831,0564004,109433,wieś,Gąbin-gmina miejsko-wiejska,płocki
5560,Potworów,406.064,619.457,0632450,109461,wieś,Potworów-gmina wiejska,przysuski
5561,Potycz,450.678,652.376,0001991,109463,wieś,Góra Kalwaria-gmina miejsko-wiejska,piaseczyński
5562,Potyry,518.204,588.575,0119557,109469,wieś,Naruszewo-gmina wiejska,płoński
5563,Powielin,523.330,633.014,0129395,109499,wieś,Winnica-gmina wiejska,pułtuski
5564,Powązki,489.873,604.874,0004535,109485,wieś,Leszno-gmina wiejska,warszawski zachodni
5565,Powązki,453.435,600.317,0732810,109487,wieś,Mszczonów-gmina miejsko-wiejska,żyrardowski
5566,Pozarzyn,507.214,583.320,0579164,109559,wieś,Wyszogród-gmina miejsko-wiejska,płocki
5567,Pozga,560.774,562.272,0112160,109570,wieś,Bieżuń-gmina miejsko-wiejska,żuromiński
5568,Połazie,505.846,698.019,0677990,107686,wieś,Liw-gmina wiejska,węgrowski
5569,Połazie Świętochowskie,506.638,688.210,0675672,107687,wieś,Korytnica-gmina wiejska,węgrowski
5570,Połoń,595.613,632.063,0510860,107770,wieś,Jednorożec-gmina wiejska,przasnyski
5571,Poścień-Wieś,601.650,637.146,0507667,109088,wieś,Chorzele-gmina miejsko-wiejska,przasnyski
5572,Poścień-Zamion,598.881,637.140,0507673,109089,wieś,Chorzele-gmina miejsko-wiejska,przasnyski
5573,Poświętne,529.755,594.311,0122128,109138,osada,Płońsk-gmina wiejska,płoński
5574,Poświętne,569.169,651.120,0520930,109145,wieś,Sypniewo-gmina wiejska,makowski
5575,Poświętne,402.873,663.740,0630971,109150,wieś,Pionki-gmina wiejska,radomski
5576,Poświętne,498.612,665.086,0684286,109142,wieś,Poświętne-gmina wiejska,wołomiński
5577,Prabuty,551.186,672.743,0509703,109841,wieś,Długosiodło-gmina wiejska,wyszkowski
5578,Prace,572.452,635.834,0517536,109845,wieś,Płoniawy-Bramura-gmina wiejska,makowski
5579,Prace Duże,458.044,631.358,0009337,109846,wieś,Tarczyn-gmina miejsko-wiejska,piaseczyński
5580,Prace Małe,458.643,629.640,0009350,109847,wieś,Tarczyn-gmina miejsko-wiejska,piaseczyński
5581,Praga Dolna,359.425,675.384,0636637,109912,wieś,Sienno-gmina miejsko-wiejska,lipski
5582,Praga Górna,360.807,675.303,0636643,109914,wieś,Sienno-gmina miejsko-wiejska,lipski
5583,Praga-Południe,488.472,642.199,0918838,109909,część miasta,Warszawa-gmina miejska,Warszawa
5584,Praga-Północ,490.041,639.101,0919298,109910,część miasta,Warszawa-gmina miejska,Warszawa
5585,Prandocin,428.804,687.765,0692593,109934,wieś,Trojanów-gmina wiejska,garwoliński
5586,Prażmów,454.472,634.329,0007380,109987,wieś,Prażmów-gmina wiejska,piaseczyński
5587,Proboszczewice,523.456,604.193,0116702,110124,wieś,Joniec-gmina wiejska,płoński
5588,Proboszczewice-Kolonia,524.637,604.464,1060866,236253,kolonia,Joniec-gmina wiejska,płoński
5589,Prochowo,541.405,679.645,0516985,110147,osada leśna,Ostrów Mazowiecka-gmina wiejska,ostrowski
5590,Promna,425.699,635.406,0633099,110196,wieś,Promna-gmina wiejska,białobrzeski
5591,Promna-Kolonia,427.324,633.477,0633107,110198,wieś,Promna-gmina wiejska,białobrzeski
5592,Promnik,421.387,599.858,0629710,110205,wieś,Nowe Miasto nad Pilicą-gmina miejsko-wiejska,grójecki
5593,Prosienica,560.380,703.207,0516940,110223,wieś,Ostrów Mazowiecka-gmina wiejska,ostrowski
5594,Prosna,413.420,606.391,0629726,110240,wieś,Nowe Miasto nad Pilicą-gmina miejsko-wiejska,grójecki
5595,Prostyń,536.364,701.699,0514495,110255,wieś,Małkinia Górna-gmina miejsko-wiejska,ostrowski
5596,Proszew A,493.711,706.597,0672283,110258,wieś,Grębków-gmina wiejska,węgrowski
5597,Proszew B,494.555,706.653,0672290,110259,wieś,Grębków-gmina wiejska,węgrowski
5598,Proszkowo,572.965,579.974,0127901,110265,wieś,Szreńsk-gmina wiejska,mławski
5599,Prościeniec,464.743,590.348,0739550,110281,wieś,Wiskitki-gmina miejsko-wiejska,żyrardowski
5600,Prusinowice,536.127,621.014,0128600,110377,wieś,Świercze-gmina wiejska,pułtuski
5601,Pruskołęka,598.041,637.953,0507680,110418,osada leśna,Chorzele-gmina miejsko-wiejska,przasnyski
5602,Pruskołęka,600.180,635.256,0507696,110417,wieś,Chorzele-gmina miejsko-wiejska,przasnyski
5603,Prusocin,560.957,584.283,0127019,110421,wieś,Strzegowo-gmina wiejska,mławski
5604,Prusy,487.478,598.243,0003300,110435,wieś,Kampinos-gmina wiejska,warszawski zachodni
5605,Prusy,441.884,650.056,0640515,110438,wieś,Warka-gmina miejsko-wiejska,grójecki
5606,Prusy,478.466,673.944,0681916,110436,wieś,Mińsk Mazowiecki-gmina wiejska,miński
5607,Pruszczyn,510.020,580.784,0579187,110455,wieś,Wyszogród-gmina miejsko-wiejska,płocki
5608,Pruszki,557.052,660.385,0519943,110457,wieś,Rzewnie-gmina wiejska,makowski
5609,Pruszkowo,531.818,603.072,0125919,110464,wieś,Sochocin-gmina miejsko-wiejska,płoński
5610,Pruszków,478.907,623.314,0921510,110472,miasto,Pruszków-gmina miejska,pruszkowski
5611,Pruszyn,522.949,597.325,0122157,110476,wieś,Płońsk-gmina wiejska,płoński
5612,Pruszyn,485.839,733.089,0686724,110477,wieś,Siedlce-gmina wiejska,siedlecki
5613,Pruszyn-Pieńki,483.866,731.976,0686730,110478,wieś,Siedlce-gmina wiejska,siedlecki
5614,Pruszynek,486.310,732.387,0686747,110480,wieś,Siedlce-gmina wiejska,siedlecki
5615,Prycanowo,561.836,659.417,0518671,110489,wieś,Różan-gmina miejsko-wiejska,makowski
5616,Przasnysz,574.253,626.388,0966398,110515,miasto,Przasnysz-gmina miejska,przasnyski
5617,Przeciszewo,533.481,565.155,0576875,110613,wieś,Staroźreby-gmina miejsko-wiejska,płocki
5618,Przeciszewo-Kolonia,533.996,564.075,0576881,110614,wieś,Staroźreby-gmina miejsko-wiejska,płocki
5619,Przedbórz,533.201,571.119,0576898,110693,wieś,Staroźreby-gmina miejsko-wiejska,płocki
5620,Przedewsie,486.095,682.795,0673638,110705,wieś,Jakubów-gmina wiejska,miński
5621,Przedmieście Bliższe,366.735,690.737,0637737,110755,wieś,Solec nad Wisłą-gmina miejsko-wiejska,lipski
5622,Przedmieście Dalsze,367.577,689.961,0637750,110759,wieś,Solec nad Wisłą-gmina miejsko-wiejska,lipski
5623,Przedpełce,526.881,565.712,0576912,110815,wieś,Staroźreby-gmina miejsko-wiejska,płocki
5624,Przedwojewo,562.928,611.629,0121755,110826,wieś,Opinogóra Górna-gmina wiejska,ciechanowski
5625,Przedświt,554.152,678.194,0522595,110821,wieś,Wąsewo-gmina wiejska,ostrowski
5626,Przejazd,410.604,666.629,0619739,110879,wieś,Głowaczów-gmina miejsko-wiejska,kozienicki
5627,Przejma,497.567,567.670,0566500,110891,wieś,Iłów-gmina wiejska,sochaczewski
5628,Przejmy,581.608,633.696,0990267,168394,osada leśna,Jednorożec-gmina wiejska,przasnyski
5629,Przemiarowo,545.713,639.470,0123263,110970,wieś,Pułtusk-gmina miejsko-wiejska,pułtuski
5630,Przemkowo,525.073,587.289,0114005,110972,wieś,Dzierzążnia-gmina wiejska,płoński
5631,Przemysłów,503.382,557.163,0564010,110992,wieś,Gąbin-gmina miejsko-wiejska,płocki
5632,Przepitki,535.893,607.019,0120945,111030,wieś,Nowe Miasto-gmina miejsko-wiejska,płoński
5633,Przeradowo,548.203,649.164,0521319,111038,wieś,Szelków-gmina wiejska,makowski
5634,Przeradz Mały,572.641,552.428,0119280,111041,wieś,Lutocin-gmina wiejska,żuromiński
5635,Przeradz Nowy,572.253,552.883,0119238,90256,wieś,Lutocin-gmina wiejska,żuromiński
5636,Przeradz Wielki,571.617,552.399,0119296,111042,wieś,Lutocin-gmina wiejska,żuromiński
5637,Przerodki,592.167,558.048,0118799,111051,wieś,Lubowidz-gmina miejsko-wiejska,żuromiński
5638,Przesmyki,495.135,744.382,0684582,111139,wieś,Przesmyki-gmina wiejska,siedlecki
5639,Przeszkoda,465.352,616.579,0740659,111154,wieś,Żabia Wola-gmina wiejska,grodziski
5640,Przetycz Włościańska,545.830,670.574,0509749,111172,wieś,Długosiodło-gmina wiejska,wyszkowski
5641,Przetycz-Folwark,544.490,671.694,0509710,111170,wieś,Długosiodło-gmina wiejska,wyszkowski
5642,Przewodowo Poduchowne,541.805,632.017,0116205,111200,wieś,Gzy-gmina wiejska,pułtuski
5643,Przewodowo-Majorat,541.174,633.024,0116174,111198,wieś,Gzy-gmina wiejska,pułtuski
5644,Przewodowo-Parcele,542.231,632.771,0116197,111199,wieś,Gzy-gmina wiejska,pułtuski
5645,Przewóz,418.488,678.225,0627696,111217,wieś,Kozienice-gmina miejsko-wiejska,kozienicki
5646,Przewóz,413.314,691.314,0636005,111216,wieś,Sieciechów-gmina wiejska,kozienicki
5647,Przewóz,426.262,673.542,0680727,111215,wieś,Maciejowice-gmina miejsko-wiejska,garwoliński
5648,Przewóz Nurski,538.230,721.836,0669602,111222,wieś,Ceranów-gmina wiejska,sokołowski
5649,Przewóz Stary,439.193,665.697,0628968,111223,wieś,Magnuszew-gmina miejsko-wiejska,kozienicki
5650,Przewóz Tarnowski,438.017,666.605,0628900,111224,wieś,Magnuszew-gmina miejsko-wiejska,kozienicki
5651,Przeździatka-Kolonia,510.293,717.626,0689042,195729,kolonia,Sokołów Podlaski-gmina wiejska,sokołowski
5652,Przeździatka-Leśniczówka,514.499,718.039,0688670,111248,osada leśna,Sokołów Podlaski-gmina wiejska,sokołowski
5653,Przeździecko-Dworaki,558.278,717.961,0394789,111249,wieś,Andrzejewo-gmina wiejska,ostrowski
5654,Przeździecko-Grzymki,559.106,717.409,0394795,111250,wieś,Andrzejewo-gmina wiejska,ostrowski
5655,Przeździecko-Jachy,560.744,717.179,0394803,111251,wieś,Andrzejewo-gmina wiejska,ostrowski
5656,Przeździecko-Lenarty,561.024,718.106,0394826,111252,wieś,Andrzejewo-gmina wiejska,ostrowski
5657,Przyborowice Dolne,520.610,600.952,0129946,111356,wieś,Załuski-gmina wiejska,płoński
5658,Przyborowice Górne,521.570,602.328,0129969,111357,wieś,Załuski-gmina wiejska,płoński
5659,Przyborowie,561.803,687.264,0522603,111358,wieś,Wąsewo-gmina wiejska,ostrowski
5660,Przyborowie-Kolonia,562.193,685.340,1057717,111362,wieś,Wąsewo-gmina wiejska,ostrowski
5661,Przybyszew,423.532,628.102,0633113,111463,wieś,Promna-gmina wiejska,białobrzeski
5662,Przybyszewo,568.941,606.296,0124720,111467,wieś,Regimin-gmina wiejska,ciechanowski
5663,Przychód,572.865,576.189,0127918,111515,wieś,Szreńsk-gmina wiejska,mławski
5664,Przychód,499.308,541.225,0577975,111514,wieś,Szczawin Kościelny-gmina wiejska,gostyniński
5665,Przychód,572.722,577.158,1055813,185874,kolonia,Szreńsk-gmina wiejska,mławski
5666,Przydawki,452.511,661.832,0687787,111642,wieś,Sobienie-Jeziory-gmina wiejska,otwocki
5667,Przydróżek,435.726,638.291,0623818,111664,wieś,Jasieniec-gmina wiejska,grójecki
5668,Przydworzyce,430.095,666.224,0628922,111668,wieś,Magnuszew-gmina miejsko-wiejska,kozienicki
5669,Przygody,492.298,722.606,0692245,111694,wieś,Suchożebry-gmina wiejska,siedlecki
5670,Przyjmy,533.786,677.450,0506811,111771,wieś,Brańszczyk-gmina wiejska,wyszkowski
5671,Przyjmy,560.426,690.556,0517000,111769,wieś,Ostrów Mazowiecka-gmina wiejska,ostrowski
5672,Przyjmy k. Poręby,541.949,682.673,0516956,111770,wieś,Ostrów Mazowiecka-gmina wiejska,ostrowski
5673,Przykory,515.518,669.148,0523650,111814,wieś,Zabrodzie-gmina wiejska,wyszkowski
5674,Przykory,506.800,574.705,0571079,111813,osada,Mała Wieś-gmina wiejska,płocki
5675,Przykory,448.541,616.293,0631605,111815,wieś,Pniewy-gmina wiejska,grójecki
5676,Przykory,452.481,688.969,0680986,111816,wieś,Miastków Kościelny-gmina wiejska,garwoliński
5677,Przylaski,494.550,546.020,0572831,111867,wieś,Pacyna-gmina wiejska,gostyniński
5678,Przylot,445.231,654.942,0640521,111913,wieś,Warka-gmina miejsko-wiejska,grójecki
5679,Przypki,461.716,624.289,0009366,112188,wieś,Tarczyn-gmina miejsko-wiejska,piaseczyński
5680,Przyrowa,543.387,600.074,0121270,112224,wieś,Ojrzeń-gmina wiejska,ciechanowski
5681,Przysowy,597.153,630.062,0507704,112349,wieś,Chorzele-gmina miejsko-wiejska,przasnyski
5682,Przyspa,581.423,567.415,0117771,112352,wieś,Kuczbork-Osada-gmina wiejska,żuromiński
5683,Przystałowice Duże,402.463,616.605,0626768,112363,wieś,Klwów-gmina wiejska,przysuski
5684,Przystałowice Duże-Kolonia,402.623,615.810,0626700,112364,wieś,Klwów-gmina wiejska,przysuski
5685,Przystałowice Małe,401.563,613.771,0635342,112365,wieś,Rusinów-gmina wiejska,przysuski
5686,Przystań,586.919,662.268,0515974,112373,wieś,Olszewo-Borki-gmina wiejska,ostrołęcki
5687,Przystań,583.246,661.536,0515980,112374,osada leśna,Olszewo-Borki-gmina wiejska,ostrołęcki
5688,Przysucha,389.262,613.363,0973777,112388,miasto,Przysucha-gmina miejsko-wiejska,przysuski
5689,Przytoka,558.223,619.106,0121689,112422,wieś,Opinogóra Górna-gmina wiejska,ciechanowski
5690,Przytoka,486.101,688.326,0673934,112423,wieś,Kałuszyn-gmina miejsko-wiejska,miński
5691,Przytuły,579.535,645.058,0512036,112453,wieś,Krasnosielc-gmina wiejska,makowski
5692,Przytuły Nowe,584.548,684.113,0519512,89101,wieś,Rzekuń-gmina wiejska,ostrołęcki
5693,Przytuły Stare,585.361,681.521,0519564,129307,wieś,Rzekuń-gmina wiejska,ostrołęcki
5694,Przytyk,401.934,632.225,0634348,112456,miasto,Przytyk-gmina miejsko-wiejska,radomski
5695,Przywilcz,573.628,611.448,0115683,112475,wieś,Grudusk-gmina wiejska,ciechanowski
5696,Przywory Duże,471.557,718.896,0670841,112493,wieś,Domanice-gmina wiejska,siedlecki
5697,Przywory Małe,471.292,717.695,0670858,112494,wieś,Domanice-gmina wiejska,siedlecki
5698,Przywózki,506.663,717.806,0689059,112500,wieś,Sokołów Podlaski-gmina wiejska,sokołowski
5699,Przyłaje,581.771,654.042,0516011,111918,osada leśna,Olszewo-Borki-gmina wiejska,ostrołęcki
5700,Przyłom,444.842,639.385,0616818,111960,wieś,Chynów-gmina wiejska,grójecki
5701,Przyłubie,526.533,650.045,0524039,111965,wieś,Zatory-gmina wiejska,pułtuski
5702,Przyłęk,386.351,691.319,0633478,111934,wieś,Przyłęk-gmina wiejska,zwoleński
5703,Przyłęk,437.601,683.508,0688404,111933,wieś,Sobolew-gmina wiejska,garwoliński
5704,Przątalina,600.880,625.296,0507242,110525,wieś,Chorzele-gmina miejsko-wiejska,przasnyski
5705,Przążewo,561.400,609.834,0112696,110526,wieś,Ciechanów-gmina wiejska,ciechanowski
5706,Przęsławice,501.295,584.486,0009805,111267,wieś,Brochów-gmina wiejska,sochaczewski
5707,Przęsławice,449.385,622.723,0631597,111268,wieś,Pniewy-gmina wiejska,grójecki
5708,Próchenki,477.955,750.044,0016722,110305,wieś,Olszanka-gmina wiejska,łosicki
5709,Prądzewo-Kopaczewo,495.232,672.727,0690097,110023,wieś,Stanisławów-gmina miejsko-wiejska,miński
5710,Prędocin,367.141,662.537,0623379,110073,wieś,Iłża-gmina miejsko-wiejska,radomski
5711,Prędocin-Kolonia,368.139,661.316,0623385,110074,wieś,Iłża-gmina miejsko-wiejska,radomski
5712,Prędocinek,368.392,662.752,0623391,110076,wieś,Iłża-gmina miejsko-wiejska,radomski
5713,Psary,540.947,648.191,0515320,112535,wieś,Obryte-gmina wiejska,pułtuski
5714,Psary,536.811,560.764,0563565,112534,wieś,Drobin-gmina miejsko-wiejska,płocki
5715,Psary,413.911,681.507,0627727,112537,wieś,Kozienice-gmina miejsko-wiejska,kozienicki
5716,Psary-Gajówka,540.434,644.671,0515365,236262,osada leśna,Obryte-gmina wiejska,pułtuski
5717,Psota,572.847,548.904,0119340,112653,osada,Lutocin-gmina wiejska,żuromiński
5718,Psucin,518.422,621.004,0120508,112686,wieś,Nasielsk-gmina miejsko-wiejska,nowodworski
5719,Pszczółki Górne,575.678,611.621,0115690,112725,wieś,Grudusk-gmina wiejska,ciechanowski
5720,Pszczółki-Czubaki,576.505,610.611,0115708,112724,wieś,Grudusk-gmina wiejska,ciechanowski
5721,Pszczółki-Szerszenie,575.326,610.696,0115714,112723,wieś,Grudusk-gmina wiejska,ciechanowski
5722,Ptaki,467.642,681.655,0687267,112751,wieś,Siennica-gmina miejsko-wiejska,miński
5723,Ptaszki,484.038,744.289,0682525,112809,wieś,Mordy-gmina miejsko-wiejska,siedlecki
5724,Puchały,477.668,630.098,0008059,112871,wieś,Raszyn-gmina wiejska,pruszkowski
5725,Puchały,581.761,683.823,0522230,112872,wieś,Troszyn-gmina wiejska,ostrołęcki
5726,Puczyce,496.221,758.892,0017609,112918,wieś,Platerów-gmina wiejska,łosicki
5727,Pupkowizna,616.536,674.152,0513797,113040,wieś,Łyse-gmina wiejska,ostrołęcki
5728,Purzec,488.337,724.391,0686753,113054,wieś,Siedlce-gmina wiejska,siedlecki
5729,Purzyce,578.667,547.322,0118813,113055,wieś,Lubowidz-gmina miejsko-wiejska,żuromiński
5730,Purzyce-Pomiany,576.440,606.117,0115743,113057,przysiółek,Grudusk-gmina wiejska,ciechanowski
5731,Purzyce-Rozwory,578.652,605.793,0115720,113058,wieś,Grudusk-gmina wiejska,ciechanowski
5732,Purzyce-Trojany,577.297,606.189,0115737,113059,wieś,Grudusk-gmina wiejska,ciechanowski
5733,Puste Łąki,524.277,675.416,0523376,113106,wieś,Wyszków-gmina miejsko-wiejska,wyszkowski
5734,Pustelnik,536.846,718.829,0669619,113131,wieś,Ceranów-gmina wiejska,sokołowski
5735,Pustelnik,492.341,667.970,0690111,113132,wieś,Stanisławów-gmina miejsko-wiejska,miński
5736,Pustki,481.700,730.739,0686760,113181,wieś,Siedlce-gmina wiejska,siedlecki
5737,Puszcza,566.234,547.365,0574244,113386,wieś,Rościszewo-gmina wiejska,sierpecki
5738,Puszcza,389.413,609.712,0633857,113391,osada leśna,Przysucha-gmina miejsko-wiejska,przysuski
5739,Puszcza Mariańska,457.773,592.697,0734966,113395,wieś,Puszcza Mariańska-gmina wiejska,żyrardowski
5740,Puszcza Rozwadzka,389.753,603.015,1067510,269185,osada,Gielniów-gmina miejsko-wiejska,przysuski
5741,Puzdrowizna,543.587,690.149,0507093,168372,osada leśna,Brok-gmina miejsko-wiejska,ostrowski
5742,Puzdrowizna,543.893,689.722,0507147,113468,wieś,Brok-gmina miejsko-wiejska,ostrowski
5743,Puzdrowizna,543.571,690.188,1057338,248317,osada leśna,Brok-gmina miejsko-wiejska,ostrowski
5744,Puznówka,459.495,676.237,0684004,113474,wieś,Pilawa-gmina miejsko-wiejska,garwoliński
5745,Pułazie,544.659,713.458,0411690,113016,wieś,Zaręby Kościelne-gmina wiejska,ostrowski
5746,Pułtusk,539.632,640.976,0930816,113024,miasto,Pułtusk-gmina miejsko-wiejska,pułtuski
5747,Pólka-Raciąż,550.699,573.874,0123889,109679,wieś,Raciąż-gmina wiejska,płoński
5748,Pólki,552.277,687.767,0516933,109682,wieś,Ostrów Mazowiecka-gmina wiejska,ostrowski
5749,Pólko,509.241,667.257,0521495,109714,wieś,Tłuszcz-gmina miejsko-wiejska,wołomiński
5750,Pączew,422.355,612.955,0629465,98712,wieś,Mogielnica-gmina miejsko-wiejska,grójecki
5751,Pączkowo,569.611,573.093,0127893,98715,wieś,Szreńsk-gmina wiejska,mławski
5752,Pągowiec,415.856,638.444,0638197,98718,wieś,Stara Błotnica-gmina wiejska,białobrzeski
5753,Pątki,585.142,554.807,0118730,98728,wieś,Lubowidz-gmina miejsko-wiejska,żuromiński
5754,Pęchcin,556.363,605.681,0112680,98967,wieś,Ciechanów-gmina wiejska,ciechanowski
5755,Pęchery,462.113,637.181,0006445,98971,wieś,Piaseczno-gmina miejsko-wiejska,piaseczyński
5756,Pęchery,462.170,636.808,1058208,199590,osada leśna,Piaseczno-gmina miejsko-wiejska,piaseczyński
5757,Pęcherze,593.835,608.845,0114293,98974,wieś,Dzierzgowo-gmina wiejska,mławski
5758,Pęchratka Mała,557.615,708.895,0394743,98983,wieś,Andrzejewo-gmina wiejska,ostrowski
5759,Pęcice,477.951,626.430,0005279,98987,wieś,Michałowice-gmina wiejska,pruszkowski
5760,Pęcice Małe,476.673,625.728,0005285,98989,wieś,Michałowice-gmina wiejska,pruszkowski
5761,Pęclin,480.257,661.138,0010079,98997,wieś,Wiązowna-gmina wiejska,otwocki
5762,Pęczki-Kozłowo,566.513,621.307,0117506,99015,wieś,Krasne-gmina wiejska,przasnyski
5763,Pęcław,453.777,650.918,0001933,98999,wieś,Góra Kalwaria-gmina miejsko-wiejska,piaseczyński
5764,Pękale,538.024,617.022,0128757,153412,wieś,Świercze-gmina wiejska,pułtuski
5765,Pękawka,550.641,620.341,0126356,99050,wieś,Sońsk-gmina wiejska,ciechanowski
5766,Pękowo,544.292,633.905,0116151,99062,wieś,Gzy-gmina wiejska,pułtuski
5767,Pęsy,544.686,580.071,0123872,99083,wieś,Raciąż-gmina wiejska,płoński
5768,Pęszyno,535.376,547.550,0559902,99086,wieś,Bielsk-gmina wiejska,płocki
5769,Pętkowo Wielkie,544.088,714.678,0411683,99095,wieś,Zaręby Kościelne-gmina wiejska,ostrowski
5770,Płachty,400.798,670.847,0630965,102203,wieś,Pionki-gmina wiejska,radomski
5771,Płaciszewo,545.154,592.765,0114809,102205,wieś,Glinojeck-gmina miejsko-wiejska,ciechanowski
5772,Płasków,409.473,647.469,0625148,102264,wieś,Jedlińsk-gmina wiejska,radomski
5773,Płatkownica,537.242,692.352,0685972,102304,wieś,Sadowne-gmina wiejska,węgrowski
5774,Płatków,520.007,671.209,0523637,102305,wieś,Zabrodzie-gmina wiejska,wyszkowski
5775,Płochocin,483.804,617.416,0006037,102397,wieś,Ożarów Mazowiecki-gmina miejsko-wiejska,warszawski zachodni
5776,Płociczno,583.768,545.936,0118760,102430,wieś,Lubowidz-gmina miejsko-wiejska,żuromiński
5777,Płock,520.280,546.548,0968687,102452,miasto,Płock-gmina miejska,Płock
5778,Płocochowo,536.721,637.602,0123234,102456,wieś,Pułtusk-gmina miejsko-wiejska,pułtuski
5779,Płomieniec,471.438,696.592,0682962,102469,wieś,Mrozy-gmina miejsko-wiejska,miński
5780,Płoniawy-Bramura,570.242,638.435,0517499,102490,wieś,Płoniawy-Bramura-gmina wiejska,makowski
5781,Płoniawy-Bramura,568.638,636.753,0517507,199554,osada leśna,Płoniawy-Bramura-gmina wiejska,makowski
5782,Płoniawy-Kolonia,570.785,638.086,0517513,102491,wieś,Płoniawy-Bramura-gmina wiejska,makowski
5783,Płonna,528.501,577.215,0576846,102529,wieś,Staroźreby-gmina miejsko-wiejska,płocki
5784,Płosków,498.640,769.417,0019005,102570,wieś,Sarnaki-gmina wiejska,łosicki
5785,Płosków-Kolonia,500.573,767.764,0019011,102572,wieś,Sarnaki-gmina wiejska,łosicki
5786,Płosodrza,487.962,748.496,0684560,102574,wieś,Mordy-gmina miejsko-wiejska,siedlecki
5787,Płoszyce,598.884,674.852,0513254,102594,wieś,Lelis-gmina wiejska,ostrołęcki
5788,Płoszyce,596.347,673.111,0513260,168365,osada leśna,Lelis-gmina wiejska,ostrołęcki
5789,Płońsk,529.392,592.718,0930800,102544,miasto,Płońsk-gmina miejska,płoński
5790,Płudnica,376.033,652.937,0623340,102650,wieś,Iłża-gmina miejsko-wiejska,radomski
5791,Płusy,538.408,653.171,0515307,102664,wieś,Obryte-gmina wiejska,pułtuski
5792,Płósy,367.093,663.851,0635738,102646,wieś,Rzeczniów-gmina wiejska,lipski
5793,Rabiany,508.909,689.463,0675695,113596,wieś,Korytnica-gmina wiejska,węgrowski
5794,Rabędy,561.712,697.532,0520633,113591,wieś,Stary Lubotyń-gmina wiejska,ostrowski
5795,Rabędy,576.041,681.113,0522247,113593,wieś,Troszyn-gmina wiejska,ostrołęcki
5796,Rachocin,558.599,544.476,0575077,113637,wieś,Sierpc-gmina wiejska,sierpecki
5797,Racibory,455.492,631.007,0009372,113685,wieś,Tarczyn-gmina miejsko-wiejska,piaseczyński
5798,Raciąż,546.671,575.467,0930839,113663,miasto,Raciąż-gmina miejska,płoński
5799,Raczki,491.963,775.684,0019034,113760,wieś,Sarnaki-gmina wiejska,łosicki
5800,Raczyny,576.539,552.931,0130292,113793,wieś,Żuromin-gmina miejsko-wiejska,żuromiński
5801,Raczyny,495.324,748.045,0684599,113795,wieś,Przesmyki-gmina wiejska,siedlecki
5802,Radachówka,467.448,675.637,0674862,42145,wieś,Kołbiel-gmina wiejska,otwocki
5803,Radestów,384.550,618.781,0615463,113849,wieś,Borkowice-gmina wiejska,przysuski
5804,Radgoszcz,581.323,695.490,0522253,113858,wieś,Troszyn-gmina wiejska,ostrołęcki
5805,Radiówek,478.760,657.996,0009952,113861,osada,Wiązowna-gmina wiejska,otwocki
5806,Radlnia,484.995,750.551,0016739,113903,wieś,Olszanka-gmina wiejska,łosicki
5807,Radom,394.880,650.051,0972750,113958,miasto,Radom-gmina miejska,Radom
5808,Radomka,570.136,613.463,0124742,113989,wieś,Regimin-gmina wiejska,ciechanowski
5809,Radomyśl,468.368,730.317,0694570,114003,wieś,Wiśniew-gmina wiejska,siedlecki
5810,Radonice,479.529,609.846,0000313,114012,wieś,Błonie-gmina miejsko-wiejska,warszawski zachodni
5811,Radonie,467.465,613.108,0002460,114013,wieś,Grodzisk Mazowiecki-gmina miejsko-wiejska,grodziski
5812,Radosz,427.938,649.844,0638659,114067,osada,Stromiec-gmina wiejska,białobrzeski
5813,Radoszyna,504.914,685.210,0670485,114100,wieś,Dobre-gmina miejsko-wiejska,miński
5814,Radotki,527.146,537.536,0561030,114108,wieś,Brudzeń Duży-gmina wiejska,płocki
5815,Radość,533.322,716.016,0669648,114102,wieś,Ceranów-gmina wiejska,sokołowski
5816,Radwanków Królewski,454.761,657.832,0687793,114183,wieś,Sobienie-Jeziory-gmina wiejska,otwocki
5817,Radwanków Szlachecki,457.540,657.254,0687801,114184,wieś,Sobienie-Jeziory-gmina wiejska,otwocki
5818,Radycza,496.128,549.615,0572860,114202,wieś,Pacyna-gmina wiejska,gostyniński
5819,Radzanowo,523.607,560.733,0573753,114216,wieś,Radzanowo-gmina wiejska,płocki
5820,Radzanowo-Dębniki,522.057,561.443,0573760,114217,wieś,Radzanowo-gmina wiejska,płocki
5821,Radzanowo-Lasocin,522.762,559.704,0573782,114218,wieś,Radzanowo-gmina wiejska,płocki
5822,Radzanów,564.731,573.223,0124328,114219,wieś,Radzanów-gmina wiejska,mławski
5823,Radzanów,411.789,629.266,0634970,114221,wieś,Radzanów-gmina wiejska,białobrzeski
5824,Radzanówek,564.622,574.140,1055581,114224,osada,Radzanów-gmina wiejska,mławski
5825,Radziejowice,460.919,606.758,0735434,114267,wieś,Radziejowice-gmina wiejska,żyrardowski
5826,Radziejowice-Parcel,460.045,606.439,0735470,114270,wieś,Radziejowice-gmina wiejska,żyrardowski
5827,Radzikowo Scalone,509.687,591.939,0562086,114297,wieś,Czerwińsk nad Wisłą-gmina miejsko-wiejska,płoński
5828,Radzików,485.758,610.280,0000320,114301,wieś,Błonie-gmina miejsko-wiejska,warszawski zachodni
5829,Radzików,484.580,612.363,0000336,173093,osada,Błonie-gmina miejsko-wiejska,warszawski zachodni
5830,Radzików Wielki,480.995,741.326,0682560,114305,wieś,Mordy-gmina miejsko-wiejska,siedlecki
5831,Radzików-Kornica,480.653,740.187,0682531,114302,wieś,Mordy-gmina miejsko-wiejska,siedlecki
5832,Radzików-Oczki,481.214,740.662,0682548,114303,wieś,Mordy-gmina miejsko-wiejska,siedlecki
5833,Radzików-Stopki,482.411,739.418,0682554,114304,wieś,Mordy-gmina miejsko-wiejska,siedlecki
5834,Radzimowice,562.517,581.111,0126936,114315,wieś,Strzegowo-gmina wiejska,mławski
5835,Radziwie,541.317,606.548,0121287,114344,wieś,Ojrzeń-gmina wiejska,ciechanowski
5836,Radziwiłka,497.247,580.976,0732163,114345,wieś,Młodzieszyn-gmina wiejska,sochaczewski
5837,Radziwiłłów,459.353,588.526,0734995,114348,wieś,Puszcza Mariańska-gmina wiejska,żyrardowski
5838,Radzymin,523.217,592.562,0119563,114355,wieś,Naruszewo-gmina wiejska,płoński
5839,Radzymin,508.057,648.289,0921591,114356,miasto,Radzymin-gmina miejsko-wiejska,wołomiński
5840,Radzyminek,523.588,590.884,0119570,114357,wieś,Naruszewo-gmina wiejska,płoński
5841,Rafały,554.521,630.901,0116990,114393,wieś,Karniewo-gmina wiejska,makowski
5842,Raj,365.050,692.719,0637660,114407,wieś,Solec nad Wisłą-gmina miejsko-wiejska,lipski
5843,Rajec Poduchowny,397.670,655.724,0625510,114436,wieś,Jedlnia-Letnisko-gmina miejsko-wiejska,radomski
5844,Rajec Szlachecki,396.726,654.515,0625579,114439,wieś,Jedlnia-Letnisko-gmina miejsko-wiejska,radomski
5845,Rajszew,504.752,624.821,0003040,114490,wieś,Jabłonna-gmina wiejska,legionowski
5846,Rajszew,503.795,626.965,0003056,192874,osada leśna,Jabłonna-gmina wiejska,legionowski
5847,Rak,573.483,546.633,1060381,114494,osada leśna,Lutocin-gmina wiejska,żuromiński
5848,Raki,581.372,645.326,0512042,114507,wieś,Krasnosielc-gmina wiejska,makowski
5849,Rakowiec,488.762,544.041,0572877,114556,wieś,Pacyna-gmina wiejska,gostyniński
5850,Rakowiec,478.833,721.394,0686776,114558,wieś,Siedlce-gmina wiejska,siedlecki
5851,Rakowo,530.246,586.650,0114011,114586,wieś,Dzierzążnia-gmina wiejska,płoński
5852,Rakowo,503.096,571.903,0579218,114587,wieś,Wyszogród-gmina miejsko-wiejska,płocki
5853,Raków,490.529,543.968,0572883,114612,wieś,Pacyna-gmina wiejska,gostyniński
5854,Rakówiec,495.539,679.023,0670491,114629,wieś,Dobre-gmina miejsko-wiejska,miński
5855,Ramiona,595.246,645.688,0506366,114668,wieś,Baranowo-gmina wiejska,ostrołęcki
5856,Ramutowo,518.543,562.172,0575864,114692,wieś,Słupno-gmina wiejska,płocki
5857,Ramutówko,519.488,563.003,0560673,114693,wieś,Bodzanów-gmina miejsko-wiejska,płocki
5858,Ranachów B,383.125,678.860,0617746,114698,wieś,Ciepielów-gmina miejsko-wiejska,lipski
5859,Ranachów-Wieś,382.318,676.749,0626366,114699,wieś,Kazanów-gmina miejsko-wiejska,zwoleński
5860,Rapaty-Górki,600.123,621.058,0507437,114720,kolonia,Chorzele-gmina miejsko-wiejska,przasnyski
5861,Rapaty-Sulimy,599.176,621.644,0507526,114721,przysiółek,Chorzele-gmina miejsko-wiejska,przasnyski
5862,Rapaty-Żachy,600.914,621.399,0507408,114722,kolonia,Chorzele-gmina miejsko-wiejska,przasnyski
5863,Raszewo Dworskie,511.881,584.969,0562092,114757,wieś,Czerwińsk nad Wisłą-gmina miejsko-wiejska,płoński
5864,Raszewo Włościańskie,510.801,584.428,0562100,114758,wieś,Czerwińsk nad Wisłą-gmina miejsko-wiejska,płoński
5865,Rasztów,507.486,654.076,0511597,114782,wieś,Klembów-gmina wiejska,wołomiński
5866,Raszujka,599.605,633.020,0507733,114783,wieś,Chorzele-gmina miejsko-wiejska,przasnyski
5867,Raszyn,478.660,631.583,0008065,114787,wieś,Raszyn-gmina wiejska,pruszkowski
5868,Rataje,587.440,657.387,0515997,114810,wieś,Olszewo-Borki-gmina wiejska,ostrołęcki
5869,Ratoszyn,411.865,625.692,0635023,114848,wieś,Radzanów-gmina wiejska,białobrzeski
5870,Ratowo,566.051,572.606,0124334,114859,wieś,Radzanów-gmina wiejska,mławski
5871,Ratyniec,370.165,680.600,0628359,114885,wieś,Lipsko-gmina miejsko-wiejska,lipski
5872,Rawica Nowa,388.835,666.945,0639908,88106,wieś,Tczów-gmina wiejska,zwoleński
5873,Rawica Stara,386.375,666.494,0995603,128352,wieś,Tczów-gmina wiejska,zwoleński
5874,Rawica-Józefatka,387.740,666.025,0639890,47196,wieś,Tczów-gmina wiejska,zwoleński
5875,Rawica-Kolonia,387.772,666.417,0995595,114896,wieś,Tczów-gmina wiejska,zwoleński
5876,Rawicz,386.189,611.012,0633811,172576,osada leśna,Przysucha-gmina miejsko-wiejska,przysuski
5877,Rawki,602.846,644.260,0507740,114906,wieś,Chorzele-gmina miejsko-wiejska,przasnyski
5878,Rawy,576.612,651.283,0520946,114914,wieś,Sypniewo-gmina wiejska,makowski
5879,Rawy-Gaczkowo,550.032,709.231,0411708,114915,wieś,Zaręby Kościelne-gmina wiejska,ostrowski
5880,Raźniewo,527.433,596.261,0122163,114922,wieś,Płońsk-gmina wiejska,płoński
5881,Rażny,535.283,685.114,0685989,114923,wieś,Sadowne-gmina wiejska,węgrowski
5882,Rdzuchów,398.958,618.323,0632562,115003,wieś,Potworów-gmina wiejska,przysuski
5883,Rdzuchów-Kolonia,399.829,618.497,0632579,115004,wieś,Potworów-gmina wiejska,przysuski
5884,Rdzów,403.270,619.614,0632510,115001,wieś,Potworów-gmina wiejska,przysuski
5885,Recica,414.823,644.680,0638458,119109,wieś,Stara Błotnica-gmina wiejska,białobrzeski
5886,Reczewo,540.866,553.439,0565357,115027,wieś,Gozdowo-gmina wiejska,sierpecki
5887,Reczyn,511.029,569.709,0560680,115038,wieś,Bodzanów-gmina miejsko-wiejska,płocki
5888,Redlanka,456.081,615.066,0740665,115055,wieś,Żabia Wola-gmina wiejska,grodziski
5889,Redlin,420.437,628.725,0642141,115058,wieś,Wyśmierzyce-gmina miejsko-wiejska,białobrzeski
5890,Reducin,447.184,685.504,0671875,115073,wieś,Górzno-gmina wiejska,garwoliński
5891,Redzyńskie,461.409,692.856,0677719,115096,wieś,Latowicz-gmina miejsko-wiejska,miński
5892,Regimin,565.129,604.393,0124759,115129,wieś,Regimin-gmina wiejska,ciechanowski
5893,Regut,466.294,663.378,0001063,115153,wieś,Celestynów-gmina wiejska,otwocki
5894,Reguły,480.294,627.353,0005300,115151,wieś,Michałowice-gmina wiejska,pruszkowski
5895,Regów,479.234,600.710,0723158,115138,wieś,Baranów-gmina wiejska,grodziski
5896,Regów Nowy,404.053,696.052,0620381,115140,wieś,Gniewoszów-gmina wiejska,kozienicki
5897,Regów Stary,405.806,696.987,0620300,115141,wieś,Gniewoszów-gmina wiejska,kozienicki
5898,Rekowo,547.346,554.090,0579885,115225,wieś,Zawidz-gmina wiejska,sierpecki
5899,Rekówka,378.243,682.431,0617775,115233,wieś,Ciepielów-gmina miejsko-wiejska,lipski
5900,Rembelszczyzna,503.328,638.073,0005664,115237,wieś,Nieporęt-gmina wiejska,legionowski
5901,Rembertów,456.256,626.350,0009395,115240,wieś,Tarczyn-gmina miejsko-wiejska,piaseczyński
5902,Rembertów,490.637,647.517,0988810,115239,część miasta,Warszawa-gmina miejska,Warszawa
5903,Rembielin,598.368,625.482,0507756,115243,wieś,Chorzele-gmina miejsko-wiejska,przasnyski
5904,Rembielin,530.463,531.218,0561046,115242,wieś,Brudzeń Duży-gmina wiejska,płocki
5905,Rembowo,560.849,619.272,0121784,115251,wieś,Opinogóra Górna-gmina wiejska,ciechanowski
5906,Rembówko,562.030,618.237,0121790,115257,wieś,Opinogóra Górna-gmina wiejska,ciechanowski
5907,Remiszew Duży,507.331,726.918,0685073,115263,wieś,Repki-gmina wiejska,sokołowski
5908,Remiszew Mały,506.647,727.390,0685080,115264,wieś,Repki-gmina wiejska,sokołowski
5909,Remki,493.381,552.708,0572890,115299,wieś,Pacyna-gmina wiejska,gostyniński
5910,Rempin,539.801,543.514,0565363,115300,wieś,Gozdowo-gmina wiejska,sierpecki
5911,Repki,572.311,681.450,0522260,115328,wieś,Troszyn-gmina wiejska,ostrołęcki
5912,Repki,507.540,730.651,0685096,115329,wieś,Repki-gmina wiejska,sokołowski
5913,Reszki,502.596,542.873,0577998,115353,wieś,Szczawin Kościelny-gmina wiejska,gostyniński
5914,Resztówka,461.683,674.883,0684062,192490,kolonia,Pilawa-gmina miejsko-wiejska,garwoliński
5915,Retka,565.459,639.125,0517542,115392,wieś,Płoniawy-Bramura-gmina wiejska,makowski
5916,Retków,495.481,671.190,0690134,115401,wieś,Stanisławów-gmina miejsko-wiejska,miński
5917,Rezlerka,493.896,549.059,0572736,115453,wieś,Pacyna-gmina wiejska,gostyniński
5918,Robercin,467.483,632.422,0006480,115655,wieś,Piaseczno-gmina miejsko-wiejska,piaseczyński
5919,Robertowo,529.607,536.328,0561052,115657,wieś,Brudzeń Duży-gmina wiejska,płocki
5920,Robertów,496.487,547.456,0572908,115658,wieś,Pacyna-gmina wiejska,gostyniński
5921,Rochale,486.271,605.935,1066981,115692,osada,Leszno-gmina wiejska,warszawski zachodni
5922,Rochaliki,485.733,607.262,0000342,115693,wieś,Błonie-gmina miejsko-wiejska,warszawski zachodni
5923,Rochalina,375.720,668.958,0626248,115694,wieś,Kazanów-gmina miejsko-wiejska,zwoleński
5924,Rochnia,571.396,580.410,0127924,115697,wieś,Szreńsk-gmina wiejska,mławski
5925,Rogalec,455.659,674.722,0683980,115792,osada leśna,Pilawa-gmina miejsko-wiejska,garwoliński
5926,Rogienice,543.831,552.438,0565386,115871,wieś,Gozdowo-gmina wiejska,sierpecki
5927,Rogieniczki,544.806,551.962,0565392,115876,wieś,Gozdowo-gmina wiejska,sierpecki
5928,Rogolin,411.343,631.146,0635030,115883,wieś,Radzanów-gmina wiejska,białobrzeski
5929,Rogotwórsk,536.778,571.034,0563588,115887,wieś,Drobin-gmina miejsko-wiejska,płocki
5930,Rogowa,392.750,630.071,0641555,115888,wieś,Wolanów-gmina wiejska,radomski
5931,Rogowo,574.434,635.098,0517559,115918,wieś,Płoniawy-Bramura-gmina wiejska,makowski
5932,Rogowo,521.413,573.868,0561649,115916,wieś,Bulkowo-gmina wiejska,płocki
5933,Rogowo,528.234,574.113,0576964,115913,wieś,Staroźreby-gmina miejsko-wiejska,płocki
5934,Rogowo-Folwark,566.674,692.108,0520640,115921,wieś,Stary Lubotyń-gmina wiejska,ostrowski
5935,Rogozino,522.770,555.017,0573807,115944,wieś,Radzanowo-gmina wiejska,płocki
5936,Rogożek,421.204,662.743,0619768,115976,wieś,Głowaczów-gmina miejsko-wiejska,kozienicki
5937,Rogożewek,509.435,535.427,0564783,115978,wieś,Gostynin-gmina wiejska,gostyniński
5938,Roguszyn,508.717,594.755,0562117,116063,wieś,Czerwińsk nad Wisłą-gmina miejsko-wiejska,płoński
5939,Roguszyn,504.655,693.986,0675710,116064,wieś,Korytnica-gmina wiejska,węgrowski
5940,Rogów,372.275,640.016,0629130,115994,wieś,Mirów-gmina wiejska,szydłowiecki
5941,Rogów,510.139,727.423,0685156,115993,wieś,Repki-gmina wiejska,sokołowski
5942,Rogówek,567.774,690.915,0520656,116017,wieś,Stary Lubotyń-gmina wiejska,ostrowski
5943,Rogóziec,486.590,745.287,0684607,116033,wieś,Mordy-gmina miejsko-wiejska,siedlecki
5944,Rogóźnia,552.128,691.138,0517016,116034,wieś,Ostrów Mazowiecka-gmina wiejska,ostrowski
5945,Rogóźnia,552.814,691.482,0517022,193436,osada leśna,Ostrów Mazowiecka-gmina wiejska,ostrowski
5946,Rogóźno,548.855,658.999,0519156,116039,wieś,Rząśnik-gmina wiejska,wyszkowski
5947,Rojków,498.369,668.451,0684300,116084,wieś,Poświętne-gmina wiejska,wołomiński
5948,Rokicie,527.668,531.217,0561069,116098,wieś,Brudzeń Duży-gmina wiejska,płocki
5949,Rokicie,551.630,530.298,0571530,116099,wieś,Mochowo-gmina wiejska,sierpecki
5950,Rokicina,496.802,577.764,0732186,116111,wieś,Młodzieszyn-gmina wiejska,sochaczewski
5951,Rokitnica,424.505,603.143,0629732,116171,wieś,Nowe Miasto nad Pilicą-gmina miejsko-wiejska,grójecki
5952,Rokitno,481.412,612.922,0000359,116197,wieś,Błonie-gmina miejsko-wiejska,warszawski zachodni
5953,Rokitno-Majątek,481.286,614.067,0000388,116204,osada,Błonie-gmina miejsko-wiejska,warszawski zachodni
5954,Rokitówka,607.372,654.598,0511456,116215,osada leśna,Kadzidło-gmina wiejska,ostrołęcki
5955,Rokocina,497.175,576.358,0566517,116225,wieś,Iłów-gmina wiejska,sochaczewski
5956,Rokotów,481.822,583.920,0733955,116237,wieś,Nowa Sucha-gmina wiejska,sochaczewski
5957,Romanowo,558.596,636.495,0117015,116406,wieś,Karniewo-gmina wiejska,makowski
5958,Romany-Fuszki,583.847,625.773,0512639,116467,wieś,Krzynowłoga Mała-gmina wiejska,przasnyski
5959,Romany-Janowięta,582.821,624.928,0512645,116469,wieś,Krzynowłoga Mała-gmina wiejska,przasnyski
5960,Romany-Sebory,584.006,624.487,0512651,116471,wieś,Krzynowłoga Mała-gmina wiejska,przasnyski
5961,Romany-Sędzięta,591.961,623.338,0512674,116472,wieś,Krzynowłoga Mała-gmina wiejska,przasnyski
5962,Romanów,493.146,553.506,0572914,116422,wieś,Pacyna-gmina wiejska,gostyniński
5963,Romanów,435.592,627.767,0620501,116425,wieś,Goszczyn-gmina wiejska,grójecki
5964,Romanów,412.866,646.086,0625160,116429,wieś,Jedlińsk-gmina wiejska,radomski
5965,Romanów,384.404,646.167,0627199,116432,wieś,Kowala-gmina wiejska,radomski
5966,Romanów,414.134,625.113,0642158,116428,wieś,Wyśmierzyce-gmina miejsko-wiejska,białobrzeski
5967,Romatowo,545.927,541.551,0571547,116483,wieś,Mochowo-gmina wiejska,sierpecki
5968,Romualdów,392.177,619.018,0640797,116502,wieś,Wieniawa-gmina wiejska,przysuski
5969,Ropele,562.815,607.926,0112727,116522,wieś,Ciechanów-gmina wiejska,ciechanowski
5970,Rosocha,422.375,607.472,0629749,116589,wieś,Nowe Miasto nad Pilicą-gmina miejsko-wiejska,grójecki
5971,Rosochy,570.359,599.333,0127479,116637,wieś,Stupsk-gmina wiejska,mławski
5972,Rosochów,444.215,622.455,0614274,116630,wieś,Belsk Duży-gmina wiejska,grójecki
5973,Rososz,605.132,662.600,0511380,116657,wieś,Kadzidło-gmina wiejska,ostrołęcki
5974,Rososz,563.261,678.441,0522610,116654,wieś,Wąsewo-gmina wiejska,ostrowski
5975,Rososz,451.184,649.617,0616824,116658,wieś,Chynów-gmina wiejska,grójecki
5976,Rososz,476.102,684.413,0669252,116656,wieś,Cegłów-gmina miejsko-wiejska,miński
5977,Rososz,481.180,705.345,0676826,116655,wieś,Kotuń-gmina wiejska,siedlecki
5978,Rososzka,450.140,650.530,0616830,116665,wieś,Chynów-gmina wiejska,grójecki
5979,Rosołów,449.523,618.593,0631611,116650,wieś,Pniewy-gmina wiejska,grójecki
5980,Rostki,529.735,613.935,0120951,116689,wieś,Nowe Miasto-gmina miejsko-wiejska,płoński
5981,Rostki,555.649,650.469,0521348,116704,wieś,Szelków-gmina wiejska,makowski
5982,Rostki,573.851,684.287,0522276,116696,wieś,Troszyn-gmina wiejska,ostrołęcki
5983,Rostki,525.658,706.137,0681307,116695,wieś,Miedzna-gmina wiejska,węgrowski
5984,Rostki Wielkie,540.692,708.638,0514510,116705,wieś,Małkinia Górna-gmina miejsko-wiejska,ostrowski
5985,Rostki-Daćbogi,544.494,709.034,0411714,116697,wieś,Zaręby Kościelne-gmina wiejska,ostrowski
5986,Rostki-Piotrowice,541.312,709.882,0514503,116699,wieś,Małkinia Górna-gmina miejsko-wiejska,ostrowski
5987,Rostkowice,510.738,582.471,0579342,116708,wieś,Wyszogród-gmina miejsko-wiejska,płocki
5988,Rostkowo,572.390,621.399,0113253,116710,wieś,Czernice Borowe-gmina wiejska,przasnyski
5989,Rostkowo,533.040,577.104,0576993,116709,wieś,Staroźreby-gmina miejsko-wiejska,płocki
5990,Rostkowo-Orszymowice,532.115,576.846,0576622,116711,wieś,Staroźreby-gmina miejsko-wiejska,płocki
5991,Rostowa,557.203,566.238,0125500,116720,wieś,Siemiątkowo-gmina wiejska,żuromiński
5992,Roszczep,511.099,657.135,0511605,116730,wieś,Klembów-gmina wiejska,wołomiński
5993,Rowiska,513.891,690.246,0675726,116829,wieś,Korytnica-gmina wiejska,węgrowski
5994,Rowy,548.264,654.398,0515394,116845,wieś,Obryte-gmina wiejska,pułtuski
5995,Rowy,443.777,681.482,0678647,116855,osada,Łaskarzew-gmina wiejska,garwoliński
5996,Rozalin,466.157,620.265,0005405,116875,wieś,Nadarzyn-gmina wiejska,pruszkowski
5997,Rozalin,525.498,675.285,0523407,196454,osada leśna,Wyszków-gmina miejsko-wiejska,wyszkowski
5998,Rozalin,511.719,681.717,0692050,116876,wieś,Strachówka-gmina wiejska,wołomiński
5999,Rozbity Kamień,501.262,716.545,0668459,116889,wieś,Bielany-gmina wiejska,sokołowski
6000,Rozdziały,546.989,654.019,0515402,116937,wieś,Obryte-gmina wiejska,pułtuski
6001,Rozlazłów,486.049,582.739,0738533,116990,wieś,Sochaczew-gmina wiejska,sochaczewski
6002,Rozniszew,440.137,657.809,0628945,117020,wieś,Magnuszew-gmina miejsko-wiejska,kozienicki
6003,Roztoka,495.251,609.994,0004541,117096,wieś,Leszno-gmina wiejska,warszawski zachodni
6004,Roztropna,477.072,589.734,0733978,117155,wieś,Nowa Sucha-gmina wiejska,sochaczewski
6005,Roztworów,432.718,619.904,0614825,117156,wieś,Błędów-gmina wiejska,grójecki
6006,Rozwady,390.869,600.103,0618941,117171,wieś,Gielniów-gmina miejsko-wiejska,przysuski
6007,Rozwadów,502.994,767.033,0019040,117161,wieś,Sarnaki-gmina wiejska,łosicki
6008,Rozwory,584.450,683.419,0519541,117181,wieś,Rzekuń-gmina wiejska,ostrołęcki
6009,Rozwozin,577.760,554.368,0130300,117183,wieś,Żuromin-gmina miejsko-wiejska,żuromiński
6010,Rościszewo,560.068,552.066,0574250,116787,wieś,Rościszewo-gmina wiejska,sierpecki
6011,Rożce,443.149,620.661,0614280,117194,wieś,Belsk Duży-gmina wiejska,grójecki
6012,Rożki,387.030,642.553,0627213,117215,wieś,Kowala-gmina wiejska,radomski
6013,Ruchenka,504.441,709.685,0678021,117623,wieś,Liw-gmina wiejska,węgrowski
6014,Ruchna,505.350,708.214,0678044,117627,wieś,Liw-gmina wiejska,węgrowski
6015,Ruciany,499.552,722.448,0668471,117638,wieś,Bielany-gmina wiejska,sokołowski
6016,Ruda,513.072,645.516,0007769,117691,wieś,Radzymin-gmina miejsko-wiejska,wołomiński
6017,Ruda,458.606,628.434,0009410,117700,wieś,Tarczyn-gmina miejsko-wiejska,piaseczyński
6018,Ruda,588.192,610.026,0114318,117699,wieś,Dzierzgowo-gmina wiejska,mławski
6019,Ruda,587.919,557.496,0118820,117678,wieś,Lubowidz-gmina miejsko-wiejska,żuromiński
6020,Ruda,551.632,682.882,0522626,117682,wieś,Wąsewo-gmina wiejska,ostrowski
6021,Ruda,380.062,667.641,0626403,117724,wieś,Kazanów-gmina miejsko-wiejska,zwoleński
6022,Ruda,412.056,679.606,0627740,117719,wieś,Kozienice-gmina miejsko-wiejska,kozienicki
6023,Ruda,385.077,687.777,0633627,117727,wieś,Przyłęk-gmina wiejska,zwoleński
6024,Ruda,482.400,668.666,0670166,117697,wieś,Dębe Wielkie-gmina wiejska,miński
6025,Ruda,504.787,752.814,0675229,117709,wieś,Korczew-gmina wiejska,siedlecki
6026,Ruda,428.221,697.339,0692618,117716,wieś,Trojanów-gmina wiejska,garwoliński
6027,Ruda Mała,383.313,644.151,0627236,117795,wieś,Kowala-gmina wiejska,radomski
6028,Ruda Szostkowska,470.349,708.829,0694936,117812,wieś,Wodynie-gmina wiejska,siedlecki
6029,Ruda Talubska,446.225,678.748,0671183,117814,wieś,Garwolin-gmina wiejska,garwoliński
6030,Ruda Tarnowska,438.027,669.243,0694037,117815,wieś,Wilga-gmina wiejska,garwoliński
6031,Ruda Wielka,382.179,642.774,0641118,117819,wieś,Wierzbica-gmina wiejska,radomski
6032,Ruda Wolińska,470.099,709.303,0694847,117821,wieś,Wodynie-gmina wiejska,siedlecki
6033,Ruda-Czernik,506.325,680.777,0692080,117761,wieś,Strachówka-gmina wiejska,wołomiński
6034,Ruda-Kolonia,499.888,725.088,0668488,117763,kolonia,Bielany-gmina wiejska,sokołowski
6035,Ruda-Pniewnik,504.902,683.033,0670516,117771,wieś,Dobre-gmina miejsko-wiejska,miński
6036,Rudka,477.751,659.222,0010180,117917,wieś,Wiązowna-gmina wiejska,otwocki
6037,Rudka,486.378,765.258,0020445,117920,wieś,Stara Kornica-gmina wiejska,łosicki
6038,Rudka,480.379,694.306,0682991,117918,wieś,Mrozy-gmina miejsko-wiejska,miński
6039,Rudka-Sanatorium,480.147,693.338,0683016,175494,osada,Mrozy-gmina miejsko-wiejska,miński
6040,Rudki,421.890,598.478,0629755,117975,wieś,Nowe Miasto nad Pilicą-gmina miejsko-wiejska,grójecki
6041,Rudki,386.728,694.121,0633490,117979,wieś,Przyłęk-gmina wiejska,zwoleński
6042,Rudnik,487.334,750.790,0015616,118095,wieś,Łosice-gmina miejsko-wiejska,łosicki
6043,Rudnik,395.079,614.443,0633774,81451,osada,Przysucha-gmina miejsko-wiejska,przysuski
6044,Rudnik,480.766,688.293,0669275,118092,wieś,Cegłów-gmina miejsko-wiejska,miński
6045,Rudnik,457.861,668.406,0683358,118093,wieś,Osieck-gmina miejsko-wiejska,otwocki
6046,Rudnik Duży,461.875,700.154,0694853,118115,wieś,Wodynie-gmina wiejska,siedlecki
6047,Rudnik Mały,462.486,698.669,0694860,118116,wieś,Wodynie-gmina wiejska,siedlecki
6048,Rudniki,506.966,671.218,0521880,118143,wieś,Tłuszcz-gmina miejsko-wiejska,wołomiński
6049,Rudniki,509.333,741.225,0685200,118146,wieś,Repki-gmina wiejska,sokołowski
6050,Rudniwa,585.313,556.861,0118629,118162,kolonia,Lubowidz-gmina miejsko-wiejska,żuromiński
6051,Rudno,385.015,614.647,0615470,118183,wieś,Borkowice-gmina wiejska,przysuski
6052,Rudno,496.237,684.870,0670545,118178,wieś,Dobre-gmina miejsko-wiejska,miński
6053,Rudno,471.714,671.762,0674879,118177,wieś,Kołbiel-gmina wiejska,otwocki
6054,Rudno Jeziorowe,584.855,617.085,0512711,118194,wieś,Krzynowłoga Mała-gmina wiejska,przasnyski
6055,Rudno Kmiece,583.804,616.405,0512728,118195,wieś,Krzynowłoga Mała-gmina wiejska,przasnyski
6056,Rudno-Kosiły,585.835,615.362,0512384,58870,wieś,Krzynowłoga Mała-gmina wiejska,przasnyski
6057,Rudowo,564.809,581.920,0127025,118218,wieś,Strzegowo-gmina wiejska,mławski
6058,Rudowo,532.994,557.088,0559919,168383,wieś,Bielsk-gmina wiejska,płocki
6059,Rudzienko,495.406,681.859,0670551,118294,wieś,Dobre-gmina miejsko-wiejska,miński
6060,Rudzienko,474.233,670.696,0674900,118293,wieś,Kołbiel-gmina wiejska,otwocki
6061,Rumianka,462.322,614.495,0740671,118363,wieś,Żabia Wola-gmina wiejska,grodziski
6062,Rumoka,551.460,598.454,0114815,118378,wieś,Glinojeck-gmina miejsko-wiejska,ciechanowski
6063,Rumoka,579.307,580.464,0118440,118377,wieś,Lipowiec Kościelny-gmina wiejska,mławski
6064,Rumunki,507.288,554.692,0564027,118390,wieś,Gąbin-gmina miejsko-wiejska,płocki
6065,Rumunki,510.002,527.528,0564790,118386,wieś,Gostynin-gmina wiejska,gostyniński
6066,Rumunki-Chwały,558.890,556.152,0574267,118407,wieś,Rościszewo-gmina wiejska,sierpecki
6067,Rumunki-Stara Wieś,558.819,558.241,0574280,118401,wieś,Rościszewo-gmina wiejska,sierpecki
6068,Runów,462.187,633.409,0006497,118454,wieś,Piaseczno-gmina miejsko-wiejska,piaseczyński
6069,Runów,462.066,631.853,0006505,193587,osada leśna,Piaseczno-gmina miejsko-wiejska,piaseczyński
6070,Rupin,589.941,647.896,0506372,118461,wieś,Baranowo-gmina wiejska,ostrołęcki
6071,Rupin,567.893,658.785,0514762,118459,wieś,Młynarze-gmina wiejska,makowski
6072,Rusiec,469.595,622.638,0005411,118502,wieś,Nadarzyn-gmina wiejska,pruszkowski
6073,Rusinów,380.271,617.274,0615486,118534,wieś,Borkowice-gmina wiejska,przysuski
6074,Rusinów,397.699,610.188,0635371,118535,wieś,Rusinów-gmina wiejska,przysuski
6075,Ruski Bród,381.244,609.707,0633917,118571,wieś,Przysucha-gmina miejsko-wiejska,przysuski
6076,Ruskołęka-Parcele,557.548,711.737,0394832,118599,wieś,Andrzejewo-gmina wiejska,ostrowski
6077,Rusków,501.344,754.006,0017621,118604,wieś,Platerów-gmina wiejska,łosicki
6078,Ruszkowice,387.093,615.584,0615500,118654,wieś,Borkowice-gmina wiejska,przysuski
6079,Ruszkowo,549.661,623.639,0115312,118661,wieś,Gołymin-Ośrodek-gmina wiejska,ciechanowski
6080,Ruszkowo,524.570,616.493,0120537,118662,wieś,Nasielsk-gmina miejsko-wiejska,nowodworski
6081,Ruszków,504.729,526.557,0564808,118665,wieś,Gostynin-gmina wiejska,gostyniński
6082,Rutki,556.821,630.702,0116926,118714,wieś,Karniewo-gmina wiejska,makowski
6083,Rutki-Begny,557.851,601.713,0112733,118721,wieś,Ciechanów-gmina wiejska,ciechanowski
6084,Rutki-Borki,556.371,600.286,0112756,118722,wieś,Ciechanów-gmina wiejska,ciechanowski
6085,Rutki-Głowice,555.458,601.225,0112779,118724,wieś,Ciechanów-gmina wiejska,ciechanowski
6086,Rutki-Marszewice,557.205,602.983,0112800,118728,wieś,Ciechanów-gmina wiejska,ciechanowski
6087,Rutkowo,613.823,644.396,0508075,118741,wieś,Czarnia-gmina wiejska,ostrołęcki
6088,Ruzieck,581.903,651.633,0512059,118758,wieś,Krasnosielc-gmina wiejska,makowski
6089,Rybaki,506.456,564.561,0575522,118798,wieś,Słubice-gmina wiejska,płocki
6090,Rybakówka,549.083,624.825,0115329,118821,kolonia,Gołymin-Ośrodek-gmina wiejska,ciechanowski
6091,Rybakówka,488.740,727.905,0686865,118824,osada,Siedlce-gmina wiejska,siedlecki
6092,Rybianka,377.456,628.196,0639363,118858,wieś,Szydłowiec-gmina miejsko-wiejska,szydłowiecki
6093,Rybiczyzna,363.359,663.601,0635767,118862,wieś,Rzeczniów-gmina wiejska,lipski
6094,Rybie,478.139,632.925,0008071,118865,wieś,Raszyn-gmina wiejska,pruszkowski
6095,Rybie,498.105,548.404,0572920,118864,wieś,Pacyna-gmina wiejska,gostyniński
6096,Rybienko Nowe,527.438,664.147,0523212,118883,wieś,Wyszków-gmina miejsko-wiejska,wyszkowski
6097,Rybienko Stare,526.221,664.898,0523301,118884,wieś,Wyszków-gmina miejsko-wiejska,wyszkowski
6098,Rybionek,487.262,571.871,0736882,118898,wieś,Rybno-gmina wiejska,sochaczewski
6099,Rybitew,503.335,608.499,0004222,118901,wieś,Leoncin-gmina wiejska,nowodworski
6100,Rybitwy,545.822,587.941,0111863,118911,wieś,Baboszewo-gmina wiejska,płoński
6101,Rybne,506.009,523.453,0564814,118943,wieś,Gostynin-gmina wiejska,gostyniński
6102,Rybno,525.574,663.830,0523258,118999,wieś,Wyszków-gmina miejsko-wiejska,wyszkowski
6103,Rybno,486.886,575.232,0736907,119000,wieś,Rybno-gmina wiejska,sochaczewski
6104,Rycharcice,537.230,548.887,0565400,170822,wieś,Gozdowo-gmina wiejska,sierpecki
6105,Rycica,594.051,648.537,0506395,119097,wieś,Baranowo-gmina wiejska,ostrołęcki
6106,Rycice,595.561,625.048,0507762,119100,wieś,Chorzele-gmina miejsko-wiejska,przasnyski
6107,Rycice,596.257,626.742,0507785,168391,osada leśna,Chorzele-gmina miejsko-wiejska,przasnyski
6108,Rycice,596.961,629.043,0507791,194079,osada leśna,Chorzele-gmina miejsko-wiejska,przasnyski
6109,Ryczołek,484.853,689.191,0673957,119122,wieś,Kałuszyn-gmina miejsko-wiejska,miński
6110,Ryczyca,483.661,700.021,0676832,119129,wieś,Kotuń-gmina wiejska,siedlecki
6111,Ryczyska,447.996,695.281,0680992,119132,wieś,Miastków Kościelny-gmina wiejska,garwoliński
6112,Ryczywół,427.619,667.390,0627756,119135,wieś,Kozienice-gmina miejsko-wiejska,kozienicki
6113,Rydzewo,557.331,596.697,0112822,119161,wieś,Ciechanów-gmina wiejska,ciechanowski
6114,Rydzewo,557.357,542.731,0575108,119160,wieś,Sierpc-gmina wiejska,sierpecki
6115,Rydzyn Szlachecki,559.663,584.182,0127031,119182,wieś,Strzegowo-gmina wiejska,mławski
6116,Rydzyn Włościański,560.230,583.361,0127048,119183,wieś,Strzegowo-gmina wiejska,mławski
6117,Rydzyno,513.742,552.126,0575870,119187,wieś,Słupno-gmina wiejska,płocki
6118,Rykaczewo,552.868,602.078,0112845,119219,wieś,Ciechanów-gmina wiejska,ciechanowski
6119,Rykały,426.793,625.501,0633165,119222,wieś,Promna-gmina wiejska,białobrzeski
6120,Ryki,412.308,636.741,0638263,119228,wieś,Stara Błotnica-gmina wiejska,białobrzeski
6121,Ryków,386.088,623.338,0640805,119246,wieś,Wieniawa-gmina wiejska,przysuski
6122,Rynek,557.976,685.231,0522632,119286,wieś,Wąsewo-gmina wiejska,ostrowski
6123,Rynia,514.080,641.152,0005670,119321,wieś,Nieporęt-gmina wiejska,legionowski
6124,Rynia,502.734,680.684,0670580,119323,wieś,Dobre-gmina miejsko-wiejska,miński
6125,Rynowo,579.513,549.737,0118842,119344,wieś,Lubowidz-gmina miejsko-wiejska,żuromiński
6126,Rysie,512.358,665.770,0521905,119382,wieś,Tłuszcz-gmina miejsko-wiejska,wołomiński
6127,Rysie,486.970,668.765,0670172,119383,wieś,Dębe Wielkie-gmina wiejska,miński
6128,Ryszki,440.642,640.104,0623824,119422,wieś,Jasieniec-gmina wiejska,grójecki
6129,Rytele Suche,540.016,711.644,0669743,119452,wieś,Ceranów-gmina wiejska,sokołowski
6130,Rytele Święckie,538.850,708.485,0676312,119453,wieś,Kosów Lacki-gmina miejsko-wiejska,sokołowski
6131,Rytele-Olechny,539.497,714.046,0669660,119449,wieś,Ceranów-gmina wiejska,sokołowski
6132,Rytele-Wszołki,539.679,711.329,0669750,119451,wieś,Ceranów-gmina wiejska,sokołowski
6133,Rytomoczydła,440.715,641.728,0623830,119463,wieś,Jasieniec-gmina wiejska,grójecki
6134,Rywociny,442.303,681.752,0678653,119484,kolonia,Łaskarzew-gmina wiejska,garwoliński
6135,Rzakta,477.027,668.003,0010091,119512,wieś,Wiązowna-gmina wiejska,otwocki
6136,Rzechowo Wielkie,568.210,647.370,0520969,119555,wieś,Sypniewo-gmina wiejska,makowski
6137,Rzechowo-Gać,566.712,649.513,0520952,119554,wieś,Sypniewo-gmina wiejska,makowski
6138,Rzechów-Kolonia,365.683,665.613,0635796,119557,wieś,Rzeczniów-gmina wiejska,lipski
6139,Rzechówek,566.797,650.578,0520975,119558,wieś,Sypniewo-gmina wiejska,makowski
6140,Rzeczki,554.186,613.478,0112868,119595,wieś,Ciechanów-gmina wiejska,ciechanowski
6141,Rzeczków,379.745,643.503,0641130,119622,wieś,Wierzbica-gmina wiejska,radomski
6142,Rzeczków-Kolonia,378.373,641.913,0641147,119623,wieś,Wierzbica-gmina wiejska,radomski
6143,Rzeczniów,365.048,670.959,0635804,119632,wieś,Rzeczniów-gmina wiejska,lipski
6144,Rzeczniów-Kolonia,364.127,669.217,0635833,119633,wieś,Rzeczniów-gmina wiejska,lipski
6145,Rzeczniówek,365.056,668.987,0635840,119634,wieś,Rzeczniów-gmina wiejska,lipski
6146,Rzekuń,579.192,675.897,0519558,119747,wieś,Rzekuń-gmina wiejska,ostrołęcki
6147,Rzepki,498.115,573.811,0566523,119807,wieś,Iłów-gmina wiejska,sochaczewski
6148,Rzeszotary-Chwały,557.907,555.368,0574296,16958,wieś,Rościszewo-gmina wiejska,sierpecki
6149,Rzeszotary-Gortaty,556.107,554.672,0574304,36635,wieś,Rościszewo-gmina wiejska,sierpecki
6150,Rzeszotary-Pszczele,558.527,554.046,0574310,112696,wieś,Rościszewo-gmina wiejska,sierpecki
6151,Rzeszotary-Stara Wieś,556.849,554.859,0574327,128473,wieś,Rościszewo-gmina wiejska,sierpecki
6152,Rzeszotary-Zawady,560.202,556.077,0574333,159786,wieś,Rościszewo-gmina wiejska,sierpecki
6153,Rzeszotko,547.569,601.160,0121293,119854,wieś,Ojrzeń-gmina wiejska,ciechanowski
6154,Rzeszotków,496.068,729.881,0683565,119855,wieś,Paprotnia-gmina wiejska,siedlecki
6155,Rzewin,540.690,586.268,0111870,119872,wieś,Baboszewo-gmina wiejska,płoński
6156,Rzewnie,554.719,657.402,0519950,119873,wieś,Rzewnie-gmina wiejska,makowski
6157,Rzewuszki,501.572,761.738,0019057,119877,wieś,Sarnaki-gmina wiejska,łosicki
6158,Rzodkiewnica,602.191,643.098,0507800,119943,wieś,Chorzele-gmina miejsko-wiejska,przasnyski
6159,Rzuców,380.993,620.987,0615575,119954,wieś,Borkowice-gmina wiejska,przysuski
6160,Rzy,537.459,605.643,0125925,119962,wieś,Sochocin-gmina miejsko-wiejska,płoński
6161,Rzy,538.459,606.030,0125931,168390,osada leśna,Sochocin-gmina miejsko-wiejska,płoński
6162,Rządza,490.119,684.420,0673644,119525,wieś,Jakubów-gmina wiejska,miński
6163,Rządza,497.849,673.501,0690157,119524,wieś,Stanisławów-gmina miejsko-wiejska,miński
6164,Rząśnik,541.160,659.703,0519162,119538,wieś,Rząśnik-gmina wiejska,wyszkowski
6165,Rząśnik,568.454,701.257,0520662,119539,wieś,Stary Lubotyń-gmina wiejska,ostrowski
6166,Rząśnik Szlachecki,557.052,682.434,0522655,119542,wieś,Wąsewo-gmina wiejska,ostrowski
6167,Rząśnik Włościański,557.620,682.981,0522661,119543,wieś,Wąsewo-gmina wiejska,ostrowski
6168,Rząśnik-Majdan,555.049,681.781,0522649,119540,wieś,Wąsewo-gmina wiejska,ostrowski
6169,Rzążew,478.799,738.028,0696616,119548,wieś,Zbuczyn-gmina wiejska,siedlecki
6170,Rzęgnowo,583.396,613.106,0114324,119924,wieś,Dzierzgowo-gmina wiejska,mławski
6171,Rzęszyce,490.830,592.973,0003346,119929,wieś,Kampinos-gmina wiejska,warszawski zachodni
6172,Rzężawy,578.456,556.458,0130317,119934,wieś,Żuromin-gmina miejsko-wiejska,żuromiński
6173,Róg,580.112,639.819,0511812,117265,osada leśna,Krasnosielc-gmina wiejska,makowski
6174,Rówce,472.579,732.733,0696600,117287,wieś,Zbuczyn-gmina wiejska,siedlecki
6175,Równe,509.298,676.981,0692067,117332,wieś,Strachówka-gmina wiejska,wołomiński
6176,Równe,508.283,676.552,0692073,196209,osada leśna,Strachówka-gmina wiejska,wołomiński
6177,Rózin,491.975,611.262,1058958,117427,osada leśna,Leszno-gmina wiejska,warszawski zachodni
6178,Różan,561.029,661.177,0966412,117457,miasto,Różan-gmina miejsko-wiejska,makowski
6179,Różanna,413.458,603.564,0630190,117506,wieś,Odrzywół-gmina miejsko-wiejska,przysuski
6180,Różanów,473.419,586.422,0739567,117510,wieś,Wiskitki-gmina miejsko-wiejska,żyrardowski
6181,Różowa,486.708,761.694,0015562,117561,wieś,Łosice-gmina miejsko-wiejska,łosicki
6182,Rąbierz-Kolonia,497.979,685.487,0670500,114947,wieś,Dobre-gmina miejsko-wiejska,miński
6183,Rąbież,517.231,597.240,0119400,114951,wieś,Naruszewo-gmina wiejska,płoński
6184,Rąbież,565.347,615.925,0121778,114950,wieś,Opinogóra Górna-gmina wiejska,ciechanowski
6185,Rąbież,506.631,696.968,0675703,114952,wieś,Korytnica-gmina wiejska,węgrowski
6186,Rąbież,497.982,687.441,0693664,114953,wieś,Wierzbno-gmina wiejska,węgrowski
6187,Rąbież Gruduski,580.407,610.288,0115766,114954,wieś,Grudusk-gmina wiejska,ciechanowski
6188,Rąkcice,516.107,578.454,0571004,114980,wieś,Mała Wieś-gmina wiejska,płocki
6189,Rębisze-Działy,566.038,672.848,0510340,115480,wieś,Goworowo-gmina wiejska,ostrołęcki
6190,Rębisze-Kolonia,564.304,671.855,0510356,115481,wieś,Goworowo-gmina wiejska,ostrołęcki
6191,Rębisze-Parcele,565.782,671.781,0510362,115482,wieś,Goworowo-gmina wiejska,ostrołęcki
6192,Rębkowo,532.025,629.112,0129403,115489,wieś,Winnica-gmina wiejska,pułtuski
6193,Rębków,448.553,675.742,0671125,115491,wieś,Garwolin-gmina wiejska,garwoliński
6194,Rębowo,505.936,580.728,0579253,115502,wieś,Wyszogród-gmina miejsko-wiejska,płocki
6195,Rębowola,440.169,621.129,0614245,115503,wieś,Belsk Duży-gmina wiejska,grójecki
6196,Rębów,505.595,521.086,0564777,115504,wieś,Gostynin-gmina wiejska,gostyniński
6197,Ręczaje Polskie,498.919,659.521,0684292,115512,wieś,Poświętne-gmina wiejska,wołomiński
6198,Rękawczyn,540.407,543.415,0565370,115602,wieś,Gozdowo-gmina wiejska,sierpecki
6199,Rękowice,443.082,659.597,0628939,115620,wieś,Magnuszew-gmina miejsko-wiejska,kozienicki
6200,Rżaniec,583.405,655.060,0516005,120029,wieś,Olszewo-Borki-gmina wiejska,ostrołęcki
6201,Rżyska,504.753,652.385,0007798,120034,wieś,Radzymin-gmina miejsko-wiejska,wołomiński
6202,Sabat,390.299,633.511,0641650,120045,kolonia,Wolanów-gmina wiejska,radomski
6203,Sabnie,520.147,724.312,0685660,120058,wieś,Sabnie-gmina wiejska,sokołowski
6204,Sacin,421.996,608.690,0629761,120128,wieś,Nowe Miasto nad Pilicą-gmina miejsko-wiejska,grójecki
6205,Sade Budy,467.278,602.321,0728575,120140,wieś,Jaktorów-gmina wiejska,grodziski
6206,Sadek,542.343,594.390,0114838,120145,wieś,Glinojeck-gmina miejsko-wiejska,ciechanowski
6207,Sadek,372.340,632.051,0639392,120151,wieś,Szydłowiec-gmina miejsko-wiejska,szydłowiecki
6208,Sadkowice,362.903,692.456,0637795,120182,wieś,Solec nad Wisłą-gmina miejsko-wiejska,lipski
6209,Sadkowice-Kolonia,362.385,689.591,0637878,120179,wieś,Solec nad Wisłą-gmina miejsko-wiejska,lipski
6210,Sadkowo,529.316,578.629,0114028,120186,wieś,Dzierzążnia-gmina wiejska,płoński
6211,Sadków,394.597,654.999,0625600,120193,wieś,Jedlnia-Letnisko-gmina miejsko-wiejska,radomski
6212,Sadków Duchowny,445.321,622.904,0614305,120196,wieś,Belsk Duży-gmina wiejska,grójecki
6213,Sadków Szlachecki,445.610,620.804,0614334,120197,wieś,Belsk Duży-gmina wiejska,grójecki
6214,Sadków-Kolonia,444.775,619.928,0614328,120195,wieś,Belsk Duży-gmina wiejska,grójecki
6215,Sadoleś,536.001,695.582,0686003,120241,wieś,Sadowne-gmina wiejska,węgrowski
6216,Sadowa,500.044,624.473,0005180,120243,wieś,Łomianki-gmina miejsko-wiejska,warszawski zachodni
6217,Sadowne,534.347,692.555,0686010,120274,wieś,Sadowne-gmina wiejska,węgrowski
6218,Sadowne,533.232,693.687,0686055,196149,osada leśna,Sadowne-gmina wiejska,węgrowski
6219,Sadowne,530.653,693.870,1059930,199700,osada,Sadowne-gmina wiejska,węgrowski
6220,Sadowo,578.568,564.407,0130323,120280,wieś,Żuromin-gmina miejsko-wiejska,żuromiński
6221,Sadowo,490.907,568.405,0566530,120282,wieś,Iłów-gmina wiejska,sochaczewski
6222,Sady,507.609,612.523,0001436,120313,wieś,Czosnów-gmina wiejska,nowodworski
6223,Sady,507.260,559.751,0575551,120312,wieś,Słubice-gmina wiejska,płocki
6224,Sady,399.058,617.194,0632585,120316,wieś,Potworów-gmina wiejska,przysuski
6225,Sady-Kolonia,400.497,617.003,0626780,120322,wieś,Klwów-gmina wiejska,przysuski
6226,Sadykierz,571.174,664.163,0514779,120342,wieś,Młynarze-gmina wiejska,makowski
6227,Sadykierz,539.691,654.882,0515419,120339,wieś,Obryte-gmina wiejska,pułtuski
6228,Sadówiec,516.994,599.708,0129975,120292,wieś,Załuski-gmina wiejska,płoński
6229,Sadłowo,569.862,562.762,0112182,120221,wieś,Bieżuń-gmina miejsko-wiejska,żuromiński
6230,Sadłowo-Parcele,569.641,562.991,0112207,120223,wieś,Bieżuń-gmina miejsko-wiejska,żuromiński
6231,Sagaje,548.332,697.028,0516620,120403,osada,Ostrów Mazowiecka-gmina wiejska,ostrowski
6232,Sajdy,377.544,672.074,0617433,120430,wieś,Ciepielów-gmina miejsko-wiejska,lipski
6233,Sakówka,441.602,618.068,0615010,120464,wieś,Błędów-gmina wiejska,grójecki
6234,Salomonka,533.614,606.472,0120968,120516,wieś,Nowe Miasto-gmina miejsko-wiejska,płoński
6235,Sambórz,519.525,560.058,0575893,120576,wieś,Słupno-gmina wiejska,płocki
6236,Samogoszcz,434.821,670.081,0680756,120619,wieś,Maciejowice-gmina miejsko-wiejska,garwoliński
6237,Samorządki,443.274,690.309,0671929,120637,wieś,Górzno-gmina wiejska,garwoliński
6238,Samorządki-Kolonia,443.724,689.186,0671941,120638,wieś,Górzno-gmina wiejska,garwoliński
6239,Samotrzask,524.376,684.796,0679196,120660,wieś,Łochów-gmina miejsko-wiejska,węgrowski
6240,Samotrzask,524.827,685.213,0679204,168416,osada leśna,Łochów-gmina miejsko-wiejska,węgrowski
6241,Samwodzie,416.799,682.399,0627762,120690,wieś,Kozienice-gmina miejsko-wiejska,kozienicki
6242,Sanniki,496.559,558.722,0574511,120725,miasto,Sanniki-gmina miejsko-wiejska,gostyniński
6243,Sapy,451.857,591.967,0735010,120780,wieś,Puszcza Mariańska-gmina wiejska,żyrardowski
6244,Sarbiewo,538.096,591.571,0111886,120806,wieś,Baboszewo-gmina wiejska,płoński
6245,Sarnaki,501.552,765.017,0019063,120847,wieś,Sarnaki-gmina wiejska,łosicki
6246,Sarnowa Góra,547.039,609.307,0126362,120914,wieś,Sońsk-gmina wiejska,ciechanowski
6247,Sarnowiec,500.613,745.324,0675152,120919,osada leśna,Korczew-gmina wiejska,siedlecki
6248,Sarnowo,585.803,570.518,0117860,120937,wieś,Kuczbork-Osada-gmina wiejska,żuromiński
6249,Sarnowo-Góry,527.058,585.321,0114034,120940,wieś,Dzierzążnia-gmina wiejska,płoński
6250,Sarnów,402.853,691.732,0620122,120955,wieś,Gniewoszów-gmina wiejska,kozienicki
6251,Sarnów,490.225,577.281,0736942,120952,wieś,Rybno-gmina wiejska,sochaczewski
6252,Sarzyn,529.586,572.245,0577001,120992,wieś,Staroźreby-gmina miejsko-wiejska,płocki
6253,Sawały,574.962,687.894,0522282,121049,wieś,Troszyn-gmina wiejska,ostrołęcki
6254,Sawice-Bronisze,502.132,737.950,0685222,121057,wieś,Repki-gmina wiejska,sokołowski
6255,Sawice-Dwór,503.773,737.436,0685239,173522,wieś,Repki-gmina wiejska,sokołowski
6256,Sawice-Wieś,503.281,737.366,0685245,121058,wieś,Repki-gmina wiejska,sokołowski
6257,Sałki,504.173,528.059,0564820,120540,wieś,Gostynin-gmina wiejska,gostyniński
6258,Sałki,400.080,671.916,0630988,120541,wieś,Pionki-gmina wiejska,radomski
6259,Sańbórz,422.896,598.334,0629778,120751,wieś,Nowe Miasto nad Pilicą-gmina miejsko-wiejska,grójecki
6260,Seborki,588.618,658.202,0506001,153821,osada leśna,Baranowo-gmina wiejska,ostrołęcki
6261,Secymin Polski,502.733,597.467,0004239,121183,wieś,Leoncin-gmina wiejska,nowodworski
6262,Secyminek,503.552,599.409,0004245,121184,wieś,Leoncin-gmina wiejska,nowodworski
6263,Sejkowice,493.105,547.147,0572937,121192,wieś,Pacyna-gmina wiejska,gostyniński
6264,Sekłak,516.757,686.877,0675732,121209,wieś,Korytnica-gmina wiejska,węgrowski
6265,Selwanówka,423.138,665.142,0627578,121232,wieś,Kozienice-gmina miejsko-wiejska,kozienicki
6266,Sendeń Duży,515.092,538.696,0569645,121502,wieś,Łąck-gmina wiejska,płocki
6267,Sendeń Mały,514.314,538.205,0569668,121503,wieś,Łąck-gmina wiejska,płocki
6268,Serafin,612.728,673.449,0513805,121269,wieś,Łyse-gmina wiejska,ostrołęcki
6269,Serafin,610.837,672.825,0513828,121270,osada leśna,Łyse-gmina wiejska,ostrołęcki
6270,Seredzice,367.635,651.932,0623400,121302,wieś,Iłża-gmina miejsko-wiejska,radomski
6271,Seredzice-Zawodzie,366.620,652.903,0623474,121303,wieś,Iłża-gmina miejsko-wiejska,radomski
6272,Serock,518.353,640.392,0921645,121316,miasto,Serock-gmina miejsko-wiejska,legionowski
6273,Seroczyn,566.030,689.800,0508371,121322,wieś,Czerwin-gmina wiejska,ostrołęcki
6274,Seroczyn,528.147,727.131,0690690,121325,wieś,Sterdyń-gmina wiejska,sokołowski
6275,Seroczyn,464.544,700.355,0694876,121323,wieś,Wodynie-gmina wiejska,siedlecki
6276,Seroczyn-Kolonia,528.170,724.751,0690714,121326,kolonia,Sterdyń-gmina wiejska,sokołowski
6277,Seroki,568.553,553.597,0119304,121332,wieś,Lutocin-gmina wiejska,żuromiński
6278,Seroki-Parcela,482.652,600.201,0739024,121334,wieś,Teresin-gmina wiejska,sochaczewski
6279,Seroki-Wieś,483.045,599.421,0739030,121335,wieś,Teresin-gmina wiejska,sochaczewski
6280,Serpelice,497.708,776.504,0019070,121339,wieś,Sarnaki-gmina wiejska,łosicki
6281,Setropie,537.630,567.572,0563594,121466,wieś,Drobin-gmina miejsko-wiejska,płocki
6282,Sewerynka,548.904,666.256,0509637,185828,wieś,Długosiodło-gmina wiejska,wyszkowski
6283,Sewerynowo,559.310,647.265,0508796,121469,wieś,Czerwonka-gmina wiejska,makowski
6284,Sewerynowo,557.892,648.230,0508804,144721,osada leśna,Czerwonka-gmina wiejska,makowski
6285,Sewerynów,485.138,760.246,0012670,121477,wieś,Huszlew-gmina wiejska,łosicki
6286,Sewerynów,489.646,571.782,0566552,121473,wieś,Iłów-gmina wiejska,sochaczewski
6287,Sewerynów,499.878,543.603,0578006,121470,wieś,Szczawin Kościelny-gmina wiejska,gostyniński
6288,Sewerynów,417.697,665.058,0619774,121479,wieś,Głowaczów-gmina miejsko-wiejska,kozienicki
6289,Sewerynów,368.048,681.274,0628282,121481,wieś,Lipsko-gmina miejsko-wiejska,lipski
6290,Sewerynów,406.357,631.753,0634377,121480,wieś,Przytyk-gmina miejsko-wiejska,radomski
6291,Sewerynów,510.098,687.522,0675749,121476,wieś,Korytnica-gmina wiejska,węgrowski
6292,Sewerynów,453.997,664.774,0687824,121475,wieś,Sobienie-Jeziory-gmina wiejska,otwocki
6293,Sewerynówka,524.618,729.088,0690720,121484,wieś,Sterdyń-gmina wiejska,sokołowski
6294,Sianno,495.436,589.409,0009573,121643,wieś,Brochów-gmina wiejska,sochaczewski
6295,Siarcza Łąka,603.639,660.731,0511396,121657,wieś,Kadzidło-gmina wiejska,ostrołęcki
6296,Siarki,587.399,666.110,0516034,121662,wieś,Olszewo-Borki-gmina wiejska,ostrołęcki
6297,Siciarz,562.947,567.948,0125517,121697,wieś,Siemiątkowo-gmina wiejska,żuromiński
6298,Siczki,399.484,660.207,0625639,121717,wieś,Jedlnia-Letnisko-gmina miejsko-wiejska,radomski
6299,Sieciechów,411.830,690.352,0636086,121760,wieś,Sieciechów-gmina wiejska,kozienicki
6300,Siecień,527.682,535.239,0561081,121764,wieś,Brudzeń Duży-gmina wiejska,płocki
6301,Siecień-Rumunki,529.179,533.883,0561098,121765,wieś,Brudzeń Duży-gmina wiejska,płocki
6302,Sieczychy,541.941,668.488,0509778,121778,wieś,Długosiodło-gmina wiejska,wyszkowski
6303,Siedem Mórg,449.995,669.927,0671510,121791,osada leśna,Garwolin-gmina wiejska,garwoliński
6304,Siedlce,482.610,724.776,0975173,121807,miasto,Siedlce-gmina miejska,Siedlce
6305,Siedlin,527.388,595.468,0122186,121865,wieś,Płońsk-gmina wiejska,płoński
6306,Siedliska,468.521,640.601,0006528,121887,wieś,Piaseczno-gmina miejsko-wiejska,piaseczyński
6307,Siedzów,450.691,657.730,0687830,122019,wieś,Sobienie-Jeziory-gmina wiejska,otwocki
6308,Siekierka Nowa,383.494,686.834,0616333,122047,wieś,Chotcza-gmina wiejska,lipski
6309,Siekierka Stara,383.940,688.131,0616385,122048,wieś,Chotcza-gmina wiejska,lipski
6310,Siekluki,529.369,587.202,0114040,122079,wieś,Dzierzążnia-gmina wiejska,płoński
6311,Sielc,553.729,688.902,0517039,122092,wieś,Ostrów Mazowiecka-gmina wiejska,ostrowski
6312,Sielce,497.363,562.463,0574528,122095,wieś,Sanniki-gmina miejsko-wiejska,gostyniński
6313,Sielce,429.708,638.464,0633188,122097,wieś,Promna-gmina wiejska,białobrzeski
6314,Sielce,419.097,653.005,0639009,122098,wieś,Stromiec-gmina wiejska,białobrzeski
6315,Sielec,505.941,590.380,0562123,122111,wieś,Czerwińsk nad Wisłą-gmina miejsko-wiejska,płoński
6316,Sielec,429.116,624.017,0620518,122112,wieś,Goszczyn-gmina wiejska,grójecki
6317,Sielice,479.188,588.471,0738540,122137,wieś,Sochaczew-gmina wiejska,sochaczewski
6318,Sielice-Kolonia,479.961,589.048,0738556,122138,kolonia,Sochaczew-gmina wiejska,sochaczewski
6319,Sieluń,566.177,661.519,0514785,122154,wieś,Młynarze-gmina wiejska,makowski
6320,Siemcichy,574.731,554.296,0119310,122156,wieś,Lutocin-gmina wiejska,żuromiński
6321,Siemienie,539.537,557.217,0563619,122205,wieś,Drobin-gmina miejsko-wiejska,płocki
6322,Siemiradz,409.151,637.094,0638270,122229,wieś,Stara Błotnica-gmina wiejska,białobrzeski
6323,Siemiątkowo,557.988,569.243,0125552,122184,wieś,Siemiątkowo-gmina wiejska,żuromiński
6324,Siemiątkowo,580.408,688.875,0522299,122185,wieś,Troszyn-gmina wiejska,ostrołęcki
6325,Siemiątkowo-Kosmy,558.358,569.459,0125546,122189,przysiółek,Siemiątkowo-gmina wiejska,żuromiński
6326,Siemiątkowo-Rechty,557.670,570.172,0125569,122186,wieś,Siemiątkowo-gmina wiejska,żuromiński
6327,Siemiątkowo-Rogale,559.286,569.049,0125575,122187,wieś,Siemiątkowo-gmina wiejska,żuromiński
6328,Siemiątkowo-Siódmaczka,559.273,566.055,0125581,122188,przysiółek,Siemiątkowo-gmina wiejska,żuromiński
6329,Siemnocha,587.555,670.070,0513290,122247,wieś,Lelis-gmina wiejska,ostrołęcki
6330,Siennica,524.663,621.388,0120543,122311,wieś,Nasielsk-gmina miejsko-wiejska,nowodworski
6331,Siennica,472.706,679.433,0687273,122312,miasto,Siennica-gmina miejsko-wiejska,miński
6332,Sienno,360.485,673.181,0636650,122343,miasto,Sienno-gmina miejsko-wiejska,lipski
6333,Sierakowiec,535.323,679.111,0506828,122389,osada leśna,Brańszczyk-gmina wiejska,wyszkowski
6334,Sierakowo,546.724,578.227,0123895,122401,wieś,Raciąż-gmina wiejska,płoński
6335,Sierakowo,572.283,628.705,0518116,122402,wieś,Przasnysz-gmina wiejska,przasnyski
6336,Sieraków,506.160,644.483,0007806,122421,wieś,Radzymin-gmina miejsko-wiejska,wołomiński
6337,Sieraków,495.636,623.472,0008941,122419,wieś,Izabelin-gmina wiejska,warszawski zachodni
6338,Sieraków,498.010,528.946,0564837,122417,wieś,Gostynin-gmina wiejska,gostyniński
6339,Sierakówek,500.335,528.950,0564843,122432,wieś,Gostynin-gmina wiejska,gostyniński
6340,Sierpc,554.733,545.019,0969310,122489,miasto,Sierpc-gmina miejska,sierpecki
6341,Sierzchów,459.464,645.153,0002000,122512,wieś,Góra Kalwaria-gmina miejsko-wiejska,piaseczyński
6342,Siestrzeń,466.733,618.125,0740688,122528,wieś,Żabia Wola-gmina wiejska,grodziski
6343,Sikory,514.441,624.363,0008585,122649,wieś,Wieliszew-gmina wiejska,legionowski
6344,Sikory,555.493,577.053,0123903,122647,wieś,Raciąż-gmina wiejska,płoński
6345,Sikory,501.727,715.288,0668494,122651,wieś,Bielany-gmina wiejska,sokołowski
6346,Sikuty,446.179,637.909,0616920,122703,wieś,Chynów-gmina wiejska,grójecki
6347,Sikórz,530.422,539.207,0561106,122699,wieś,Brudzeń Duży-gmina wiejska,płocki
6348,Siliwonki,476.901,758.044,0012687,122713,wieś,Huszlew-gmina wiejska,łosicki
6349,Sinogóra,580.968,551.697,0118865,122777,wieś,Lubowidz-gmina miejsko-wiejska,żuromiński
6350,Sinołęka,487.971,697.835,0673963,122778,wieś,Kałuszyn-gmina miejsko-wiejska,miński
6351,Siodło,472.642,684.696,0687280,122800,wieś,Siennica-gmina miejsko-wiejska,miński
6352,Sionna,485.690,705.680,0676849,122820,wieś,Kotuń-gmina wiejska,siedlecki
6353,Sisice,539.431,632.784,0116211,122846,wieś,Gzy-gmina wiejska,pułtuski
6354,Sitki,508.370,658.630,0511611,122867,wieś,Klembów-gmina wiejska,wołomiński
6355,Sitne,515.822,672.439,0673325,122886,wieś,Jadów-gmina miejsko-wiejska,wołomiński
6356,Sitno,528.494,660.914,0523264,122926,wieś,Wyszków-gmina miejsko-wiejska,wyszkowski
6357,Siwianka,473.892,666.638,0674922,123017,wieś,Kołbiel-gmina wiejska,otwocki
6358,Skarbikowo,487.501,594.684,0003317,123360,wieś,Kampinos-gmina wiejska,warszawski zachodni
6359,Skarboszewo,518.829,590.616,0119586,123381,wieś,Naruszewo-gmina wiejska,płoński
6360,Skarszyn,517.824,581.442,0119592,123422,wieś,Naruszewo-gmina wiejska,płoński
6361,Skaryszew,385.070,656.933,0973820,123426,miasto,Skaryszew-gmina miejsko-wiejska,radomski
6362,Skarżyce,533.692,633.575,0129410,123433,wieś,Winnica-gmina wiejska,pułtuski
6363,Skarżyn,527.239,590.665,0122192,123429,wieś,Płońsk-gmina wiejska,płoński
6364,Skarżyn,565.522,681.880,0508388,123437,wieś,Czerwin-gmina wiejska,ostrołęcki
6365,Skarżyn,476.489,706.604,0687623,123438,wieś,Skórzec-gmina wiejska,siedlecki
6366,Skarżyn,501.027,693.063,0693670,123439,wieś,Wierzbno-gmina wiejska,węgrowski
6367,Skarżynek,549.616,607.067,0121301,123442,wieś,Ojrzeń-gmina wiejska,ciechanowski
6368,Skaszewo Włościańskie,541.556,625.367,0116228,123452,wieś,Gzy-gmina wiejska,pułtuski
6369,Skały,551.735,701.180,0517157,123314,kolonia,Ostrów Mazowiecka-gmina wiejska,ostrowski
6370,Skibniew-Kurcze,519.670,715.377,0689065,65392,wieś,Sokołów Podlaski-gmina wiejska,sokołowski
6371,Skibniew-Podawce,519.309,716.140,0689071,123518,wieś,Sokołów Podlaski-gmina wiejska,sokołowski
6372,Skierdy,505.710,624.142,0003062,192878,osada leśna,Jabłonna-gmina wiejska,legionowski
6373,Skierdy,505.794,623.093,0003079,123541,wieś,Jabłonna-gmina wiejska,legionowski
6374,Skierki,570.001,622.300,0113260,123545,wieś,Czernice Borowe-gmina wiejska,przasnyski
6375,Skierkowizna,587.619,627.831,0512734,123546,przysiółek,Krzynowłoga Mała-gmina wiejska,przasnyski
6376,Skoczkowo,554.388,555.680,0579916,123621,wieś,Zawidz-gmina wiejska,sierpecki
6377,Skoki,503.879,535.231,0564441,123641,wieś,Gostynin-gmina wiejska,gostyniński
6378,Skorki,529.285,654.949,0520277,123716,wieś,Somianka-gmina wiejska,wyszkowski
6379,Skorosze,529.174,628.361,0129426,123736,wieś,Winnica-gmina wiejska,pułtuski
6380,Skoroszki,530.146,628.572,0129432,123738,wieś,Winnica-gmina wiejska,pułtuski
6381,Skorupki,506.087,728.432,0685268,123749,wieś,Repki-gmina wiejska,sokołowski
6382,Skorupy,468.563,667.085,0674945,123753,wieś,Kołbiel-gmina wiejska,otwocki
6383,Skotniki,479.249,590.435,0739053,123864,osada,Teresin-gmina wiejska,sochaczewski
6384,Skowronki,438.243,622.095,0614340,123913,wieś,Belsk Duży-gmina wiejska,grójecki
6385,Skołatowo,528.498,581.234,0113968,123677,wieś,Dzierzążnia-gmina wiejska,płoński
6386,Skrobocin,544.462,614.115,0126379,124022,wieś,Sońsk-gmina wiejska,ciechanowski
6387,Skruda,482.034,697.337,0683022,124045,wieś,Mrozy-gmina miejsko-wiejska,miński
6388,Skruda,430.154,699.182,0692624,124046,wieś,Trojanów-gmina wiejska,garwoliński
6389,Skrzany,498.744,533.246,0564850,124072,wieś,Gostynin-gmina wiejska,gostyniński
6390,Skrzelew,476.209,595.047,0739076,124100,wieś,Teresin-gmina wiejska,sochaczewski
6391,Skrzeszew,512.442,628.926,0008591,124102,wieś,Wieliszew-gmina wiejska,legionowski
6392,Skrzeszew,509.716,738.287,0685274,124103,wieś,Repki-gmina wiejska,sokołowski
6393,Skrzeszew E,510.739,740.169,0685311,124104,wieś,Repki-gmina wiejska,sokołowski
6394,Skrzeszewy,490.416,545.117,0572943,124111,wieś,Pacyna-gmina wiejska,gostyniński
6395,Skrzynki,525.256,591.440,0122230,124191,wieś,Płońsk-gmina wiejska,płoński
6396,Skrzynno,389.912,619.687,0640828,124209,wieś,Wieniawa-gmina wiejska,przysuski
6397,Skrzypek,580.707,660.444,0991373,124220,wieś,Olszewo-Borki-gmina wiejska,ostrołęcki
6398,Skrzyńsko,391.103,614.747,0633946,124214,wieś,Przysucha-gmina miejsko-wiejska,przysuski
6399,Skubianka,514.166,635.177,0008332,124270,wieś,Serock-gmina miejsko-wiejska,legionowski
6400,Skubianka-Kolonia,515.171,636.526,0008349,47943,kolonia,Serock-gmina miejsko-wiejska,legionowski
6401,Skupie,472.925,688.747,0669298,124288,wieś,Cegłów-gmina miejsko-wiejska,miński
6402,Skupie,497.209,711.115,0682258,124289,wieś,Mokobody-gmina wiejska,siedlecki
6403,Skurcza,441.226,666.404,0694072,124305,wieś,Wilga-gmina wiejska,garwoliński
6404,Skurów,441.896,629.122,0622397,124307,wieś,Grójec-gmina miejsko-wiejska,grójecki
6405,Skuszew,527.049,667.902,0523270,124314,wieś,Wyszków-gmina miejsko-wiejska,wyszkowski
6406,Skutki,492.560,576.873,0732217,124315,wieś,Młodzieszyn-gmina wiejska,sochaczewski
6407,Skuze,603.886,644.786,0507816,124318,wieś,Chorzele-gmina miejsko-wiejska,przasnyski
6408,Skuły,459.130,614.242,0740694,124284,wieś,Żabia Wola-gmina wiejska,grodziski
6409,Skwarne,477.769,689.251,0669306,124324,wieś,Cegłów-gmina miejsko-wiejska,miński
6410,Skwary,520.642,591.138,0119600,124328,wieś,Naruszewo-gmina wiejska,płoński
6411,Skwierczyn Lacki,499.477,733.961,0683571,124332,wieś,Paprotnia-gmina wiejska,siedlecki
6412,Skwierczyn-Dwór,501.490,734.015,0685328,124331,wieś,Repki-gmina wiejska,sokołowski
6413,Skwierczyn-Wieś,501.693,734.481,0685334,170854,wieś,Repki-gmina wiejska,sokołowski
6414,Skórzec,475.823,714.273,0687630,123947,wieś,Skórzec-gmina wiejska,siedlecki
6415,Skórznice,538.009,629.909,0129449,123957,wieś,Winnica-gmina wiejska,pułtuski
6416,Skłoby,377.422,617.970,0615954,123591,wieś,Chlewiska-gmina wiejska,szydłowiecki
6417,Skłody Średnie,549.153,712.402,0411743,123600,wieś,Zaręby Kościelne-gmina wiejska,ostrowski
6418,Skłody-Piotrowice,549.966,712.534,0411720,123594,wieś,Zaręby Kościelne-gmina wiejska,ostrowski
6419,Skłody-Stachy,548.825,711.922,0411737,123596,wieś,Zaręby Kościelne-gmina wiejska,ostrowski
6420,Skłudy,541.158,649.947,0515431,123603,wieś,Obryte-gmina wiejska,pułtuski
6421,Smagów,381.559,622.872,0615598,125047,wieś,Borkowice-gmina wiejska,przysuski
6422,Smardzew,413.776,630.219,0635075,125071,wieś,Radzanów-gmina wiejska,białobrzeski
6423,Smardzewo,538.177,594.393,0125948,125081,wieś,Sochocin-gmina miejsko-wiejska,płoński
6424,Smardzewo,528.456,561.763,0577047,125080,wieś,Staroźreby-gmina miejsko-wiejska,płocki
6425,Smardzewo,538.914,593.769,1057410,52394,osada leśna,Sochocin-gmina miejsko-wiejska,płoński
6426,Smogorzewo Pańskie,525.346,630.099,0129455,125180,wieś,Winnica-gmina wiejska,pułtuski
6427,Smogorzewo Włościańskie,525.671,630.357,0129461,125181,wieś,Winnica-gmina wiejska,pułtuski
6428,Smogorzów,392.593,611.938,0633969,125185,wieś,Przysucha-gmina miejsko-wiejska,przysuski
6429,Smolanka,467.961,733.544,0696622,125229,wieś,Zbuczyn-gmina wiejska,siedlecki
6430,Smolarnia,538.359,675.339,0506716,125267,osada leśna,Brańszczyk-gmina wiejska,wyszkowski
6431,Smolarnia,463.731,589.452,0739573,125270,wieś,Wiskitki-gmina miejsko-wiejska,żyrardowski
6432,Smolechy,551.935,703.499,0517045,125318,wieś,Ostrów Mazowiecka-gmina wiejska,ostrowski
6433,Smolenta,504.003,542.547,0578029,125326,wieś,Szczawin Kościelny-gmina wiejska,gostyniński
6434,Smolewo-Parcele,544.146,718.271,0407776,125340,wieś,Szulborze Wielkie-gmina wiejska,ostrowski
6435,Smolewo-Wieś,545.768,718.407,0407782,125341,wieś,Szulborze Wielkie-gmina wiejska,ostrowski
6436,Smoleń-Poluby,580.297,619.373,0113276,125335,wieś,Czernice Borowe-gmina wiejska,przasnyski
6437,Smolino,531.711,559.056,0559960,125363,wieś,Bielsk-gmina wiejska,płocki
6438,Smorzewo,544.597,542.087,0565417,125496,wieś,Gozdowo-gmina wiejska,sierpecki
6439,Smosarz-Dobki,554.993,619.972,0115335,125497,wieś,Gołymin-Ośrodek-gmina wiejska,ciechanowski
6440,Smosarz-Pianki,555.180,618.991,0115387,125498,wieś,Gołymin-Ośrodek-gmina wiejska,ciechanowski
6441,Smoszewo,508.014,601.971,0010429,125501,kolonia,Zakroczym-gmina miejsko-wiejska,nowodworski
6442,Smoły,515.410,608.213,0010412,125483,wieś,Zakroczym-gmina miejsko-wiejska,nowodworski
6443,Smrock-Dwór,554.543,646.158,0521354,125545,wieś,Szelków-gmina wiejska,makowski
6444,Smrock-Kolonia,554.244,647.488,0521360,125546,wieś,Szelków-gmina wiejska,makowski
6445,Smulska,520.149,605.359,0130004,125519,wieś,Załuski-gmina wiejska,płoński
6446,Smuniew,500.850,730.707,0685340,125740,wieś,Repki-gmina wiejska,sokołowski
6447,Smólnik,564.056,667.326,0510379,125414,wieś,Goworowo-gmina wiejska,ostrołęcki
6448,Smętne,561.274,591.166,0126787,125147,osada,Strzegowo-gmina wiejska,mławski
6449,Snarki,391.706,600.801,0618993,125821,wieś,Gielniów-gmina miejsko-wiejska,przysuski
6450,Sobanice,513.844,584.964,0119617,125871,wieś,Naruszewo-gmina wiejska,płoński
6451,Sobicze,475.719,748.882,0696639,125900,wieś,Zbuczyn-gmina wiejska,siedlecki
6452,Sobiekursk,464.305,656.952,0003642,125909,wieś,Karczew-gmina miejsko-wiejska,otwocki
6453,Sobienie Biskupie,456.961,659.441,0687847,125916,wieś,Sobienie-Jeziory-gmina wiejska,otwocki
6454,Sobienie Kiełczewskie Drugie,453.521,659.463,0687882,125918,wieś,Sobienie-Jeziory-gmina wiejska,otwocki
6455,Sobienie Kiełczewskie Pierwsze,452.525,660.450,0687899,125919,wieś,Sobienie-Jeziory-gmina wiejska,otwocki
6456,Sobienie Szlacheckie,454.817,659.722,0687920,125920,wieś,Sobienie-Jeziory-gmina wiejska,otwocki
6457,Sobienie-Jeziory,454.327,658.297,0687876,125915,wieś,Sobienie-Jeziory-gmina wiejska,otwocki
6458,Sobienki,456.530,664.783,0683364,125927,wieś,Osieck-gmina miejsko-wiejska,otwocki
6459,Sobieski,531.841,603.980,0116719,125947,wieś,Joniec-gmina wiejska,płoński
6460,Sobików,457.220,646.549,0002022,125975,wieś,Góra Kalwaria-gmina miejsko-wiejska,piaseczyński
6461,Soboklęszcz,527.287,602.823,0116725,126013,wieś,Joniec-gmina wiejska,płoński
6462,Soboklęszcz,542.630,615.242,0126385,126014,wieś,Sońsk-gmina wiejska,ciechanowski
6463,Sobole,514.968,604.936,0130010,126016,wieś,Załuski-gmina wiejska,płoński
6464,Sobolew,433.746,684.307,0688427,126020,wieś,Sobolew-gmina wiejska,garwoliński
6465,Sobowo,532.443,528.729,0561141,126060,wieś,Brudzeń Duży-gmina wiejska,płocki
6466,Soboń,498.345,696.425,0693693,126044,wieś,Wierzbno-gmina wiejska,węgrowski
6467,Sochaczew,485.530,584.552,0977120,126099,miasto,Sochaczew-gmina miejska,sochaczewski
6468,Sochaczew-Wieś,485.246,587.349,0738562,175596,wieś,Sochaczew-gmina wiejska,sochaczewski
6469,Sochocin,536.754,599.482,0125954,126100,miasto,Sochocin-gmina miejsko-wiejska,płoński
6470,Sochocino-Badurki,522.406,566.956,0561690,126102,wieś,Bulkowo-gmina wiejska,płocki
6471,Sochocino-Czyżewo,523.214,566.528,0561709,126103,wieś,Bulkowo-gmina wiejska,płocki
6472,Sochocino-Praga,524.076,566.280,0561721,126104,wieś,Bulkowo-gmina wiejska,płocki
6473,Soczewka,520.095,538.844,0572200,126123,wieś,Nowy Duninów-gmina wiejska,płocki
6474,Soje,562.826,652.102,0508827,126144,wieś,Czerwonka-gmina wiejska,makowski
6475,Sojkówek,535.962,691.330,0686078,126147,wieś,Sadowne-gmina wiejska,węgrowski
6476,Sokolnik,478.086,691.001,0683039,126235,wieś,Mrozy-gmina miejsko-wiejska,miński
6477,Sokolniki,535.764,571.495,0563631,129362,wieś,Drobin-gmina miejsko-wiejska,płocki
6478,Sokolniki,437.236,694.584,0696941,126246,wieś,Żelechów-gmina miejsko-wiejska,garwoliński
6479,Sokolniki Mokre,388.861,621.831,0640857,126258,wieś,Wieniawa-gmina wiejska,przysuski
6480,Sokolniki Nowe,534.563,586.423,0111805,126259,wieś,Baboszewo-gmina wiejska,płoński
6481,Sokolniki Stare,535.414,587.054,0111900,126263,wieś,Baboszewo-gmina wiejska,płoński
6482,Sokolniki Suche,390.808,622.842,0640863,126264,wieś,Wieniawa-gmina wiejska,przysuski
6483,Sokołowo,577.252,608.322,0115772,126293,wieś,Grudusk-gmina wiejska,ciechanowski
6484,Sokołowo,568.698,689.395,0508394,126295,wieś,Czerwin-gmina wiejska,ostrołęcki
6485,Sokołowo Włościańskie,546.492,655.632,0515477,126300,wieś,Obryte-gmina wiejska,pułtuski
6486,Sokołowo-Parcele,546.113,655.772,0515448,126298,wieś,Obryte-gmina wiejska,pułtuski
6487,Sokołowy Kąt,562.205,564.588,0125598,126305,wieś,Siemiątkowo-gmina wiejska,żuromiński
6488,Sokoły,401.542,666.948,0630497,126350,wieś,Pionki-gmina wiejska,radomski
6489,Sokołów,476.944,627.794,0005316,126314,wieś,Michałowice-gmina wiejska,pruszkowski
6490,Sokołów,502.066,523.232,0564866,126311,wieś,Gostynin-gmina wiejska,gostyniński
6491,Sokołów Podlaski,509.653,721.060,0975760,126324,miasto,Sokołów Podlaski-gmina miejska,sokołowski
6492,Sokołówek,552.740,609.390,0112561,126327,wieś,Ciechanów-gmina wiejska,ciechanowski
6493,Sokołówek,514.962,648.488,0509063,126329,wieś,Dąbrówka-gmina wiejska,wołomiński
6494,Sokule,467.324,594.035,0739580,126386,wieś,Wiskitki-gmina miejsko-wiejska,żyrardowski
6495,Sokule Drugie,467.192,594.136,1060665,236381,osada leśna,Wiskitki-gmina miejsko-wiejska,żyrardowski
6496,Sokule Pierwsze,467.525,594.401,1060671,236382,osada leśna,Wiskitki-gmina miejsko-wiejska,żyrardowski
6497,Sokóle,493.963,676.673,0690170,126358,wieś,Stanisławów-gmina miejsko-wiejska,miński
6498,Sokólnik,579.419,605.567,0115571,53792,kolonia,Grudusk-gmina wiejska,ciechanowski
6499,Sokół,435.588,687.234,0688539,126366,wieś,Sobolew-gmina wiejska,garwoliński
6500,Sokółka,531.123,695.453,0686061,126376,wieś,Sadowne-gmina wiejska,węgrowski
6501,Solec,465.569,644.621,0002045,126420,wieś,Góra Kalwaria-gmina miejsko-wiejska,piaseczyński
6502,Solec,508.214,525.160,0564903,126419,wieś,Gostynin-gmina wiejska,gostyniński
6503,Solec nad Wisłą,366.762,693.387,0637921,126428,miasto,Solec nad Wisłą-gmina miejsko-wiejska,lipski
6504,Somianka,524.379,656.204,0520283,126672,wieś,Somianka-gmina wiejska,wyszkowski
6505,Sosenki-Jajki,485.915,743.267,0682577,126747,wieś,Mordy-gmina miejsko-wiejska,siedlecki
6506,Sosenkowo,519.115,583.672,0119623,126748,wieś,Naruszewo-gmina wiejska,płoński
6507,Sosenkowo-Osiedle,518.443,584.709,0119630,167973,osada,Naruszewo-gmina wiejska,płoński
6508,Sosna-Kicki,498.357,721.880,0692251,126771,wieś,Suchożebry-gmina wiejska,siedlecki
6509,Sosna-Korabie,495.611,719.012,0692268,126772,wieś,Suchożebry-gmina wiejska,siedlecki
6510,Sosna-Kozółki,494.283,720.405,0692274,126773,wieś,Suchożebry-gmina wiejska,siedlecki
6511,Sosna-Trojanki,495.010,719.972,0692280,126774,wieś,Suchożebry-gmina wiejska,siedlecki
6512,Sosnowe,481.170,700.614,0676855,126799,wieś,Kotuń-gmina wiejska,siedlecki
6513,Sosnowica,404.994,641.633,0642336,126806,kolonia,Zakrzew-gmina wiejska,radomski
6514,Sosnowica,387.251,677.475,0643287,126807,wieś,Zwoleń-gmina miejsko-wiejska,zwoleński
6515,Sosnowica,456.007,605.389,0732826,126804,wieś,Mszczonów-gmina miejsko-wiejska,żyrardowski
6516,Sosnowo,564.691,619.034,0121809,126856,wieś,Opinogóra Górna-gmina wiejska,ciechanowski
6517,Sosnówek,604.147,631.885,0990250,126874,wieś,Chorzele-gmina miejsko-wiejska,przasnyski
6518,Sowia Wola,500.773,611.963,0001442,127087,wieś,Czosnów-gmina wiejska,nowodworski
6519,Sowia Wola Folwarczna,501.406,611.231,0001459,127088,wieś,Czosnów-gmina wiejska,nowodworski
6520,Soćki,465.365,706.719,0694913,126131,wieś,Wodynie-gmina wiejska,siedlecki
6521,Sołki,501.157,684.935,0670628,126532,wieś,Dobre-gmina miejsko-wiejska,miński
6522,Sołtyków,389.195,651.443,0637358,126559,wieś,Skaryszew-gmina miejsko-wiejska,radomski
6523,Sołtysy,387.393,600.807,0619018,126663,wieś,Gielniów-gmina miejsko-wiejska,przysuski
6524,Sońsk,547.301,614.613,0126391,126691,wieś,Sońsk-gmina wiejska,ciechanowski
6525,Sośninka,438.210,677.378,0678535,127033,wieś,Łaskarzew-gmina wiejska,garwoliński
6526,Spądoszyn,540.219,612.477,0126400,127348,wieś,Sońsk-gmina wiejska,ciechanowski
6527,Srebrna,514.930,590.025,0119646,127558,wieś,Naruszewo-gmina wiejska,płoński
6528,Srebrna,527.076,541.181,0576332,127556,wieś,Stara Biała-gmina wiejska,płocki
6529,Stachowo,465.808,626.156,0004995,127692,wieś,Lesznowola-gmina wiejska,piaseczyński
6530,Stachowo,523.418,587.809,0119652,127691,wieś,Naruszewo-gmina wiejska,płoński
6531,Stamirowice,419.971,618.943,0629488,127778,wieś,Mogielnica-gmina miejsko-wiejska,grójecki
6532,Staniszewice,453.096,647.925,0616853,127950,wieś,Chynów-gmina wiejska,grójecki
6533,Stanisławice,414.715,671.613,0627779,127830,wieś,Kozienice-gmina miejsko-wiejska,kozienicki
6534,Stanisławowo,512.218,616.822,0006882,127855,wieś,Pomiechówek-gmina wiejska,nowodworski
6535,Stanisławowo,519.041,629.813,0008355,127853,wieś,Serock-gmina miejsko-wiejska,legionowski
6536,Stanisławowo,562.207,561.550,0112236,127850,wieś,Bieżuń-gmina miejsko-wiejska,żuromiński
6537,Stanisławowo,536.080,564.760,0563625,127851,wieś,Drobin-gmina miejsko-wiejska,płocki
6538,Stanisławów,505.162,605.602,0004251,127875,wieś,Leoncin-gmina wiejska,nowodworski
6539,Stanisławów,491.894,619.329,0008958,127878,wieś,Stare Babice-gmina wiejska,warszawski zachodni
6540,Stanisławów,515.537,654.086,0509086,127873,wieś,Dąbrówka-gmina wiejska,wołomiński
6541,Stanisławów,500.705,525.631,0564910,127869,wieś,Gostynin-gmina wiejska,gostyniński
6542,Stanisławów,376.587,624.835,0615983,127904,wieś,Chlewiska-gmina wiejska,szydłowiecki
6543,Stanisławów,414.497,665.977,0619780,127898,wieś,Głowaczów-gmina miejsko-wiejska,kozienicki
6544,Stanisławów,410.407,601.803,0630215,127893,wieś,Odrzywół-gmina miejsko-wiejska,przysuski
6545,Stanisławów,400.703,684.461,0632042,127906,wieś,Policzna-gmina wiejska,zwoleński
6546,Stanisławów,428.752,634.306,0633194,127889,wieś,Promna-gmina wiejska,białobrzeski
6547,Stanisławów,380.670,652.209,0636867,127899,wieś,Skaryszew-gmina miejsko-wiejska,radomski
6548,Stanisławów,381.865,644.332,0641153,127902,wieś,Wierzbica-gmina wiejska,radomski
6549,Stanisławów,494.714,673.748,0690186,127879,miasto,Stanisławów-gmina miejsko-wiejska,miński
6550,Stanisławów,474.866,601.512,0723170,127880,wieś,Baranów-gmina wiejska,grodziski
6551,Stanisławów Drugi,506.592,634.026,0005687,127928,wieś,Nieporęt-gmina wiejska,legionowski
6552,Stanisławów Pierwszy,503.961,638.969,0005693,127933,wieś,Nieporęt-gmina wiejska,legionowski
6553,Stanisławów Skrzański,502.224,533.758,0564926,127937,wieś,Gostynin-gmina wiejska,gostyniński
6554,Stanisławów-Młyn,374.537,651.997,0623356,127901,osada,Iłża-gmina miejsko-wiejska,radomski
6555,Stanowo,515.391,565.739,0560696,128003,wieś,Bodzanów-gmina miejsko-wiejska,płocki
6556,Stany Duże,497.673,722.753,0692297,128015,wieś,Suchożebry-gmina wiejska,siedlecki
6557,Stany Małe,498.126,722.837,0692305,128016,wieś,Suchożebry-gmina wiejska,siedlecki
6558,Stara Biała,527.410,543.862,0576355,128041,wieś,Stara Biała-gmina wiejska,płocki
6559,Stara Brzuza,456.671,692.151,0668933,128053,wieś,Borowie-gmina wiejska,garwoliński
6560,Stara Bukówka,463.378,613.526,0740553,128057,wieś,Żabia Wola-gmina wiejska,grodziski
6561,Stara Błotnica,410.688,636.976,0638286,128046,wieś,Stara Błotnica-gmina wiejska,białobrzeski
6562,Stara Dąbrowa,498.559,606.505,0004268,128089,wieś,Leoncin-gmina wiejska,nowodworski
6563,Stara Dąbrówka,480.775,714.957,0687646,128093,wieś,Skórzec-gmina wiejska,siedlecki
6564,Stara Grabownica,549.068,694.424,0517051,128134,wieś,Ostrów Mazowiecka-gmina wiejska,ostrowski
6565,Stara Huta,453.566,670.746,0671220,128147,wieś,Garwolin-gmina wiejska,garwoliński
6566,Stara Huta,457.857,596.639,0735026,128146,wieś,Puszcza Mariańska-gmina wiejska,żyrardowski
6567,Stara Iwiczna,470.333,636.634,0005003,128162,wieś,Lesznowola-gmina wiejska,piaseczyński
6568,Stara Jabłonna,518.609,734.083,0672923,128165,wieś,Jabłonna Lacka-gmina wiejska,sokołowski
6569,Stara Kornica,486.126,769.498,0020451,128204,wieś,Stara Kornica-gmina wiejska,łosicki
6570,Stara Korzeniówka,510.456,553.669,0564033,128206,wieś,Gąbin-gmina miejsko-wiejska,płocki
6571,Stara Krępa,578.819,631.631,0518122,128212,wieś,Przasnysz-gmina wiejska,przasnyski
6572,Stara Maliszewa,528.783,706.397,0676358,128259,wieś,Kosów Lacki-gmina miejsko-wiejska,sokołowski
6573,Stara Maryśka,559.238,581.323,0127054,128260,wieś,Strzegowo-gmina wiejska,mławski
6574,Stara Niedziałka,485.145,678.342,0681922,128276,wieś,Mińsk Mazowiecki-gmina wiejska,miński
6575,Stara Ostrownica,378.180,670.983,0626194,196501,wieś,Kazanów-gmina miejsko-wiejska,zwoleński
6576,Stara Osuchowa,545.315,681.951,0517080,128307,wieś,Ostrów Mazowiecka-gmina wiejska,ostrowski
6577,Stara Otocznia,580.899,592.724,0129662,128308,wieś,Wiśniewo-gmina wiejska,mławski
6578,Stara Pecyna,549.072,678.576,0509815,128317,wieś,Długosiodło-gmina wiejska,wyszkowski
6579,Stara Pułapina,477.325,600.126,0723187,128349,wieś,Baranów-gmina wiejska,grodziski
6580,Stara Ruskołęka,555.246,710.472,0394849,128378,wieś,Andrzejewo-gmina wiejska,ostrowski
6581,Stara Sucha,492.197,705.448,0672337,128433,wieś,Grębków-gmina wiejska,węgrowski
6582,Stara Sucha,477.428,581.311,0734009,128432,wieś,Nowa Sucha-gmina wiejska,sochaczewski
6583,Stara Sławogóra,586.266,597.444,0128237,128420,wieś,Szydłowo-gmina wiejska,mławski
6584,Stara Trzcianka,489.284,699.939,0672343,128440,wieś,Grębków-gmina wiejska,węgrowski
6585,Stara Warka,439.727,653.535,0640538,128448,wieś,Warka-gmina miejsko-wiejska,grójecki
6586,Stara Wieś,471.064,661.458,0001070,128516,wieś,Celestynów-gmina wiejska,otwocki
6587,Stara Wieś,469.905,621.182,0005457,128515,wieś,Nadarzyn-gmina wiejska,pruszkowski
6588,Stara Wieś,600.537,615.430,0507822,128517,wieś,Chorzele-gmina miejsko-wiejska,przasnyski
6589,Stara Wieś,439.974,623.949,0614357,128538,wieś,Belsk Duży-gmina wiejska,grójecki
6590,Stara Wieś,360.401,672.341,0636666,128640,wieś,Sienno-gmina miejsko-wiejska,lipski
6591,Stara Wieś,424.346,642.588,0638990,128541,wieś,Stromiec-gmina wiejska,białobrzeski
6592,Stara Wieś,490.152,743.382,0684613,128535,wieś,Mordy-gmina miejsko-wiejska,siedlecki
6593,Stara Wieś,473.339,595.133,0739596,128499,wieś,Wiskitki-gmina miejsko-wiejska,żyrardowski
6594,Stara Wieś Druga,468.708,667.951,0674951,128759,wieś,Kołbiel-gmina wiejska,otwocki
6595,Stara Wola,563.651,542.307,0578561,128785,wieś,Szczutowo-gmina wiejska,sierpecki
6596,Stara Wrona,522.798,607.770,0116731,128797,wieś,Joniec-gmina wiejska,płoński
6597,Stara Zblicha,571.978,636.095,0517565,128811,wieś,Płoniawy-Bramura-gmina wiejska,makowski
6598,Stara Złotoria,546.687,707.097,0411750,128813,wieś,Zaręby Kościelne-gmina wiejska,ostrowski
6599,Starawieś,514.101,699.977,0678096,128821,wieś,Liw-gmina wiejska,węgrowski
6600,Starcz,573.689,547.820,0119190,128831,wieś,Lutocin-gmina wiejska,żuromiński
6601,Starczewice,509.156,745.081,0675264,128837,wieś,Korczew-gmina wiejska,siedlecki
6602,Starczewo Wielkie,533.199,579.046,0114063,128841,wieś,Dzierzążnia-gmina wiejska,płoński
6603,Starczewo-Pobodze,533.412,578.429,0114057,128840,wieś,Dzierzążnia-gmina wiejska,płoński
6604,Stare Arciszewo,509.092,576.794,0571010,128855,wieś,Mała Wieś-gmina wiejska,płocki
6605,Stare Babice,488.836,625.665,0008964,128856,wieś,Stare Babice-gmina wiejska,warszawski zachodni
6606,Stare Biernaty,491.149,751.212,0015622,128873,wieś,Łosice-gmina miejsko-wiejska,łosicki
6607,Stare Biskupice,433.548,642.198,0640544,128875,wieś,Warka-gmina miejsko-wiejska,grójecki
6608,Stare Boryszewo,521.786,552.951,0573859,128897,wieś,Radzanowo-gmina wiejska,płocki
6609,Stare Bosewo,548.090,672.116,0509821,128898,wieś,Długosiodło-gmina wiejska,wyszkowski
6610,Stare Brzozowo,594.344,610.624,0114347,128908,wieś,Dzierzgowo-gmina wiejska,mławski
6611,Stare Budy,532.594,680.313,0506840,128916,wieś,Brańszczyk-gmina wiejska,wyszkowski
6612,Stare Budy,468.469,603.258,0728581,128918,wieś,Jaktorów-gmina wiejska,grodziski
6613,Stare Budy,495.002,578.477,0732246,128917,wieś,Młodzieszyn-gmina wiejska,sochaczewski
6614,Stare Budy Osieckie,553.046,565.342,0125606,128921,wieś,Siemiątkowo-gmina wiejska,żuromiński
6615,Stare Budy Radziejowskie,465.540,605.415,0735517,128923,wieś,Radziejowice-gmina wiejska,żyrardowski
6616,Stare Bulkowo,537.203,633.155,0129478,128925,wieś,Winnica-gmina wiejska,pułtuski
6617,Stare Chabowo,546.558,562.540,0579939,128930,wieś,Zawidz-gmina wiejska,sierpecki
6618,Stare Draganie,526.896,547.306,0576119,128966,wieś,Stara Biała-gmina wiejska,płocki
6619,Stare Faszczyce,479.996,608.472,0000402,128979,wieś,Błonie-gmina miejsko-wiejska,warszawski zachodni
6620,Stare Gardzienice,379.770,677.888,0617798,128989,wieś,Ciepielów-gmina miejsko-wiejska,lipski
6621,Stare Garkowo,573.186,572.461,0127947,128990,wieś,Szreńsk-gmina wiejska,mławski
6622,Stare Garnowo,546.716,624.333,0115393,128991,wieś,Gołymin-Ośrodek-gmina wiejska,ciechanowski
6623,Stare Gałki,509.381,571.908,0571027,128985,wieś,Mała Wieś-gmina wiejska,płocki
6624,Stare Glinki,572.053,657.539,0521006,128994,wieś,Sypniewo-gmina wiejska,makowski
6625,Stare Gnatowice,486.308,596.961,0003323,128996,wieś,Kampinos-gmina wiejska,warszawski zachodni
6626,Stare Gniewniewice,507.023,603.260,0004274,128997,wieś,Leoncin-gmina wiejska,nowodworski
6627,Stare Grabie,503.026,657.453,0010300,129003,wieś,Wołomin-gmina miejsko-wiejska,wołomiński
6628,Stare Gralewo,539.367,575.396,0123493,37831,wieś,Raciąż-gmina wiejska,płoński
6629,Stare Grochale,506.404,609.723,0004280,129011,wieś,Leoncin-gmina wiejska,nowodworski
6630,Stare Grochy,547.671,631.195,0116240,129012,wieś,Gzy-gmina wiejska,pułtuski
6631,Stare Groszki,485.943,698.527,0673970,129016,wieś,Kałuszyn-gmina miejsko-wiejska,miński
6632,Stare Grądy,563.199,531.720,0578383,129010,wieś,Szczutowo-gmina wiejska,sierpecki
6633,Stare Gulczewo,520.648,554.258,0575960,129018,wieś,Słupno-gmina wiejska,płocki
6634,Stare Gumino,523.298,586.111,0114070,129019,wieś,Dzierzążnia-gmina wiejska,płoński
6635,Stare Hołowczyce,500.891,769.434,0018968,129025,wieś,Sarnaki-gmina wiejska,łosicki
6636,Stare Iganie,482.798,720.041,0686782,129026,wieś,Siedlce-gmina wiejska,siedlecki
6637,Stare Kosiny,575.258,589.155,0129685,129078,wieś,Wiśniewo-gmina wiejska,mławski
6638,Stare Koziminy,533.062,595.152,0122269,129086,wieś,Płońsk-gmina wiejska,płoński
6639,Stare Kozłowice,468.886,596.985,0739604,129087,wieś,Wiskitki-gmina miejsko-wiejska,żyrardowski
6640,Stare Kozłowo,529.332,657.874,0520343,129088,wieś,Somianka-gmina wiejska,wyszkowski
6641,Stare Kościeliska,453.404,669.230,0683401,129081,wieś,Osieck-gmina miejsko-wiejska,otwocki
6642,Stare Kąty,487.718,582.305,0738384,195440,kolonia,Sochaczew-gmina wiejska,sochaczewski
6643,Stare Lipiny,499.723,654.363,0010317,129122,wieś,Wołomin-gmina miejsko-wiejska,wołomiński
6644,Stare Lipki,525.873,699.841,0691122,129123,wieś,Stoczek-gmina wiejska,węgrowski
6645,Stare Litewniki,495.935,767.831,0019092,129124,wieś,Sarnaki-gmina wiejska,łosicki
6646,Stare Lubiejewo,556.711,693.231,0517105,129127,wieś,Ostrów Mazowiecka-gmina wiejska,ostrowski
6647,Stare Mierzwice,505.397,770.307,0019100,129210,wieś,Sarnaki-gmina wiejska,łosicki
6648,Stare Mursy,526.794,720.168,0690743,129226,wieś,Sterdyń-gmina wiejska,sokołowski
6649,Stare Młodochowo,540.481,571.549,0123850,129211,wieś,Raciąż-gmina wiejska,płoński
6650,Stare Nadratowo,573.197,570.932,0130330,129228,wieś,Żuromin-gmina miejsko-wiejska,żuromiński
6651,Stare Okniny,468.260,728.413,0694586,129244,wieś,Wiśniew-gmina wiejska,siedlecki
6652,Stare Olszyny,517.759,599.942,0130027,129249,wieś,Załuski-gmina wiejska,płoński
6653,Stare Opole,483.479,716.797,0686807,129250,wieś,Siedlce-gmina wiejska,siedlecki
6654,Stare Orzechowo,515.514,626.205,0006899,129253,wieś,Pomiechówek-gmina wiejska,nowodworski
6655,Stare Paski,485.255,594.678,0739082,129263,wieś,Teresin-gmina wiejska,sochaczewski
6656,Stare Piastowo,550.329,543.169,0575120,129266,wieś,Sierpc-gmina wiejska,sierpecki
6657,Stare Pieścirogi,525.524,619.438,0120566,129270,wieś,Nasielsk-gmina miejsko-wiejska,nowodworski
6658,Stare Podole,445.785,659.241,0694103,129274,wieś,Wilga-gmina wiejska,garwoliński
6659,Stare Polesie,501.676,599.697,0004297,129291,wieś,Leoncin-gmina wiejska,nowodworski
6660,Stare Proboszczewice,532.885,547.068,0576361,129300,wieś,Stara Biała-gmina wiejska,płocki
6661,Stare Przybojewo,508.707,596.131,0562130,129305,wieś,Czerwińsk nad Wisłą-gmina miejsko-wiejska,płoński
6662,Stare Płudy,525.196,653.524,0520350,129273,wieś,Somianka-gmina wiejska,wyszkowski
6663,Stare Radzikowo,510.782,592.050,0562146,129312,wieś,Czerwińsk nad Wisłą-gmina miejsko-wiejska,płoński
6664,Stare Rogowo,567.069,693.236,0520679,129322,wieś,Stary Lubotyń-gmina wiejska,ostrowski
6665,Stare Rzewuski,494.548,746.958,0684636,129334,wieś,Przesmyki-gmina wiejska,siedlecki
6666,Stare Siekluki,414.884,639.032,0638300,129347,wieś,Stara Błotnica-gmina wiejska,białobrzeski
6667,Stare Suski,554.111,676.357,0509844,129372,wieś,Długosiodło-gmina wiejska,wyszkowski
6668,Stare Szpaki,492.535,765.845,0020480,129379,wieś,Stara Kornica-gmina wiejska,łosicki
6669,Stare Szyjki,552.592,586.213,0114689,129381,wieś,Glinojeck-gmina miejsko-wiejska,ciechanowski
6670,Stare Trębice,501.098,739.423,0683588,129392,wieś,Paprotnia-gmina wiejska,siedlecki
6671,Stare Wrońska,524.405,601.572,0130033,129421,wieś,Załuski-gmina wiejska,płoński
6672,Stare Wypychy,530.355,654.847,0520366,129424,wieś,Somianka-gmina wiejska,wyszkowski
6673,Stare Zacisze,564.864,642.219,0517571,129430,wieś,Płoniawy-Bramura-gmina wiejska,makowski
6674,Stare Zakole,480.223,678.382,0681951,129436,wieś,Mińsk Mazowiecki-gmina wiejska,miński
6675,Stare Zawady,410.946,647.153,0625190,129451,wieś,Jedlińsk-gmina wiejska,radomski
6676,Stare Załubice,514.866,643.674,0007841,129444,wieś,Radzymin-gmina miejsko-wiejska,wołomiński
6677,Stare Łepki,486.670,749.178,0016745,129143,wieś,Olszanka-gmina wiejska,łosicki
6678,Stare Łubki,524.964,568.566,0561738,129148,wieś,Bulkowo-gmina wiejska,płocki
6679,Stare Łączyno,593.728,606.812,0114360,129132,wieś,Dzierzgowo-gmina wiejska,mławski
6680,Stare Święcice,513.886,576.291,0571040,129386,wieś,Mała Wieś-gmina wiejska,płocki
6681,Stare Żdżary,411.069,642.193,0638323,129456,wieś,Stara Błotnica-gmina wiejska,białobrzeski
6682,Starogród,465.850,680.894,0687310,129519,wieś,Siennica-gmina miejsko-wiejska,miński
6683,Staroguby,561.972,580.628,0127077,129520,wieś,Strzegowo-gmina wiejska,mławski
6684,Staropol,494.444,556.523,0574534,129536,wieś,Sanniki-gmina miejsko-wiejska,gostyniński
6685,Starosiedlice,370.774,654.889,0623540,129564,wieś,Iłża-gmina miejsko-wiejska,radomski
6686,Starowiskitki,469.933,592.315,0739610,129616,wieś,Wiskitki-gmina miejsko-wiejska,żyrardowski
6687,Starowiskitki-Parcel,470.625,591.792,0739627,129617,wieś,Wiskitki-gmina miejsko-wiejska,żyrardowski
6688,Starowola,517.753,683.672,0673331,129624,wieś,Jadów-gmina miejsko-wiejska,wołomiński
6689,Starowola,459.398,686.278,0683795,129623,wieś,Parysów-gmina wiejska,garwoliński
6690,Staroźreby,530.064,566.874,0577060,129626,miasto,Staroźreby-gmina miejsko-wiejska,płocki
6691,Staroźreby-Hektary,528.228,567.984,0577082,129627,wieś,Staroźreby-gmina miejsko-wiejska,płocki
6692,Stary Barcik,501.812,556.815,0574540,129649,wieś,Sanniki-gmina miejsko-wiejska,gostyniński
6693,Stary Bartków,502.349,741.877,0675270,129651,wieś,Korczew-gmina wiejska,siedlecki
6694,Stary Białynin,480.484,585.528,0734015,129656,wieś,Nowa Sucha-gmina wiejska,sochaczewski
6695,Stary Boguszyn,510.642,588.585,0562152,129662,wieś,Czerwińsk nad Wisłą-gmina miejsko-wiejska,płoński
6696,Stary Ciepielów,379.246,681.077,0617812,129690,wieś,Ciepielów-gmina miejsko-wiejska,lipski
6697,Stary Drzewicz,472.532,595.789,0739633,129706,wieś,Wiskitki-gmina miejsko-wiejska,żyrardowski
6698,Stary Duninów,523.314,534.764,0572222,129708,wieś,Nowy Duninów-gmina wiejska,płocki
6699,Stary Dwór,491.811,693.048,0693612,129724,wieś,Wierzbno-gmina wiejska,węgrowski
6700,Stary Dybów,509.272,650.949,0007864,129740,wieś,Radzymin-gmina miejsko-wiejska,wołomiński
6701,Stary Dębsk,480.619,578.371,0734021,129701,wieś,Nowa Sucha-gmina wiejska,sochaczewski
6702,Stary Garwarz,549.650,586.818,0114844,129772,wieś,Glinojeck-gmina miejsko-wiejska,ciechanowski
6703,Stary Goniwilk,444.220,695.304,0696958,129781,wieś,Żelechów-gmina miejsko-wiejska,garwoliński
6704,Stary Gózd,413.022,640.555,0638352,129790,wieś,Stara Błotnica-gmina wiejska,białobrzeski
6705,Stary Helenów,435.935,679.566,0678558,129804,wieś,Łaskarzew-gmina wiejska,garwoliński
6706,Stary Janin,567.585,625.864,0117541,129809,wieś,Krasne-gmina wiejska,przasnyski
6707,Stary Janków,504.920,651.067,0007893,129810,wieś,Radzymin-gmina miejsko-wiejska,wołomiński
6708,Stary Kadłub,409.865,635.447,0638398,129826,wieś,Stara Błotnica-gmina wiejska,białobrzeski
6709,Stary Kadłubek,415.298,642.912,0638441,129827,wieś,Stara Błotnica-gmina wiejska,białobrzeski
6710,Stary Kamień,499.549,548.763,0564040,129832,wieś,Gąbin-gmina miejsko-wiejska,płocki
6711,Stary Kantor,503.096,710.101,0678038,196105,osada leśna,Liw-gmina wiejska,węgrowski
6712,Stary Karolinów,455.878,589.025,0735032,129841,wieś,Puszcza Mariańska-gmina wiejska,żyrardowski
6713,Stary Kałęczyn,551.338,624.831,0115217,129829,wieś,Gołymin-Ośrodek-gmina wiejska,ciechanowski
6714,Stary Kiełbów,412.462,638.798,0638464,129848,wieś,Stara Błotnica-gmina wiejska,białobrzeski
6715,Stary Kobylnik,409.034,638.144,0638470,129854,wieś,Stara Błotnica-gmina wiejska,białobrzeski
6716,Stary Komunin,553.997,584.130,0123949,129857,wieś,Raciąż-gmina wiejska,płoński
6717,Stary Konik,485.223,659.883,0002909,129859,wieś,Halinów-gmina miejsko-wiejska,miński
6718,Stary Kraszew,506.814,653.779,0511628,129873,wieś,Klembów-gmina wiejska,wołomiński
6719,Stary Krzesk,473.045,743.692,0696645,129878,wieś,Zbuczyn-gmina wiejska,siedlecki
6720,Stary Kębłów,440.335,697.379,0696987,129844,wieś,Żelechów-gmina miejsko-wiejska,garwoliński
6721,Stary Lubiel,546.716,664.198,0519191,129901,wieś,Rząśnik-gmina wiejska,wyszkowski
6722,Stary Lubotyń,566.804,696.815,0520685,129905,wieś,Stary Lubotyń-gmina wiejska,ostrowski
6723,Stary Miastków,452.800,691.972,0681017,129929,wieś,Miastków Kościelny-gmina wiejska,garwoliński
6724,Stary Mystkówiec,531.880,653.991,0520372,129961,wieś,Somianka-gmina wiejska,wyszkowski
6725,Stary Młyn,399.358,630.624,0634093,129948,przysiółek,Przytyk-gmina miejsko-wiejska,radomski
6726,Stary Nacpolsk,515.996,584.306,0119675,85301,wieś,Naruszewo-gmina wiejska,płoński
6727,Stary Niedróż,546.922,568.080,0123837,129967,wieś,Raciąż-gmina wiejska,płoński
6728,Stary Osów,409.118,634.619,0638493,129984,wieś,Stara Błotnica-gmina wiejska,białobrzeski
6729,Stary Pilczyn,440.594,681.551,0678570,129997,wieś,Łaskarzew-gmina wiejska,garwoliński
6730,Stary Podleck,520.133,572.419,0561773,129999,wieś,Bulkowo-gmina wiejska,płocki
6731,Stary Podoś,569.831,642.174,0517588,130000,wieś,Płoniawy-Bramura-gmina wiejska,makowski
6732,Stary Puznów,454.538,683.114,0671243,130012,wieś,Garwolin-gmina wiejska,garwoliński
6733,Stary Ratyniec,526.239,719.626,0690766,130019,wieś,Sterdyń-gmina wiejska,sokołowski
6734,Stary Rzechów,365.161,666.905,0635879,130033,wieś,Rzeczniów-gmina wiejska,lipski
6735,Stary Sielc,550.027,653.647,0520001,130037,wieś,Rzewnie-gmina wiejska,makowski
6736,Stary Skarszyn,519.947,581.837,1061096,197034,kolonia,Naruszewo-gmina wiejska,płoński
6737,Stary Sopot,410.717,640.102,0638518,130048,wieś,Stara Błotnica-gmina wiejska,białobrzeski
6738,Stary Strachocin,549.140,650.421,0521383,130064,wieś,Szelków-gmina wiejska,makowski
6739,Stary Szelków,553.003,648.657,0521390,130073,wieś,Szelków-gmina wiejska,makowski
6740,Stary Szwarocin,484.453,575.436,0736971,130076,wieś,Rybno-gmina wiejska,sochaczewski
6741,Stary Turobin,569.411,699.273,0520691,130093,wieś,Stary Lubotyń-gmina wiejska,ostrowski
6742,Stary Zambrzyków,451.443,661.240,0687959,130143,wieś,Sobienie-Jeziory-gmina wiejska,otwocki
6743,Stary Łajszczew,452.858,592.527,0735049,129906,wieś,Puszcza Mariańska-gmina wiejska,żyrardowski
6744,Stary Łuszczewek,485.586,604.909,0000419,129916,wieś,Błonie-gmina miejsko-wiejska,warszawski zachodni
6745,Stary Świętochów,504.199,687.232,0675755,130080,wieś,Korytnica-gmina wiejska,węgrowski
6746,Stary Żabieniec,443.781,671.223,0694149,130157,wieś,Wilga-gmina wiejska,garwoliński
6747,Stary Żylin,476.938,579.700,0734073,130163,wieś,Nowa Sucha-gmina wiejska,sochaczewski
6748,Starzyno,504.594,574.229,0579371,130205,wieś,Wyszogród-gmina miejsko-wiejska,płocki
6749,Stasi Las,515.579,638.841,0008361,130231,wieś,Serock-gmina miejsko-wiejska,legionowski
6750,Stasin,544.561,670.081,0509873,130236,wieś,Długosiodło-gmina wiejska,wyszkowski
6751,Stasin,493.603,733.808,0683594,130239,wieś,Paprotnia-gmina wiejska,siedlecki
6752,Stasin,521.003,726.882,0685676,130238,wieś,Sabnie-gmina wiejska,sokołowski
6753,Stasinów,506.074,667.499,0521911,130257,wieś,Tłuszcz-gmina miejsko-wiejska,wołomiński
6754,Stasiopole,519.012,648.817,0509092,130261,wieś,Dąbrówka-gmina wiejska,wołomiński
6755,Staszów,414.644,683.676,0627816,130292,wieś,Kozienice-gmina miejsko-wiejska,kozienicki
6756,Staw,502.108,544.847,0578035,130321,wieś,Szczawin Kościelny-gmina wiejska,gostyniński
6757,Stawek,549.730,693.231,0517074,130403,osada leśna,Ostrów Mazowiecka-gmina wiejska,ostrowski
6758,Stawek,471.992,692.088,0677731,130408,wieś,Latowicz-gmina miejsko-wiejska,miński
6759,Stawinoga,525.134,643.805,0524045,130465,wieś,Zatory-gmina wiejska,pułtuski
6760,Stawinoga-Leśniczówka,526.591,645.294,0524068,130467,osada leśna,Zatory-gmina wiejska,pułtuski
6761,Stawinoga-Rybakówka,527.210,644.548,0524074,194315,osada,Zatory-gmina wiejska,pułtuski
6762,Stawiska,491.033,697.492,0672350,130487,wieś,Grębków-gmina wiejska,węgrowski
6763,Stawiszyn,416.744,633.277,0614624,130633,wieś,Białobrzegi-gmina miejsko-wiejska,białobrzeski
6764,Stawiszyn-Zwalewo,569.071,566.386,0112288,130635,wieś,Bieżuń-gmina miejsko-wiejska,żuromiński
6765,Stawiszyn-Łaziska,568.173,566.020,0112265,130634,wieś,Bieżuń-gmina miejsko-wiejska,żuromiński
6766,Stawki,413.722,659.915,0619797,130654,wieś,Głowaczów-gmina miejsko-wiejska,kozienicki
6767,Stawki,400.607,695.644,0619900,192755,wieś,Gniewoszów-gmina wiejska,kozienicki
6768,Stawki,384.657,648.094,0627242,130656,wieś,Kowala-gmina wiejska,radomski
6769,Stawy,511.514,701.341,0678110,196100,osada,Liw-gmina wiejska,węgrowski
6770,Stefanków,378.141,619.267,0615990,130931,wieś,Chlewiska-gmina wiejska,szydłowiecki
6771,Stefanków,443.112,641.099,0623860,130930,wieś,Jasieniec-gmina wiejska,grójecki
6772,Stefanowo,466.136,629.228,0005010,130951,wieś,Lesznowola-gmina wiejska,piaseczyński
6773,Stefanów,509.664,536.483,0564949,130957,wieś,Gostynin-gmina wiejska,gostyniński
6774,Stefanów,388.410,687.475,0633573,130974,wieś,Przyłęk-gmina wiejska,zwoleński
6775,Stefanów,401.279,635.304,0634390,130971,wieś,Przytyk-gmina miejsko-wiejska,radomski
6776,Stefanów,439.210,694.531,0697018,130967,wieś,Żelechów-gmina miejsko-wiejska,garwoliński
6777,Stefanów Suserski,496.022,540.670,0578041,130992,wieś,Szczawin Kościelny-gmina wiejska,gostyniński
6778,Stefanówka,455.554,628.122,0009426,130999,wieś,Tarczyn-gmina miejsko-wiejska,piaseczyński
6779,Stefanówka,482.450,657.814,0009892,130997,wieś,Wiązowna-gmina wiejska,otwocki
6780,Stegna,591.850,609.880,0114376,131025,wieś,Dzierzgowo-gmina wiejska,mławski
6781,Stegna,587.922,637.315,0510876,131026,wieś,Jednorożec-gmina wiejska,przasnyski
6782,Stegna,496.411,571.602,0566598,131024,wieś,Iłów-gmina wiejska,sochaczewski
6783,Stelmachowo,486.970,600.590,0004558,131067,wieś,Leszno-gmina wiejska,warszawski zachodni
6784,Stelągi,528.357,722.009,0690789,131061,wieś,Sterdyń-gmina wiejska,sokołowski
6785,Stepna Stara,578.198,664.968,0516040,131089,wieś,Olszewo-Borki-gmina wiejska,ostrołęcki
6786,Stepna-Michałki,578.438,666.183,0516057,131088,wieś,Olszewo-Borki-gmina wiejska,ostrołęcki
6787,Sterdyń,528.904,723.072,0690810,131099,wieś,Sterdyń-gmina wiejska,sokołowski
6788,Stobiecin,506.439,585.137,0562169,131189,wieś,Czerwińsk nad Wisłą-gmina miejsko-wiejska,płoński
6789,Stoczek,447.935,672.422,0671250,131236,wieś,Garwolin-gmina wiejska,garwoliński
6790,Stoczek,523.734,696.622,0691151,131249,wieś,Stoczek-gmina wiejska,węgrowski
6791,Stoczki,393.090,607.075,0619053,131266,wieś,Gielniów-gmina miejsko-wiejska,przysuski
6792,Stodzew,463.415,682.947,0683810,131309,wieś,Parysów-gmina wiejska,garwoliński
6793,Stojadła,483.073,673.194,0681968,131323,wieś,Mińsk Mazowiecki-gmina wiejska,miński
6794,Stok,557.624,689.635,0517111,131348,wieś,Ostrów Mazowiecka-gmina wiejska,ostrowski
6795,Stok Lacki,482.051,729.509,0686813,131377,wieś,Siedlce-gmina wiejska,siedlecki
6796,Stok Lacki-Folwark,482.265,728.636,0686820,131378,wieś,Siedlce-gmina wiejska,siedlecki
6797,Stok Ruski,488.564,735.511,0682583,131381,wieś,Mordy-gmina miejsko-wiejska,siedlecki
6798,Stok Wiśniewski,475.549,721.747,0694592,131386,wieś,Wiśniew-gmina wiejska,siedlecki
6799,Stoki,406.347,662.087,0630994,131403,wieś,Pionki-gmina wiejska,radomski
6800,Stopin,562.284,548.756,0574340,131517,wieś,Rościszewo-gmina wiejska,sierpecki
6801,Stoplin,530.859,563.866,0577099,131527,wieś,Staroźreby-gmina miejsko-wiejska,płocki
6802,Stołowo,574.335,579.876,1055836,131485,kolonia,Szreńsk-gmina wiejska,mławski
6803,Stpice,532.853,622.508,0128616,131585,wieś,Świercze-gmina wiejska,pułtuski
6804,Strachomin,465.662,696.489,0677754,131608,wieś,Latowicz-gmina miejsko-wiejska,miński
6805,Strachowo,529.752,597.468,0122298,131619,wieś,Płońsk-gmina wiejska,płoński
6806,Strachów,522.628,676.048,0673348,131623,wieś,Jadów-gmina miejsko-wiejska,wołomiński
6807,Strachówka,510.131,679.126,0692096,131627,wieś,Strachówka-gmina wiejska,wołomiński
6808,Strachówko,529.190,596.027,0122306,131628,wieś,Płońsk-gmina wiejska,płoński
6809,Stradzewo,540.284,549.078,0565430,131672,wieś,Gozdowo-gmina wiejska,sierpecki
6810,Straszewy,587.739,562.550,0118902,131696,wieś,Lubowidz-gmina miejsko-wiejska,żuromiński
6811,Strojec,490.397,592.186,0003330,131790,wieś,Kampinos-gmina wiejska,warszawski zachodni
6812,Stromiec,421.850,644.672,0639044,131802,wieś,Stromiec-gmina wiejska,białobrzeski
6813,Stromiecka Wola,421.307,641.979,0639104,131806,wieś,Stromiec-gmina wiejska,białobrzeski
6814,Stropkowo,549.610,556.872,0579951,131856,wieś,Zawidz-gmina wiejska,sierpecki
6815,Strożęcin,541.381,576.290,0123955,131864,wieś,Raciąż-gmina wiejska,płoński
6816,Strubiny,513.288,608.197,0010458,131940,wieś,Zakroczym-gmina miejsko-wiejska,nowodworski
6817,Strubiny,528.922,599.155,0122312,131939,wieś,Płońsk-gmina wiejska,płoński
6818,Strugi,477.688,591.800,0739060,132057,osada,Teresin-gmina wiejska,sochaczewski
6819,Strugi Krzywickie,476.034,679.737,0687327,132083,wieś,Siennica-gmina miejsko-wiejska,miński
6820,Strumiany,478.138,597.801,0723193,132096,wieś,Baranów-gmina wiejska,grodziski
6821,Struniawy,566.838,675.542,0510280,132125,wieś,Goworowo-gmina wiejska,ostrołęcki
6822,Strupczewo Duże,533.208,530.326,0561187,132127,wieś,Brudzeń Duży-gmina wiejska,płocki
6823,Strupiechów,500.816,699.202,0693718,132133,wieś,Wierzbno-gmina wiejska,węgrowski
6824,Strusin,548.670,615.158,0126416,132145,wieś,Sońsk-gmina wiejska,ciechanowski
6825,Strusinek,550.063,614.695,0126422,132147,wieś,Sońsk-gmina wiejska,ciechanowski
6826,Strusino,536.532,548.419,0559977,132149,wieś,Bielsk-gmina wiejska,płocki
6827,Strusy,493.569,730.431,0683602,132151,wieś,Paprotnia-gmina wiejska,siedlecki
6828,Strych,424.437,680.857,0680762,132185,wieś,Maciejowice-gmina miejsko-wiejska,garwoliński
6829,Stryjewo Małe,572.654,611.054,0115795,132204,wieś,Grudusk-gmina wiejska,ciechanowski
6830,Stryjewo Wielkie,571.363,610.830,0115789,132205,wieś,Grudusk-gmina wiejska,ciechanowski
6831,Stryjki,508.854,668.953,0521928,132209,wieś,Tłuszcz-gmina miejsko-wiejska,wołomiński
6832,Strykowice Błotne,393.152,683.138,0643324,132220,wieś,Zwoleń-gmina miejsko-wiejska,zwoleński
6833,Strykowice Górne,394.689,680.967,0643376,132221,wieś,Zwoleń-gmina miejsko-wiejska,zwoleński
6834,Strykowice Podleśne,392.983,682.291,0643360,132222,wieś,Zwoleń-gmina miejsko-wiejska,zwoleński
6835,Stryków,422.964,618.336,0629494,132227,wieś,Mogielnica-gmina miejsko-wiejska,grójecki
6836,Strzała,486.547,722.387,0686836,132249,wieś,Siedlce-gmina wiejska,siedlecki
6837,Strzałki,598.295,660.915,0511410,132257,wieś,Kadzidło-gmina wiejska,ostrołęcki
6838,Strzałki,505.583,529.250,0564955,132256,wieś,Gostynin-gmina wiejska,gostyniński
6839,Strzałki,423.121,597.152,0629784,132258,wieś,Nowe Miasto nad Pilicą-gmina miejsko-wiejska,grójecki
6840,Strzałkowo,571.465,595.227,0127485,132265,wieś,Stupsk-gmina wiejska,mławski
6841,Strzałków,391.623,635.112,0641615,132273,wieś,Wolanów-gmina wiejska,radomski
6842,Strzebula,494.807,687.154,0673667,132301,wieś,Jakubów-gmina wiejska,miński
6843,Strzegocin,537.347,624.152,0128622,132307,wieś,Świercze-gmina wiejska,pułtuski
6844,Strzegowo,559.419,586.421,0127090,132323,wieś,Strzegowo-gmina wiejska,mławski
6845,Strzelnia,575.838,609.224,0115803,132418,wieś,Grudusk-gmina wiejska,ciechanowski
6846,Strzembowo,515.773,595.249,0119706,132440,wieś,Naruszewo-gmina wiejska,płoński
6847,Strzemeszno,506.490,553.991,0564056,132444,wieś,Gąbin-gmina miejsko-wiejska,płocki
6848,Strzemieczne-Hieronimy,575.334,660.581,0514791,132445,wieś,Młynarze-gmina wiejska,makowski
6849,Strzemieczne-Oleksy,572.980,661.318,0514800,132446,wieś,Młynarze-gmina wiejska,makowski
6850,Strzemieczne-Sędki,574.559,659.951,0521012,132447,wieś,Sypniewo-gmina wiejska,makowski
6851,Strzemieczne-Wiosny,572.558,662.150,0514816,132448,wieś,Młynarze-gmina wiejska,makowski
6852,Strzeniówka,473.938,622.945,0005463,132461,wieś,Nadarzyn-gmina wiejska,pruszkowski
6853,Strzeszewo,569.869,559.385,0112294,132469,wieś,Bieżuń-gmina miejsko-wiejska,żuromiński
6854,Strzeszewo,545.689,591.965,0114850,132470,wieś,Glinojeck-gmina miejsko-wiejska,ciechanowski
6855,Strzeszewo,535.286,577.003,0577107,132471,wieś,Staroźreby-gmina miejsko-wiejska,płocki
6856,Strzykuły,486.708,624.135,0005865,132534,osada,Ożarów Mazowiecki-gmina miejsko-wiejska,warszawski zachodni
6857,Strzyże,530.931,642.069,0122938,132547,wieś,Pokrzywnica-gmina wiejska,pułtuski
6858,Strzyże,451.429,607.787,0732832,132548,wieś,Mszczonów-gmina miejsko-wiejska,żyrardowski
6859,Strzyżew,489.086,592.219,0003352,132551,wieś,Kampinos-gmina wiejska,warszawski zachodni
6860,Strzyżyna,426.709,652.493,0621989,132593,wieś,Grabów nad Pilicą-gmina wiejska,kozienicki
6861,Strzyżyna,426.456,653.837,0622003,168343,osada leśna,Grabów nad Pilicą-gmina wiejska,kozienicki
6862,Stróżewko,522.584,552.270,0573865,131906,wieś,Radzanowo-gmina wiejska,płocki
6863,Stróżewo,518.003,601.926,0130040,131911,wieś,Załuski-gmina wiejska,płoński
6864,Stróżki,499.331,667.254,0684100,131918,kolonia,Poświętne-gmina wiejska,wołomiński
6865,Strękowo,542.188,722.725,0402840,131775,wieś,Nur-gmina wiejska,ostrowski
6866,Strękowo Nieczykowskie,542.114,723.512,0402856,131776,wieś,Nur-gmina wiejska,ostrowski
6867,Studnie,417.135,654.576,0619805,132639,wieś,Głowaczów-gmina miejsko-wiejska,kozienicki
6868,Studzianka,520.509,527.609,1060085,132661,osada leśna,Nowy Duninów-gmina wiejska,płocki
6869,Studzianki,520.711,619.309,0120572,132677,wieś,Nasielsk-gmina miejsko-wiejska,nowodworski
6870,Studzianki Pancerne,427.117,660.972,0619828,132703,wieś,Głowaczów-gmina miejsko-wiejska,kozienicki
6871,Studzienice,404.263,631.727,0634414,132721,wieś,Przytyk-gmina miejsko-wiejska,radomski
6872,Studzieniec,556.957,543.119,0575143,132737,wieś,Sierpc-gmina wiejska,sierpecki
6873,Studzieniec,501.984,561.098,0575433,132741,wieś,Słubice-gmina wiejska,płocki
6874,Studzieniec,459.827,595.192,0735061,132742,wieś,Puszcza Mariańska-gmina wiejska,żyrardowski
6875,Stupsk,573.764,596.561,0127522,132810,wieś,Stupsk-gmina wiejska,mławski
6876,Stylągi,571.806,684.479,0508425,132829,wieś,Czerwin-gmina wiejska,ostrołęcki
6877,Sucha,418.838,634.961,0614630,132890,wieś,Białobrzegi-gmina miejsko-wiejska,białobrzeski
6878,Sucha,397.942,674.419,0631048,132892,wieś,Pionki-gmina wiejska,radomski
6879,Sucha Poduchowna,398.038,673.320,0631077,132965,wieś,Pionki-gmina wiejska,radomski
6880,Suchcice,566.101,677.924,0508431,133035,wieś,Czerwin-gmina wiejska,ostrołęcki
6881,Suche,574.505,641.248,0511893,133041,osada leśna,Krasnosielc-gmina wiejska,makowski
6882,Suche,572.596,638.132,0517594,133040,wieś,Płoniawy-Bramura-gmina wiejska,makowski
6883,Suchocin,506.333,621.309,0003085,133100,wieś,Jabłonna-gmina wiejska,legionowski
6884,Suchodołek,486.334,745.970,0684642,133112,wieś,Mordy-gmina miejsko-wiejska,siedlecki
6885,Suchodół,458.428,621.823,0009449,133124,wieś,Tarczyn-gmina miejsko-wiejska,piaseczyński
6886,Suchodół,532.508,540.714,0561218,133122,wieś,Brudzeń Duży-gmina wiejska,płocki
6887,Suchodół,502.418,567.345,0566339,133123,wieś,Iłów-gmina wiejska,sochaczewski
6888,Suchodół,497.767,700.272,0672372,133125,wieś,Grębków-gmina wiejska,węgrowski
6889,Suchodół,390.664,609.585,1058326,199645,osada leśna,Przysucha-gmina miejsko-wiejska,przysuski
6890,Suchodół Szlachecki,518.886,722.796,0685699,133128,wieś,Sabnie-gmina wiejska,sokołowski
6891,Suchodół Wielki,487.093,746.963,0684665,133129,wieś,Mordy-gmina miejsko-wiejska,siedlecki
6892,Suchodół Włościański,518.809,722.658,0685682,133130,wieś,Sabnie-gmina wiejska,sokołowski
6893,Suchostruga,456.781,618.955,0009455,133160,wieś,Tarczyn-gmina miejsko-wiejska,piaseczyński
6894,Suchowizna,492.109,672.510,0690192,133172,wieś,Stanisławów-gmina miejsko-wiejska,miński
6895,Suchożebry,493.099,721.940,0692311,133198,wieś,Suchożebry-gmina wiejska,siedlecki
6896,Suchy Grunt,575.937,544.356,0118919,133222,wieś,Lubowidz-gmina miejsko-wiejska,żuromiński
6897,Suchy Las,475.996,626.595,0005322,133232,wieś,Michałowice-gmina wiejska,pruszkowski
6898,Sudragi,553.625,537.005,0575172,133331,wieś,Sierpc-gmina wiejska,sierpecki
6899,Sufczyn,467.350,673.223,0674968,133340,wieś,Kołbiel-gmina wiejska,otwocki
6900,Sujki,557.604,591.884,0127210,127171,osada,Strzegowo-gmina wiejska,mławski
6901,Sukowska Wola,404.826,635.594,0634450,133367,wieś,Przytyk-gmina miejsko-wiejska,radomski
6902,Suków,404.784,633.471,0634495,133370,wieś,Przytyk-gmina miejsko-wiejska,radomski
6903,Sul,604.231,667.302,0511404,127185,wieś,Kadzidło-gmina wiejska,ostrołęcki
6904,Sulbiny,447.736,681.306,0671272,133383,wieś,Garwolin-gmina wiejska,garwoliński
6905,Sulejów,511.387,674.024,0673354,133402,wieś,Jadów-gmina miejsko-wiejska,wołomiński
6906,Sulejówek,488.631,656.343,0921668,133405,miasto,Sulejówek-gmina miejska,miński
6907,Sulerzyż,555.586,598.019,0114867,133410,wieś,Glinojeck-gmina miejsko-wiejska,ciechanowski
6908,Sulgostów,405.214,612.111,0626805,133424,wieś,Klwów-gmina wiejska,przysuski
6909,Sulicha,572.563,642.628,0512071,133431,wieś,Krasnosielc-gmina wiejska,makowski
6910,Sulistrowice,384.033,623.547,0616008,133489,wieś,Chlewiska-gmina wiejska,szydłowiecki
6911,Suliszka,377.091,652.446,0641160,133504,wieś,Wierzbica-gmina wiejska,radomski
6912,Sulki,499.983,693.925,0693724,133511,wieś,Wierzbno-gmina wiejska,węgrowski
6913,Sulkowo,537.367,622.580,0128645,133512,wieś,Świercze-gmina wiejska,pułtuski
6914,Sulkowo Rzeczne,543.594,534.087,0571613,133516,wieś,Mochowo-gmina wiejska,sierpecki
6915,Sulkowo-Bariany,543.079,535.219,0571582,133513,wieś,Mochowo-gmina wiejska,sierpecki
6916,Sulnikowo,542.163,629.345,0116257,133531,wieś,Gzy-gmina wiejska,pułtuski
6917,Sulęcin Szlachecki,561.451,693.724,0520700,133416,wieś,Stary Lubotyń-gmina wiejska,ostrowski
6918,Sulęcin Włościański,562.327,692.824,0520716,133418,wieś,Stary Lubotyń-gmina wiejska,ostrowski
6919,Sulęcin-Kolonia,558.907,692.523,0517128,133417,wieś,Ostrów Mazowiecka-gmina wiejska,ostrowski
6920,Sumiężne,542.220,700.428,0514532,133610,wieś,Małkinia Górna-gmina miejsko-wiejska,ostrowski
6921,Surowe,608.702,642.423,0508081,133720,wieś,Czarnia-gmina wiejska,ostrołęcki
6922,Suserz,496.258,542.530,0578058,133758,wieś,Szczawin Kościelny-gmina wiejska,gostyniński
6923,Susk,548.917,546.090,0575203,133763,wieś,Sierpc-gmina wiejska,sierpecki
6924,Susk Nowy,579.376,678.736,0519529,90336,wieś,Rzekuń-gmina wiejska,ostrołęcki
6925,Susk Nowy,547.646,545.199,0574988,90335,wieś,Sierpc-gmina wiejska,sierpecki
6926,Susk Stary,581.547,679.004,0519587,130070,wieś,Rzekuń-gmina wiejska,ostrołęcki
6927,Suski Młynek,418.170,633.674,0614676,133768,wieś,Białobrzegi-gmina miejsko-wiejska,białobrzeski
6928,Suskowola,402.082,672.104,0631108,133775,wieś,Pionki-gmina wiejska,radomski
6929,Suszeniec,446.580,611.807,0732849,133799,wieś,Mszczonów-gmina miejsko-wiejska,żyrardowski
6930,Suwaki,561.217,570.697,0125612,133863,wieś,Siemiątkowo-gmina wiejska,żuromiński
6931,Suwin,526.532,652.693,0520389,133873,wieś,Somianka-gmina wiejska,wyszkowski
6932,Sułkowice,453.255,643.854,0616860,133551,wieś,Chynów-gmina wiejska,grójecki
6933,Sułkowo Borowe,565.641,595.212,0127114,133564,wieś,Strzegowo-gmina wiejska,mławski
6934,Sułkowo Polne,564.072,594.030,0127120,133566,wieś,Strzegowo-gmina wiejska,mławski
6935,Sułkowo-Kolonia,567.035,596.341,0127545,133565,wieś,Stupsk-gmina wiejska,mławski
6936,Sułków,418.043,651.814,0639133,133568,wieś,Stromiec-gmina wiejska,białobrzeski
6937,Sułocin-Teodory,554.312,540.467,0575189,133573,wieś,Sierpc-gmina wiejska,sierpecki
6938,Sułocin-Towarzystwo,555.946,539.993,0575195,133574,wieś,Sierpc-gmina wiejska,sierpecki
6939,Sułocinek,555.488,540.948,0574942,185865,kolonia,Sierpc-gmina wiejska,sierpecki
6940,Sułów-Gajówka,497.614,765.286,1061191,199548,osada leśna,Sarnaki-gmina wiejska,łosicki
6941,Swoboda,493.521,536.094,0578070,133929,wieś,Szczawin Kościelny-gmina wiejska,gostyniński
6942,Swoboda,475.061,683.645,0687356,133931,wieś,Siennica-gmina miejsko-wiejska,miński
6943,Swobodnia,514.008,610.298,0010464,133943,wieś,Zakroczym-gmina miejsko-wiejska,nowodworski
6944,Swojęcin,571.265,557.518,0119327,133955,wieś,Lutocin-gmina wiejska,żuromiński
6945,Syberia,580.640,548.489,0118925,133995,wieś,Lubowidz-gmina miejsko-wiejska,żuromiński
6946,Syberia,568.056,583.860,0127137,133996,wieś,Strzegowo-gmina wiejska,mławski
6947,Sycyna Południowa,385.108,681.913,0643436,134053,wieś,Zwoleń-gmina miejsko-wiejska,zwoleński
6948,Sycyna Północna,385.527,682.274,0643442,134054,wieś,Zwoleń-gmina miejsko-wiejska,zwoleński
6949,Sycyna-Kolonia,385.207,680.643,0643465,134052,wieś,Zwoleń-gmina miejsko-wiejska,zwoleński
6950,Sydół,386.769,679.227,0643471,134067,wieś,Zwoleń-gmina miejsko-wiejska,zwoleński
6951,Sypniewo,573.591,654.701,0521029,134132,wieś,Sypniewo-gmina wiejska,makowski
6952,Syropiast,548.645,675.906,0509413,134156,osada leśna,Długosiodło-gmina wiejska,wyszkowski
6953,Szadki,517.332,635.197,0008409,134220,wieś,Serock-gmina miejsko-wiejska,legionowski
6954,Szadkówek,487.169,604.995,0004564,134227,wieś,Leszno-gmina wiejska,warszawski zachodni
6955,Szafarczyska,592.652,674.367,0513308,134249,wieś,Lelis-gmina wiejska,ostrołęcki
6956,Szafarnia,593.715,665.906,0513314,134253,wieś,Lelis-gmina wiejska,ostrołęcki
6957,Szafranki,605.471,668.401,0513834,134266,wieś,Łyse-gmina wiejska,ostrołęcki
6958,Szamocin,507.306,684.302,0692104,134355,wieś,Strachówka-gmina wiejska,wołomiński
6959,Szamoty,468.264,626.373,0005486,134362,wieś,Nadarzyn-gmina wiejska,pruszkowski
6960,Szapsk,538.746,576.717,0123961,134393,wieś,Raciąż-gmina wiejska,płoński
6961,Szarglew,495.284,573.007,0566629,134416,wieś,Iłów-gmina wiejska,sochaczewski
6962,Szaruty,502.182,707.831,0678127,134471,wieś,Liw-gmina wiejska,węgrowski
6963,Szarłat,553.676,667.298,0510391,134445,wieś,Goworowo-gmina wiejska,ostrołęcki
6964,Szasty,522.265,579.643,0561780,134495,wieś,Bulkowo-gmina wiejska,płocki
6965,Szawły,484.203,752.339,0016751,134522,wieś,Olszanka-gmina wiejska,łosicki
6966,Szańków,485.949,753.572,0015639,134391,wieś,Łosice-gmina miejsko-wiejska,łosicki
6967,Szczaki,462.491,629.593,0006534,134529,wieś,Piaseczno-gmina miejsko-wiejska,piaseczyński
6968,Szczawin,534.120,613.814,0120980,134554,wieś,Nowe Miasto-gmina miejsko-wiejska,płoński
6969,Szczawin,561.986,669.772,0510400,134553,wieś,Goworowo-gmina wiejska,ostrołęcki
6970,Szczawin Borowy-Kolonia,499.625,544.062,0578087,134557,wieś,Szczawin Kościelny-gmina wiejska,gostyniński
6971,Szczawin Borowy-Wieś,498.788,542.284,0578093,134558,wieś,Szczawin Kościelny-gmina wiejska,gostyniński
6972,Szczawin Kościelny,500.732,541.752,0578101,134561,wieś,Szczawin Kościelny-gmina wiejska,gostyniński
6973,Szczawinek,500.343,542.869,0578124,134568,wieś,Szczawin Kościelny-gmina wiejska,gostyniński
6974,Szczechowo,560.895,542.355,0578578,134615,wieś,Szczutowo-gmina wiejska,sierpecki
6975,Szczeglacin,505.624,744.263,0675293,134650,wieś,Korczew-gmina wiejska,siedlecki
6976,Szczeglin Poduchowny,572.233,648.618,0521035,134656,wieś,Sypniewo-gmina wiejska,makowski
6977,Szczepanek,503.958,666.014,0521934,134697,wieś,Tłuszcz-gmina miejsko-wiejska,wołomiński
6978,Szczepanki,570.749,616.904,0113282,134710,wieś,Czernice Borowe-gmina wiejska,przasnyski
6979,Szczepanki,545.336,550.567,0575210,134705,wieś,Sierpc-gmina wiejska,sierpecki
6980,Szczepkowo,553.763,578.807,0123978,134767,wieś,Raciąż-gmina wiejska,płoński
6981,Szczuki,565.661,633.901,0517602,134924,wieś,Płoniawy-Bramura-gmina wiejska,makowski
6982,Szczurów,503.662,693.383,0675761,134960,wieś,Korytnica-gmina wiejska,węgrowski
6983,Szczutowo,563.824,538.669,0578584,134977,wieś,Szczutowo-gmina wiejska,sierpecki
6984,Szczypiornia,576.947,547.956,0119273,135013,wieś,Lutocin-gmina wiejska,żuromiński
6985,Szczypiorno,515.482,613.776,0006907,135016,wieś,Pomiechówek-gmina wiejska,nowodworski
6986,Szczytnik,489.314,683.699,0673673,135050,wieś,Jakubów-gmina wiejska,miński
6987,Szczytniki,524.748,599.198,0130062,135058,wieś,Załuski-gmina wiejska,płoński
6988,Szczytno,487.897,592.495,0003369,135077,wieś,Kampinos-gmina wiejska,warszawski zachodni
6989,Szczytno,523.500,600.783,0130079,135074,wieś,Załuski-gmina wiejska,płoński
6990,Szczytno,520.672,558.681,0573871,135073,wieś,Radzanowo-gmina wiejska,płocki
6991,Szczyty,421.673,638.901,0614682,135086,wieś,Białobrzegi-gmina miejsko-wiejska,białobrzeski
6992,Szczęsna,448.734,628.468,0622411,134829,wieś,Grójec-gmina miejsko-wiejska,grójecki
6993,Szczęsne,469.851,613.003,0002520,134833,wieś,Grodzisk Mazowiecki-gmina miejsko-wiejska,grodziski
6994,Szczęście,391.824,685.811,0643169,134837,wieś,Zwoleń-gmina miejsko-wiejska,zwoleński
6995,Szeligi,486.261,627.356,0005925,135125,osada,Ożarów Mazowiecki-gmina miejsko-wiejska,warszawski zachodni
6996,Szeligi,517.162,559.097,0575982,135124,wieś,Słupno-gmina wiejska,płocki
6997,Szeligi,455.665,600.421,0732855,135127,wieś,Mszczonów-gmina miejsko-wiejska,żyrardowski
6998,Szeligi,477.387,578.987,0734080,135126,wieś,Nowa Sucha-gmina wiejska,sochaczewski
6999,Szembory,491.403,690.727,0673992,135155,wieś,Kałuszyn-gmina miejsko-wiejska,miński
7000,Szeromin,531.944,590.946,0122329,135373,wieś,Płońsk-gmina wiejska,płoński
7001,Szerominek,530.262,590.364,0122335,135375,wieś,Płońsk-gmina wiejska,płoński
7002,Szewce,537.443,557.277,0559983,135415,wieś,Bielsk-gmina wiejska,płocki
7003,Szewnica,516.361,673.962,0673360,135465,wieś,Jadów-gmina miejsko-wiejska,wołomiński
7004,Szkarada,495.683,561.275,0574563,135480,wieś,Sanniki-gmina miejsko-wiejska,gostyniński
7005,Szkopnik,589.795,640.691,0510847,135624,kolonia,Jednorożec-gmina wiejska,przasnyski
7006,Szkopy,505.726,733.355,0685357,135627,wieś,Repki-gmina wiejska,sokołowski
7007,Szkwa,594.705,678.872,0513320,135654,wieś,Lelis-gmina wiejska,ostrołęcki
7008,Szkółki Krępskie,433.535,676.847,0680704,135643,osada,Maciejowice-gmina miejsko-wiejska,garwoliński
7009,Szla,582.515,631.895,0518151,135656,wieś,Przasnysz-gmina wiejska,przasnyski
7010,Szlachecki Las,385.483,692.310,0633580,135672,wieś,Przyłęk-gmina wiejska,zwoleński
7011,Szlasy Bure,565.350,634.376,0517631,135729,wieś,Płoniawy-Bramura-gmina wiejska,makowski
7012,Szlasy Żalne,565.259,622.826,0117570,135730,wieś,Krasne-gmina wiejska,przasnyski
7013,Szlasy-Leszcze,565.758,624.124,0117162,135722,wieś,Krasne-gmina wiejska,przasnyski
7014,Szlasy-Umiemy,564.470,624.023,0117564,135727,wieś,Krasne-gmina wiejska,przasnyski
7015,Szlasy-Złotki,553.702,637.433,0117038,135728,wieś,Karniewo-gmina wiejska,makowski
7016,Szlasy-Łozino,564.979,635.559,0517648,135725,wieś,Płoniawy-Bramura-gmina wiejska,makowski
7017,Szlędaki,503.172,672.371,0692110,135736,wieś,Strachówka-gmina wiejska,wołomiński
7018,Szoniec,572.359,550.348,0119333,135794,wieś,Lutocin-gmina wiejska,żuromiński
7019,Szostek,470.518,706.837,0694920,135850,wieś,Wodynie-gmina wiejska,siedlecki
7020,Szpaki,583.782,607.626,0114494,135877,przysiółek,Dzierzgowo-gmina wiejska,mławski
7021,Szpaki-Kolonia,492.254,764.410,0020497,135881,wieś,Stara Kornica-gmina wiejska,łosicki
7022,Szpice-Chojnowo,542.907,728.105,0395263,135911,wieś,Boguty-Pianki-gmina wiejska,ostrowski
7023,Szpondowo,531.211,596.842,0122341,135954,wieś,Płońsk-gmina wiejska,płoński
7024,Szreńsk,572.272,575.345,0127953,135990,wieś,Szreńsk-gmina wiejska,mławski
7025,Szronka,587.941,570.791,0117877,135992,wieś,Kuczbork-Osada-gmina wiejska,żuromiński
7026,Sztok,585.414,559.220,0118948,136012,wieś,Lubowidz-gmina miejsko-wiejska,żuromiński
7027,Szulbory,526.606,571.336,0577113,136127,wieś,Staroźreby-gmina miejsko-wiejska,płocki
7028,Szulborze Wielkie,548.755,717.715,0407807,136131,wieś,Szulborze Wielkie-gmina wiejska,ostrowski
7029,Szulborze-Koty,548.973,717.246,0407799,136129,wieś,Szulborze Wielkie-gmina wiejska,ostrowski
7030,Szulmierz,567.416,610.624,0124765,136136,wieś,Regimin-gmina wiejska,ciechanowski
7031,Szumanie,547.822,559.406,0579974,136144,wieś,Zawidz-gmina wiejska,sierpecki
7032,Szumanie-Pustoły,548.463,561.960,0580003,136149,wieś,Zawidz-gmina wiejska,sierpecki
7033,Szumin,529.693,678.552,0679233,136168,wieś,Łochów-gmina miejsko-wiejska,węgrowski
7034,Szumlin,529.154,604.545,0116748,136180,wieś,Joniec-gmina wiejska,płoński
7035,Szumsk,586.970,611.311,0114382,136191,wieś,Dzierzgowo-gmina wiejska,mławski
7036,Szwejki,547.839,615.185,0126439,136326,wieś,Sońsk-gmina wiejska,ciechanowski
7037,Szwejki,525.911,725.743,0690855,136327,wieś,Sterdyń-gmina wiejska,sokołowski
7038,Szwelice,549.509,636.588,0117044,136334,wieś,Karniewo-gmina wiejska,makowski
7039,Szwendrowy Most,588.475,666.193,0513337,136335,wieś,Lelis-gmina wiejska,ostrołęcki
7040,Szydłowiec,374.711,629.684,0973895,136374,miasto,Szydłowiec-gmina miejsko-wiejska,szydłowiecki
7041,Szydłowo,580.475,596.873,0128243,136383,wieś,Szydłowo-gmina wiejska,mławski
7042,Szydłówek,582.009,596.284,0128250,136395,wieś,Szydłowo-gmina wiejska,mławski
7043,Szydłówek,375.369,631.341,0639506,136397,wieś,Szydłowiec-gmina miejsko-wiejska,szydłowiecki
7044,Szydłówka,481.313,748.430,0016768,136405,wieś,Olszanka-gmina wiejska,łosicki
7045,Szygi,563.380,657.401,0518688,136411,wieś,Różan-gmina miejsko-wiejska,makowski
7046,Szygówek,546.308,643.824,0123286,136413,wieś,Pułtusk-gmina miejsko-wiejska,pułtuski
7047,Szyjki,553.372,586.655,0114695,136450,wieś,Glinojeck-gmina miejsko-wiejska,ciechanowski
7048,Szymaki,536.448,591.854,0122364,136464,wieś,Płońsk-gmina wiejska,płoński
7049,Szymankowszczyzna,489.492,676.333,0690200,136478,wieś,Stanisławów-gmina miejsko-wiejska,miński
7050,Szymanowice Duże,449.334,657.456,0687965,136489,wieś,Sobienie-Jeziory-gmina wiejska,otwocki
7051,Szymanowice Małe,448.245,658.141,0687994,136491,wieś,Sobienie-Jeziory-gmina wiejska,otwocki
7052,Szymanów,466.277,645.479,0002051,136511,wieś,Góra Kalwaria-gmina miejsko-wiejska,piaseczyński
7053,Szymanów,436.051,634.553,0623920,136512,wieś,Jasieniec-gmina wiejska,grójecki
7054,Szymanów,372.401,682.209,0628365,136514,wieś,Lipsko-gmina miejsko-wiejska,lipski
7055,Szymanów,478.181,594.439,0739099,136510,wieś,Teresin-gmina wiejska,sochaczewski
7056,Szymanówek,490.956,605.978,0004570,136518,wieś,Leszno-gmina wiejska,warszawski zachodni
7057,Szymanówek,513.271,669.174,0521785,136517,wieś,Tłuszcz-gmina miejsko-wiejska,wołomiński
7058,Szymańczyki,560.076,578.706,0126570,15145,kolonia,Strzegowo-gmina wiejska,mławski
7059,Szymony,484.354,693.092,0674000,136582,wieś,Kałuszyn-gmina miejsko-wiejska,miński
7060,Szynkarzyzna,531.838,686.719,0686090,136606,wieś,Sadowne-gmina wiejska,węgrowski
7061,Szyszki,542.184,623.956,0116263,168190,wieś,Gzy-gmina wiejska,pułtuski
7062,Sąchocin,501.831,687.682,0670611,121079,wieś,Dobre-gmina miejsko-wiejska,miński
7063,Sągole,520.221,714.488,0676341,121106,wieś,Kosów Lacki-gmina miejsko-wiejska,sokołowski
7064,Sątrzaska,577.771,633.515,0518100,121138,wieś,Przasnysz-gmina wiejska,przasnyski
7065,Sędek,532.031,564.005,0577024,121500,wieś,Staroźreby-gmina miejsko-wiejska,płocki
7066,Sękocin Nowy,474.010,629.545,0008042,121569,wieś,Raszyn-gmina wiejska,pruszkowski
7067,Sękocin Stary,473.423,628.842,0008094,121570,wieś,Raszyn-gmina wiejska,pruszkowski
7068,Sękocin-Las,471.867,629.833,0008119,121568,osada leśna,Raszyn-gmina wiejska,pruszkowski
7069,Sękowo,531.028,550.271,0559954,121582,wieś,Bielsk-gmina wiejska,płocki
7070,Sępochów,472.464,669.040,0674916,121604,wieś,Kołbiel-gmina wiejska,otwocki
7071,Słabomierz,460.999,603.412,0735492,124351,wieś,Radziejowice-gmina wiejska,żyrardowski
7072,Sławczyn,407.707,693.170,0620205,124377,wieś,Gniewoszów-gmina wiejska,kozienicki
7073,Sławiny,449.818,683.225,0671214,124429,wieś,Garwolin-gmina wiejska,garwoliński
7074,Sławki,577.579,640.643,0511829,124436,osada leśna,Krasnosielc-gmina wiejska,makowski
7075,Sławkowo,570.524,571.551,0127930,124443,wieś,Szreńsk-gmina wiejska,mławski
7076,Sławkowo,570.388,654.618,0520998,124445,wieś,Sypniewo-gmina wiejska,makowski
7077,Sławno,393.456,641.102,0641561,124465,wieś,Wolanów-gmina wiejska,radomski
7078,Sławęcin,566.950,567.428,0112213,124390,wieś,Bieżuń-gmina miejsko-wiejska,żuromiński
7079,Słojki,554.696,655.363,0519989,124551,wieś,Rzewnie-gmina wiejska,makowski
7080,Słomczyn,468.137,647.726,0004015,124559,wieś,Konstancin-Jeziorna-gmina miejsko-wiejska,piaseczyński
7081,Słomczyn,448.071,632.834,0622405,124560,wieś,Grójec-gmina miejsko-wiejska,grójecki
7082,Słomin,472.930,629.697,0008088,124585,wieś,Raszyn-gmina wiejska,pruszkowski
7083,Słomin,515.367,582.895,0579365,124584,wieś,Wyszogród-gmina miejsko-wiejska,płocki
7084,Słomkowo,527.655,566.436,0577030,124598,wieś,Staroźreby-gmina miejsko-wiejska,płocki
7085,Słomków,494.375,548.013,0572950,124600,wieś,Pacyna-gmina wiejska,gostyniński
7086,Słoniawy,557.627,638.644,0117021,124693,wieś,Karniewo-gmina wiejska,makowski
7087,Słopsk,519.572,659.124,0523666,124763,wieś,Zabrodzie-gmina wiejska,wyszkowski
7088,Słoszewo,535.552,593.706,0122246,124771,wieś,Płońsk-gmina wiejska,płoński
7089,Słoszewo-Kolonia,534.195,593.734,0122252,124772,wieś,Płońsk-gmina wiejska,płoński
7090,Słotwin,520.634,599.019,0129998,124778,wieś,Załuski-gmina wiejska,płoński
7091,Słowiki Nowe,411.098,684.787,0636117,89153,wieś,Sieciechów-gmina wiejska,kozienicki
7092,Słowiki Stare,412.044,683.694,0636092,129360,wieś,Sieciechów-gmina wiejska,kozienicki
7093,Słowiki-Folwark,411.541,684.194,0636123,124843,wieś,Sieciechów-gmina wiejska,kozienicki
7094,Słowików,400.696,630.973,0634383,124854,wieś,Przytyk-gmina miejsko-wiejska,radomski
7095,Słończewo,541.799,623.218,0116234,124743,wieś,Gzy-gmina wiejska,pułtuski
7096,Słubica A,461.648,610.969,0740725,124877,wieś,Żabia Wola-gmina wiejska,grodziski
7097,Słubica B,461.229,610.794,0740731,124878,wieś,Żabia Wola-gmina wiejska,grodziski
7098,Słubica Dobra,460.962,611.318,0740748,124879,wieś,Żabia Wola-gmina wiejska,grodziski
7099,Słubica-Wieś,461.127,612.329,0740754,124876,wieś,Żabia Wola-gmina wiejska,grodziski
7100,Słubice,500.742,563.816,0575568,124882,wieś,Słubice-gmina wiejska,płocki
7101,Słuchocin,489.170,703.326,0672308,124890,wieś,Grębków-gmina wiejska,węgrowski
7102,Słup,547.637,721.008,0407753,124916,wieś,Szulborze Wielkie-gmina wiejska,ostrowski
7103,Słup,495.361,545.038,0578012,124915,wieś,Szczawin Kościelny-gmina wiejska,gostyniński
7104,Słup,457.712,685.110,0683772,124920,wieś,Parysów-gmina wiejska,garwoliński
7105,Słup Drugi,458.000,687.241,0668927,124919,wieś,Borowie-gmina wiejska,garwoliński
7106,Słup Pierwszy,457.260,687.359,0668910,124922,wieś,Borowie-gmina wiejska,garwoliński
7107,Słup-Kolonia,547.964,720.028,0407760,124917,wieś,Szulborze Wielkie-gmina wiejska,ostrowski
7108,Słupca,524.725,572.446,0561661,124924,wieś,Bulkowo-gmina wiejska,płocki
7109,Słupia,567.069,539.830,0578555,124935,wieś,Szczutowo-gmina wiejska,sierpecki
7110,Słupia,544.171,557.682,0579922,124936,wieś,Zawidz-gmina wiejska,sierpecki
7111,Słupica,396.602,666.201,0625668,124959,wieś,Jedlnia-Letnisko-gmina miejsko-wiejska,radomski
7112,Słupno,505.490,645.757,0007812,124990,wieś,Radzymin-gmina miejsko-wiejska,wołomiński
7113,Słupno,515.221,557.226,0575901,124989,wieś,Słupno-gmina wiejska,płocki
7114,Słustowo,530.281,617.273,0120550,125020,wieś,Nasielsk-gmina miejsko-wiejska,nowodworski
7115,Słuszczyn,363.134,687.505,0637915,125021,wieś,Solec nad Wisłą-gmina miejsko-wiejska,lipski
7116,Tabor,465.837,661.328,0001086,138591,wieś,Celestynów-gmina wiejska,otwocki
7117,Taczowskie Pieńki,402.153,640.807,0642655,100621,kolonia,Zakrzew-gmina wiejska,radomski
7118,Taczów,400.616,641.067,0642626,138631,wieś,Zakrzew-gmina wiejska,radomski
7119,Tadajówka,576.259,551.071,0130346,138638,wieś,Żuromin-gmina miejsko-wiejska,żuromiński
7120,Tadeuszów,400.505,668.549,0631150,138648,wieś,Pionki-gmina wiejska,radomski
7121,Taluba,444.520,679.685,0671326,138709,wieś,Garwolin-gmina wiejska,garwoliński
7122,Tarcze,479.955,733.502,0696651,138792,wieś,Zbuczyn-gmina wiejska,siedlecki
7123,Tarczyn,458.764,625.979,0009478,138799,miasto,Tarczyn-gmina miejsko-wiejska,piaseczyński
7124,Targonie,563.927,605.938,0124819,138813,wieś,Regimin-gmina wiejska,ciechanowski
7125,Targówek,492.199,640.664,0988827,138854,część miasta,Warszawa-gmina miejska,Warszawa
7126,Targówka,481.275,677.543,0681980,138857,wieś,Mińsk Mazowiecki-gmina wiejska,miński
7127,Tarków,494.098,740.375,0684671,138867,wieś,Przesmyki-gmina wiejska,siedlecki
7128,Tarkówek,495.319,741.413,0684688,138868,wieś,Przesmyki-gmina wiejska,siedlecki
7129,Tarnów,438.897,668.137,0694161,139045,wieś,Wilga-gmina wiejska,garwoliński
7130,Tarnówek,358.950,671.549,0636695,139060,wieś,Sienno-gmina miejsko-wiejska,lipski
7131,Tartaczek,437.478,626.042,0614370,139103,wieś,Belsk Duży-gmina wiejska,grójecki
7132,Tartak,607.863,666.498,0513917,139122,wieś,Łyse-gmina wiejska,ostrołęcki
7133,Tartak,395.236,603.292,0618740,139135,osada,Gielniów-gmina miejsko-wiejska,przysuski
7134,Tartak,479.076,673.773,0681997,139125,wieś,Mińsk Mazowiecki-gmina wiejska,miński
7135,Tartak Brzózki,461.588,604.858,0735523,139145,wieś,Radziejowice-gmina wiejska,żyrardowski
7136,Tatary,599.489,667.476,0511427,139201,wieś,Kadzidło-gmina wiejska,ostrołęcki
7137,Tańsk-Chorąże,591.940,606.408,0114420,138753,przysiółek,Dzierzgowo-gmina wiejska,mławski
7138,Tańsk-Grzymki,591.311,605.009,0114436,138754,przysiółek,Dzierzgowo-gmina wiejska,mławski
7139,Tańsk-Kiernozy,591.470,608.039,0114407,138756,przysiółek,Dzierzgowo-gmina wiejska,mławski
7140,Tańsk-Kęsocha,592.122,606.996,0114442,138755,przysiółek,Dzierzgowo-gmina wiejska,mławski
7141,Tańsk-Przedbory,591.594,605.976,0114413,138757,wieś,Dzierzgowo-gmina wiejska,mławski
7142,Tchórz,526.075,551.465,0560006,139252,wieś,Bielsk-gmina wiejska,płocki
7143,Tchórzew,475.493,740.314,0696668,139255,wieś,Zbuczyn-gmina wiejska,siedlecki
7144,Tchórzew-Plewki,473.599,740.261,0696674,102093,wieś,Zbuczyn-gmina wiejska,siedlecki
7145,Tchórznica Szlachecka,520.091,728.243,0685707,139259,wieś,Sabnie-gmina wiejska,sokołowski
7146,Tchórznica Włościańska,519.887,728.890,0685713,139260,wieś,Sabnie-gmina wiejska,sokołowski
7147,Tchórzowa,517.155,705.093,0681320,139262,wieś,Miedzna-gmina wiejska,węgrowski
7148,Tczów,387.222,670.354,0639943,139271,wieś,Tczów-gmina wiejska,zwoleński
7149,Telaki,525.723,714.478,0676364,139313,wieś,Kosów Lacki-gmina miejsko-wiejska,sokołowski
7150,Teodorowo,586.546,676.746,0519593,139361,wieś,Rzekuń-gmina wiejska,ostrołęcki
7151,Teodorowo,528.866,563.707,0577120,139360,wieś,Staroźreby-gmina miejsko-wiejska,płocki
7152,Teodorów,514.453,648.999,0509123,139369,wieś,Dąbrówka-gmina wiejska,wołomiński
7153,Teodorów,494.884,540.031,0578130,139368,wieś,Szczawin Kościelny-gmina wiejska,gostyniński
7154,Teodorów,397.683,691.714,0632102,139376,wieś,Policzna-gmina wiejska,zwoleński
7155,Teodorów,478.626,718.854,0687652,139372,wieś,Skórzec-gmina wiejska,siedlecki
7156,Teodorówka,448.291,616.670,0631628,139388,wieś,Pniewy-gmina wiejska,grójecki
7157,Teofile,503.504,604.697,0004305,139401,wieś,Leoncin-gmina wiejska,nowodworski
7158,Teofilówka,520.945,736.314,0672946,139411,wieś,Jabłonna Lacka-gmina wiejska,sokołowski
7159,Terenia,470.784,618.542,0000750,139440,wieś,Brwinów-gmina miejsko-wiejska,pruszkowski
7160,Teresin,473.700,672.764,0675011,139457,wieś,Kołbiel-gmina wiejska,otwocki
7161,Teresin,482.369,596.803,0739142,139453,wieś,Teresin-gmina wiejska,sochaczewski
7162,Teresław,480.549,666.741,0670189,139476,wieś,Dębe Wielkie-gmina wiejska,miński
7163,Terlików,497.593,769.301,0019117,139496,wieś,Sarnaki-gmina wiejska,łosicki
7164,Tobolice,579.001,673.551,0519618,139613,wieś,Rzekuń-gmina wiejska,ostrołęcki
7165,Toboły-Gajówka,527.972,695.571,0691116,196152,osada leśna,Stoczek-gmina wiejska,węgrowski
7166,Tocznabiel,543.334,646.481,0515572,139666,wieś,Obryte-gmina wiejska,pułtuski
7167,Tocznabiel,542.478,646.630,0515595,194276,osada leśna,Obryte-gmina wiejska,pułtuski
7168,Toczyski Podborne,521.582,731.926,0672952,139675,wieś,Jabłonna Lacka-gmina wiejska,sokołowski
7169,Toczyski Średnie,521.724,732.844,0672975,139676,wieś,Jabłonna Lacka-gmina wiejska,sokołowski
7170,Todzia,603.438,662.503,0511433,139681,wieś,Kadzidło-gmina wiejska,ostrołęcki
7171,Tokary,503.929,752.443,0675301,139725,wieś,Korczew-gmina wiejska,siedlecki
7172,Toki,571.223,619.644,0113342,157853,wieś,Czernice Borowe-gmina wiejska,przasnyski
7173,Toki,471.944,706.101,0694942,139749,wieś,Wodynie-gmina wiejska,siedlecki
7174,Tomasze,570.407,677.969,0508454,139808,wieś,Czerwin-gmina wiejska,ostrołęcki
7175,Tomaszew,465.903,593.896,0739640,139816,wieś,Wiskitki-gmina miejsko-wiejska,żyrardowski
7176,Tomaszewo,527.173,611.361,0120997,139829,wieś,Nowe Miasto-gmina miejsko-wiejska,płoński
7177,Tomaszów,382.407,641.729,0630422,139844,wieś,Orońsko-gmina wiejska,szydłowiecki
7178,Tomaszów,378.042,662.334,0637387,139843,wieś,Skaryszew-gmina miejsko-wiejska,radomski
7179,Tomaszówka,364.999,686.382,0628402,139868,wieś,Lipsko-gmina miejsko-wiejska,lipski
7180,Tomaszówka,448.466,622.018,0631634,139865,wieś,Pniewy-gmina wiejska,grójecki
7181,Tomczyce,437.018,614.556,0615144,139887,wieś,Błędów-gmina wiejska,grójecki
7182,Tomczyce,419.723,617.291,0629525,139888,wieś,Mogielnica-gmina miejsko-wiejska,grójecki
7183,Tomczyn,434.821,655.230,0622010,139899,wieś,Grabów nad Pilicą-gmina wiejska,kozienicki
7184,Tomice,462.459,647.984,0002068,139908,wieś,Góra Kalwaria-gmina miejsko-wiejska,piaseczyński
7185,Topiąca,564.766,546.734,0574362,139964,wieś,Rościszewo-gmina wiejska,sierpecki
7186,Topolewszczyzna,555.937,590.477,0127143,140038,kolonia,Strzegowo-gmina wiejska,mławski
7187,Topolin,487.539,618.942,0008987,140041,wieś,Stare Babice-gmina wiejska,warszawski zachodni
7188,Topolin,430.480,671.861,0680800,140042,wieś,Maciejowice-gmina miejsko-wiejska,garwoliński
7189,Topolina,513.667,627.058,0008622,140043,wieś,Wieliszew-gmina wiejska,legionowski
7190,Topolnica,535.080,650.362,0524105,140054,wieś,Zatory-gmina wiejska,pułtuski
7191,Toporów,488.591,758.859,0015651,140081,wieś,Łosice-gmina miejsko-wiejska,łosicki
7192,Topołowa,484.333,594.174,0739165,140064,wieś,Teresin-gmina wiejska,sochaczewski
7193,Topólno,501.873,553.259,0564079,140107,wieś,Gąbin-gmina miejsko-wiejska,płocki
7194,Topór,476.788,699.828,0683051,140110,wieś,Mrozy-gmina miejsko-wiejska,miński
7195,Topór,526.674,692.145,0691174,140113,wieś,Stoczek-gmina wiejska,węgrowski
7196,Topórek,485.469,726.291,0686859,140115,wieś,Siedlce-gmina wiejska,siedlecki
7197,Toruniak,586.585,559.604,0118954,140212,wieś,Lubowidz-gmina miejsko-wiejska,żuromiński
7198,Toruń Dworski,518.344,617.268,0120595,140217,wieś,Nasielsk-gmina miejsko-wiejska,nowodworski
7199,Toruń Włościański,518.378,616.324,0120632,140219,wieś,Nasielsk-gmina miejsko-wiejska,nowodworski
7200,Tosie,533.017,712.683,0676424,140235,wieś,Kosów Lacki-gmina miejsko-wiejska,sokołowski
7201,Towarzystwo Czarnów,487.760,605.568,0004363,19365,wieś,Leszno-gmina wiejska,warszawski zachodni
7202,Tończa,520.142,735.565,0673006,139957,wieś,Jabłonna Lacka-gmina wiejska,sokołowski
7203,Tończa,515.006,701.733,0678156,139955,wieś,Liw-gmina wiejska,węgrowski
7204,Trablice,389.431,648.207,0627265,140247,wieś,Kowala-gmina wiejska,radomski
7205,Transbór,464.584,685.352,0677760,140291,wieś,Latowicz-gmina miejsko-wiejska,miński
7206,Trawy,508.498,685.660,0675778,140335,wieś,Korytnica-gmina wiejska,węgrowski
7207,Trebień,500.102,715.028,0668502,140367,wieś,Bielany-gmina wiejska,sokołowski
7208,Treblinka,537.017,704.819,0514578,140368,wieś,Małkinia Górna-gmina miejsko-wiejska,ostrowski
7209,Trojany,514.439,658.524,0509130,140480,wieś,Dąbrówka-gmina wiejska,wołomiński
7210,Trojanów,476.945,694.924,0683074,140471,wieś,Mrozy-gmina miejsko-wiejska,miński
7211,Trojanów,429.007,694.669,0692630,140473,wieś,Trojanów-gmina wiejska,garwoliński
7212,Troski,521.211,589.264,0119712,140512,wieś,Naruszewo-gmina wiejska,płoński
7213,Troszyn,577.438,683.152,0522313,140525,wieś,Troszyn-gmina wiejska,ostrołęcki
7214,Troszyn Polski,509.842,556.367,0564085,140526,wieś,Gąbin-gmina miejsko-wiejska,płocki
7215,Truskaw,494.552,621.145,0008993,140597,wieś,Izabelin-gmina wiejska,warszawski zachodni
7216,Truskawka,497.377,614.446,0001465,140602,wieś,Czosnów-gmina wiejska,nowodworski
7217,Truszki,555.156,615.681,0115170,140624,wieś,Gołymin-Ośrodek-gmina wiejska,ciechanowski
7218,Tryba-Gajówka,503.414,754.548,1054966,140648,osada leśna,Platerów-gmina wiejska,łosicki
7219,Trynisze-Kuniewo,545.047,731.610,0395286,140680,wieś,Boguty-Pianki-gmina wiejska,ostrowski
7220,Trynisze-Moszewo,544.569,731.980,0395292,140681,wieś,Boguty-Pianki-gmina wiejska,ostrowski
7221,Trynosy,560.288,686.720,0522690,140686,wieś,Wąsewo-gmina wiejska,ostrowski
7222,Trynosy,561.747,684.994,0522715,140685,osada leśna,Wąsewo-gmina wiejska,ostrowski
7223,Trynosy-Osiedle,560.560,684.438,0522721,140687,wieś,Wąsewo-gmina wiejska,ostrowski
7224,Trzaski,571.099,568.979,0112319,140708,wieś,Bieżuń-gmina miejsko-wiejska,żuromiński
7225,Trzaski,582.351,689.927,0522320,140711,wieś,Troszyn-gmina wiejska,ostrołęcki
7226,Trzcianka,565.221,608.049,0124825,140740,wieś,Regimin-gmina wiejska,ciechanowski
7227,Trzcianka,580.649,594.918,0128266,140739,wieś,Szydłowo-gmina wiejska,mławski
7228,Trzcianka,534.507,672.660,0506863,140742,wieś,Brańszczyk-gmina wiejska,wyszkowski
7229,Trzcianka,581.197,622.022,0518197,140749,wieś,Przasnysz-gmina wiejska,przasnyski
7230,Trzcianka,433.744,636.352,0623876,140751,wieś,Jasieniec-gmina wiejska,grójecki
7231,Trzcianka,411.026,613.487,0626610,140753,kolonia,Klwów-gmina wiejska,przysuski
7232,Trzcianka,436.691,691.158,0688580,140752,wieś,Sobolew-gmina wiejska,garwoliński
7233,Trzcianka,446.680,670.209,0694178,140750,wieś,Wilga-gmina wiejska,garwoliński
7234,Trzcianka-Kolonia,579.524,594.086,0128272,140762,wieś,Szydłowo-gmina wiejska,mławski
7235,Trzcianno,522.143,532.888,0572274,140779,wieś,Nowy Duninów-gmina wiejska,płocki
7236,Trzciany,507.239,622.710,0003091,140787,wieś,Jabłonna-gmina wiejska,legionowski
7237,Trzciniec,487.438,600.790,0004587,140829,wieś,Leszno-gmina wiejska,warszawski zachodni
7238,Trzciniec,545.600,636.087,0123292,140828,wieś,Pułtusk-gmina miejsko-wiejska,pułtuski
7239,Trzciniec,563.359,578.644,0124357,140827,wieś,Radzanów-gmina wiejska,mławski
7240,Trzciniec,469.291,712.314,0687669,140830,wieś,Skórzec-gmina wiejska,siedlecki
7241,Trzciniec Duży,525.901,712.436,0676447,140847,wieś,Kosów Lacki-gmina miejsko-wiejska,sokołowski
7242,Trzciniec Mały,527.653,713.214,0676460,140848,wieś,Kosów Lacki-gmina miejsko-wiejska,sokołowski
7243,Trzcinka,496.021,660.277,0684317,140853,wieś,Poświętne-gmina wiejska,wołomiński
7244,Trzebień,432.102,663.430,0628974,140964,wieś,Magnuszew-gmina miejsko-wiejska,kozienicki
7245,Trzebień,433.350,663.701,0628980,192866,osada leśna,Magnuszew-gmina miejsko-wiejska,kozienicki
7246,Trzebucza,489.193,696.861,0672395,141058,wieś,Grębków-gmina wiejska,węgrowski
7247,Trzebuń,534.277,545.227,0576378,141071,wieś,Stara Biała-gmina wiejska,płocki
7248,Trzemcha Dolna,359.654,674.547,0636703,141152,wieś,Sienno-gmina miejsko-wiejska,lipski
7249,Trzemcha Górna,358.504,675.751,0636710,141153,wieś,Sienno-gmina miejsko-wiejska,lipski
7250,Trzemuszka,480.555,708.205,0676861,141173,wieś,Kotuń-gmina wiejska,siedlecki
7251,Trzepowo,525.829,639.372,0122950,141187,wieś,Pokrzywnica-gmina wiejska,pułtuski
7252,Trzpioły,548.280,603.659,0121324,141289,wieś,Ojrzeń-gmina wiejska,ciechanowski
7253,Trzylatków Duży,438.607,617.814,0615150,141396,wieś,Błędów-gmina wiejska,grójecki
7254,Trzylatków-Parcela,439.608,615.790,0615180,141395,wieś,Błędów-gmina wiejska,grójecki
7255,Trąbki,412.710,643.599,0638122,140353,wieś,Stara Błotnica-gmina wiejska,białobrzeski
7256,Trąbki,456.706,678.501,0684010,140352,wieś,Pilawa-gmina miejsko-wiejska,garwoliński
7257,Trębice Dolne,500.779,739.088,0683619,140411,wieś,Paprotnia-gmina wiejska,siedlecki
7258,Trębice Górne,499.844,740.097,0683625,140412,wieś,Paprotnia-gmina wiejska,siedlecki
7259,Trębin,528.809,558.201,0573954,140413,wieś,Radzanowo-gmina wiejska,płocki
7260,Trębki,495.042,536.589,0578147,140414,wieś,Szczawin Kościelny-gmina wiejska,gostyniński
7261,Trębki,498.536,536.120,1054831,199537,osada leśna,Szczawin Kościelny-gmina wiejska,gostyniński
7262,Trębki Nowe,511.202,604.768,0010406,140415,wieś,Zakroczym-gmina miejsko-wiejska,nowodworski
7263,Trębki Stare,510.035,605.167,0010435,140416,wieś,Zakroczym-gmina miejsko-wiejska,nowodworski
7264,Trębki-Leśniczówka,496.889,536.983,0578153,192567,osada leśna,Szczawin Kościelny-gmina wiejska,gostyniński
7265,Trętowo-Mazarnięta,563.055,619.082,0121465,140430,osada,Opinogóra Górna-gmina wiejska,ciechanowski
7266,Trętowo-Pełzy,563.395,618.519,0121896,140431,osada,Opinogóra Górna-gmina wiejska,ciechanowski
7267,Tuchlin,533.770,681.808,0506917,141421,wieś,Brańszczyk-gmina wiejska,wyszkowski
7268,Tuchowo,557.567,584.439,0127108,141453,kolonia,Strzegowo-gmina wiejska,mławski
7269,Tulewo,525.203,662.710,0523413,141508,wieś,Wyszków-gmina miejsko-wiejska,wyszkowski
7270,Tulewo Górne,525.511,662.198,0523420,36085,wieś,Wyszków-gmina miejsko-wiejska,wyszkowski
7271,Tuliska,499.158,536.585,0578160,141517,wieś,Szczawin Kościelny-gmina wiejska,gostyniński
7272,Tumanek,524.341,667.643,0523436,141543,wieś,Wyszków-gmina miejsko-wiejska,wyszkowski
7273,Tupadły,540.909,569.432,0563714,141581,wieś,Drobin-gmina miejsko-wiejska,płocki
7274,Turek,492.350,688.345,0673680,141626,wieś,Jakubów-gmina wiejska,miński
7275,Turka,545.530,690.226,0507101,193428,osada leśna,Brok-gmina miejsko-wiejska,ostrowski
7276,Turka,545.714,690.006,0507118,193425,osada leśna,Brok-gmina miejsko-wiejska,ostrowski
7277,Turka,545.967,690.281,0516710,141633,wieś,Ostrów Mazowiecka-gmina wiejska,ostrowski
7278,Turna,512.352,697.971,0675784,141666,wieś,Korytnica-gmina wiejska,węgrowski
7279,Turno,422.214,636.277,0614587,141680,osada leśna,Białobrzegi-gmina miejsko-wiejska,białobrzeski
7280,Turobin-Brzozowa,567.976,699.602,0520739,141686,wieś,Stary Lubotyń-gmina wiejska,ostrowski
7281,Turowice,467.182,648.550,0004021,141713,wieś,Konstancin-Jeziorna-gmina miejsko-wiejska,piaseczyński
7282,Turowice,440.269,631.259,0623882,141714,wieś,Jasieniec-gmina wiejska,grójecki
7283,Turowo,569.509,621.877,0113307,141730,wieś,Czernice Borowe-gmina wiejska,przasnyski
7284,Turowo,597.001,599.543,0128987,141726,wieś,Wieczfnia Kościelna-gmina wiejska,mławski
7285,Tursk,407.895,635.430,0638553,141760,wieś,Stara Błotnica-gmina wiejska,białobrzeski
7286,Turza Mała,584.238,583.083,0118457,141791,wieś,Lipowiec Kościelny-gmina wiejska,mławski
7287,Turza Mała,536.543,532.151,0561224,141789,wieś,Brudzeń Duży-gmina wiejska,płocki
7288,Turza Wielka,583.293,582.293,0118470,141795,wieś,Lipowiec Kościelny-gmina wiejska,mławski
7289,Turza Wielka,537.030,530.896,0561230,141793,wieś,Brudzeń Duży-gmina wiejska,płocki
7290,Turze,498.365,669.364,0684323,141810,wieś,Poświętne-gmina wiejska,wołomiński
7291,Turzyn,529.929,670.277,0506930,141837,wieś,Brańszczyk-gmina wiejska,wyszkowski
7292,Turów,496.517,649.955,0010323,141747,wieś,Wołomin-gmina miejsko-wiejska,wołomiński
7293,Tustań-Leśniczówka,516.746,593.749,1061104,141853,osada leśna,Naruszewo-gmina wiejska,płoński
7294,Tuł,504.364,663.270,0511634,141524,wieś,Klembów-gmina wiejska,wołomiński
7295,Tułowice,498.228,587.312,0009828,141536,wieś,Brochów-gmina wiejska,sochaczewski
7296,Twarogi,518.330,689.819,0679262,141937,wieś,Łochów-gmina miejsko-wiejska,węgrowski
7297,Tworki,438.299,635.981,0623899,141957,wieś,Jasieniec-gmina wiejska,grójecki
7298,Tworki,469.178,725.491,0694617,45194,wieś,Wiśniew-gmina wiejska,siedlecki
7299,Tyborów,435.034,660.821,0628997,141997,wieś,Magnuszew-gmina miejsko-wiejska,kozienicki
7300,Tyborów,480.975,682.309,0669329,141996,wieś,Cegłów-gmina miejsko-wiejska,miński
7301,Tyczek,618.450,666.493,0513923,142025,wieś,Łyse-gmina wiejska,ostrołęcki
7302,Tymianka,487.642,711.272,0676878,142095,wieś,Kotuń-gmina wiejska,siedlecki
7303,Tymianki-Adamy,540.078,732.295,0395300,142101,wieś,Boguty-Pianki-gmina wiejska,ostrowski
7304,Tymianki-Bucie,540.534,730.976,0395317,142102,wieś,Boguty-Pianki-gmina wiejska,ostrowski
7305,Tymianki-Moderki,540.730,728.915,0395346,142104,wieś,Boguty-Pianki-gmina wiejska,ostrowski
7306,Tymianki-Okunie,540.388,729.576,0395352,142105,wieś,Boguty-Pianki-gmina wiejska,ostrowski
7307,Tymianki-Skóry,540.707,731.546,0395381,142107,wieś,Boguty-Pianki-gmina wiejska,ostrowski
7308,Tymianki-Szklarze,541.049,730.203,0395330,142108,wieś,Boguty-Pianki-gmina wiejska,ostrowski
7309,Tymienica Nowa,381.691,688.448,0616356,142111,wieś,Chotcza-gmina wiejska,lipski
7310,Tymienica Stara,381.195,686.302,0616391,142112,wieś,Chotcza-gmina wiejska,lipski
7311,Tymoteuszew,490.975,680.772,0673696,142130,wieś,Jakubów-gmina wiejska,miński
7312,Tynica,386.981,665.045,0640024,142141,wieś,Tczów-gmina wiejska,zwoleński
7313,Tyrzyn,421.096,681.852,0680816,142186,wieś,Maciejowice-gmina miejsko-wiejska,garwoliński
7314,Tyszki-Bregendy,576.738,600.735,0128289,142210,wieś,Szydłowo-gmina wiejska,mławski
7315,Tyszki-Ciągaczki,571.807,693.717,0508460,17123,wieś,Czerwin-gmina wiejska,ostrołęcki
7316,Tyszki-Nadbory,572.931,694.347,0508477,142212,wieś,Czerwin-gmina wiejska,ostrołęcki
7317,Tąsewy,538.239,629.120,0116292,139247,wieś,Gzy-gmina wiejska,pułtuski
7318,Tęczki,469.677,747.606,0696680,139512,wieś,Zbuczyn-gmina wiejska,siedlecki
7319,Tłubice,539.330,554.677,0560012,139582,wieś,Bielsk-gmina wiejska,płocki
7320,Tłucznice,553.716,630.258,0117050,139592,wieś,Karniewo-gmina wiejska,makowski
7321,Tłumy,454.462,612.060,0732878,139601,wieś,Mszczonów-gmina miejsko-wiejska,żyrardowski
7322,Tłuste,477.252,610.498,0002536,139604,wieś,Grodzisk Mazowiecki-gmina miejsko-wiejska,grodziski
7323,Tłuszcz,557.750,651.721,0508833,139608,wieś,Czerwonka-gmina wiejska,makowski
7324,Tłuszcz,509.896,665.509,0966441,139609,miasto,Tłuszcz-gmina miejsko-wiejska,wołomiński
7325,Uchacze,426.955,677.640,0680845,142424,wieś,Maciejowice-gmina miejsko-wiejska,garwoliński
7326,Uderz,499.001,572.169,0566635,142475,wieś,Iłów-gmina wiejska,sochaczewski
7327,Udrzyn,536.276,684.702,0506975,142487,wieś,Brańszczyk-gmina wiejska,wyszkowski
7328,Udrzynek,536.807,681.345,0506998,142488,wieś,Brańszczyk-gmina wiejska,wyszkowski
7329,Ugniewo,551.826,699.400,0517134,142503,wieś,Ostrów Mazowiecka-gmina wiejska,ostrowski
7330,Ugoszcz,524.001,703.947,0681342,142562,wieś,Miedzna-gmina wiejska,węgrowski
7331,Ujazdowo,553.683,603.750,0112905,142615,wieś,Ciechanów-gmina wiejska,ciechanowski
7332,Ujazdówek,555.706,603.014,0112911,142622,wieś,Ciechanów-gmina wiejska,ciechanowski
7333,Ujrzanów,479.258,727.476,0686871,142642,wieś,Siedlce-gmina wiejska,siedlecki
7334,Ulasek,527.056,654.653,0520395,142722,wieś,Somianka-gmina wiejska,wyszkowski
7335,Ulasek,557.233,678.175,0522738,142723,wieś,Wąsewo-gmina wiejska,ostrowski
7336,Ulaski,560.623,642.955,0508840,142727,wieś,Czerwonka-gmina wiejska,makowski
7337,Ulaski,559.815,643.195,0508856,175482,osada leśna,Czerwonka-gmina wiejska,makowski
7338,Ulaski,543.877,654.663,0515610,142728,wieś,Obryte-gmina wiejska,pułtuski
7339,Ulaski Gostomskie,418.454,616.010,0629531,142739,wieś,Mogielnica-gmina miejsko-wiejska,grójecki
7340,Ulaski Grzmiąckie,417.990,620.432,0642193,142740,wieś,Wyśmierzyce-gmina miejsko-wiejska,białobrzeski
7341,Ulaski Stamirowskie,418.523,618.788,0642201,142741,wieś,Wyśmierzyce-gmina miejsko-wiejska,białobrzeski
7342,Ulaszewo,526.444,538.239,0576384,142742,wieś,Stara Biała-gmina wiejska,płocki
7343,Ulatowo-Adamy,590.779,628.961,0512757,142745,wieś,Krzynowłoga Mała-gmina wiejska,przasnyski
7344,Ulatowo-Borzuchy,590.878,629.672,0512786,142746,przysiółek,Krzynowłoga Mała-gmina wiejska,przasnyski
7345,Ulatowo-Czerniaki,589.394,629.739,0512792,142747,wieś,Krzynowłoga Mała-gmina wiejska,przasnyski
7346,Ulatowo-Dąbrówka,592.032,631.679,0510882,142748,wieś,Jednorożec-gmina wiejska,przasnyski
7347,Ulatowo-Gać,589.497,628.613,0512800,142749,wieś,Krzynowłoga Mała-gmina wiejska,przasnyski
7348,Ulatowo-Janowięta,592.712,628.254,0512770,142750,kolonia,Krzynowłoga Mała-gmina wiejska,przasnyski
7349,Ulatowo-Pogorzel,591.180,635.612,0510913,142753,wieś,Jednorożec-gmina wiejska,przasnyski
7350,Ulatowo-Słabogóra,591.879,633.713,0510942,142755,wieś,Jednorożec-gmina wiejska,przasnyski
7351,Ulatowo-Zalesie,592.543,627.583,0512817,142756,wieś,Krzynowłoga Mała-gmina wiejska,przasnyski
7352,Ulatowo-Żyły,590.053,627.370,0512852,142758,wieś,Krzynowłoga Mała-gmina wiejska,przasnyski
7353,Uleniec,447.088,623.109,0622428,142766,wieś,Grójec-gmina miejsko-wiejska,grójecki
7354,Ulów,412.666,616.539,0626863,142858,wieś,Klwów-gmina wiejska,przysuski
7355,Umiastów,486.543,620.275,0006103,142892,wieś,Ożarów Mazowiecki-gmina miejsko-wiejska,warszawski zachodni
7356,Umienino,534.558,548.749,0560093,142896,wieś,Bielsk-gmina wiejska,płocki
7357,Umiotki,590.890,607.324,0114459,142904,przysiółek,Dzierzgowo-gmina wiejska,mławski
7358,Unieck,556.644,580.718,0123990,142921,wieś,Raciąż-gmina wiejska,płoński
7359,Uniejewo,526.947,532.712,0561247,142926,wieś,Brudzeń Duży-gmina wiejska,płocki
7360,Unierzyż,556.173,587.070,0127150,142944,wieś,Strzegowo-gmina wiejska,mławski
7361,Unikowo,563.250,596.193,0127189,142966,wieś,Strzegowo-gmina wiejska,mławski
7362,Unin,452.501,685.322,0671958,142979,wieś,Górzno-gmina wiejska,garwoliński
7363,Unin-Kolonia,452.307,683.914,0671378,142980,wieś,Garwolin-gmina wiejska,garwoliński
7364,Uniszki Gumowskie,591.778,593.378,0129024,142990,wieś,Wieczfnia Kościelna-gmina wiejska,mławski
7365,Uniszki Zawadzkie,589.698,594.495,0129030,142991,wieś,Wieczfnia Kościelna-gmina wiejska,mławski
7366,Uniszki-Cegielnia,587.111,594.918,0129001,142989,wieś,Wieczfnia Kościelna-gmina wiejska,mławski
7367,Urbanki,501.491,717.275,0668465,143074,wieś,Bielany-gmina wiejska,sokołowski
7368,Urbanów,414.017,647.032,0625220,143084,wieś,Jedlińsk-gmina wiejska,radomski
7369,Urle,520.088,677.658,0673383,143105,wieś,Jadów-gmina miejsko-wiejska,wołomiński
7370,Ursus,482.544,628.878,0918784,143137,część miasta,Warszawa-gmina miejska,Warszawa
7371,Ursynów,413.969,664.003,0619857,143139,wieś,Głowaczów-gmina miejsko-wiejska,kozienicki
7372,Ursynów,478.024,639.529,0988833,143138,część miasta,Warszawa-gmina miejska,Warszawa
7373,Urszulin,469.742,617.971,0002335,143155,wieś,Grodzisk Mazowiecki-gmina miejsko-wiejska,grodziski
7374,Urszulin,436.047,659.157,0629011,143157,wieś,Magnuszew-gmina miejsko-wiejska,kozienicki
7375,Urzut,468.537,619.675,0005492,143202,wieś,Nadarzyn-gmina wiejska,pruszkowski
7376,Ustanów,461.277,639.894,0007396,143221,wieś,Prażmów-gmina wiejska,piaseczyński
7377,Utniki,430.434,656.065,0622049,143389,wieś,Grabów nad Pilicą-gmina wiejska,kozienicki
7378,Uwieliny,458.050,640.547,0007404,143417,wieś,Prażmów-gmina wiejska,piaseczyński
7379,Uziębły,495.365,731.258,0683631,143435,wieś,Paprotnia-gmina wiejska,siedlecki
7380,Ułtowo,534.944,557.137,0560064,142888,wieś,Bielsk-gmina wiejska,płocki
7381,Uścianek,590.298,633.398,0510511,151504,osada leśna,Jednorożec-gmina wiejska,przasnyski
7382,Uścianek Wielki,546.350,712.063,0411826,143338,wieś,Zaręby Kościelne-gmina wiejska,ostrowski
7383,Uścianek-Dębianka,547.432,721.718,0407836,143337,wieś,Szulborze Wielkie-gmina wiejska,ostrowski
7384,Uścieniec,441.602,672.631,0678587,143353,wieś,Łaskarzew-gmina wiejska,garwoliński
7385,Uścieniec-Kolonia,443.074,670.313,0694221,143354,wieś,Wilga-gmina wiejska,garwoliński
7386,Uśniak,438.331,689.650,0688396,143373,kolonia,Sobolew-gmina wiejska,garwoliński
7387,Uśniaki,449.069,668.333,0671390,143375,wieś,Garwolin-gmina wiejska,garwoliński
7388,Wach,606.086,658.113,0511440,143540,wieś,Kadzidło-gmina wiejska,ostrołęcki
7389,Wacyn,396.572,645.785,0642649,143566,wieś,Zakrzew-gmina wiejska,radomski
7390,Wacławów,394.883,639.197,0641704,143558,wieś,Wolanów-gmina wiejska,radomski
7391,Wacławów,384.134,678.433,0643005,143559,wieś,Zwoleń-gmina miejsko-wiejska,zwoleński
7392,Wacławów,384.970,678.408,0643011,196564,osada leśna,Zwoleń-gmina miejsko-wiejska,zwoleński
7393,Wagan,514.217,666.830,0521940,143594,wieś,Tłuszcz-gmina miejsko-wiejska,wołomiński
7394,Waganka,514.630,667.799,0521957,143596,wieś,Tłuszcz-gmina miejsko-wiejska,wołomiński
7395,Walendów,469.660,626.547,0005517,143687,wieś,Nadarzyn-gmina wiejska,pruszkowski
7396,Walentynów,374.736,656.611,0623563,143711,wieś,Iłża-gmina miejsko-wiejska,radomski
7397,Walentynów,385.558,646.419,0627207,143712,wieś,Kowala-gmina wiejska,radomski
7398,Walentynów,361.767,684.194,0628431,143713,wieś,Lipsko-gmina miejsko-wiejska,lipski
7399,Walentów,487.283,605.901,0004593,143697,wieś,Leszno-gmina wiejska,warszawski zachodni
7400,Walentów,499.825,684.325,0670657,143698,wieś,Dobre-gmina miejsko-wiejska,miński
7401,Walercin,490.740,669.615,0670195,143717,wieś,Dębe Wielkie-gmina wiejska,miński
7402,Walerianowo,558.832,540.539,1056422,143722,kolonia,Sierpc-gmina wiejska,sierpecki
7403,Waleriany,461.719,594.960,0735078,143727,wieś,Puszcza Mariańska-gmina wiejska,żyrardowski
7404,Walerianów,405.661,601.037,0630238,143725,wieś,Odrzywół-gmina miejsko-wiejska,przysuski
7405,Walerów,507.888,716.228,0689088,143730,wieś,Sokołów Podlaski-gmina wiejska,sokołowski
7406,Walim,491.247,769.765,0020505,143769,wieś,Stara Kornica-gmina wiejska,łosicki
7407,Walimek,492.029,771.893,0020511,143770,kolonia,Stara Kornica-gmina wiejska,łosicki
7408,Waliny,389.132,639.205,0641727,143775,wieś,Wolanów-gmina wiejska,radomski
7409,Waliska,414.858,611.698,0629821,143778,wieś,Nowe Miasto nad Pilicą-gmina miejsko-wiejska,grójecki
7410,Waliska,469.998,690.512,0677777,143777,wieś,Latowicz-gmina miejsko-wiejska,miński
7411,Waliszew,500.941,545.670,0578176,143781,wieś,Szczawin Kościelny-gmina wiejska,gostyniński
7412,Wanaty,438.909,672.054,0678481,143975,wieś,Łaskarzew-gmina wiejska,garwoliński
7413,Wandolin,575.486,629.317,0518234,143996,przysiółek,Przasnysz-gmina wiejska,przasnyski
7414,Wandzinów,408.955,603.274,0630184,144033,wieś,Odrzywół-gmina miejsko-wiejska,przysuski
7415,Warchoły,512.970,705.005,0681365,144179,wieś,Miedzna-gmina wiejska,węgrowski
7416,Warka,437.871,650.542,0973978,144236,miasto,Warka-gmina miejsko-wiejska,grójecki
7417,Warmiak,625.031,664.490,0513946,144256,wieś,Łyse-gmina wiejska,ostrołęcki
7418,Warmiaki,514.235,680.620,0673147,144257,wieś,Jadów-gmina miejsko-wiejska,wołomiński
7419,Warpęsy,440.616,632.659,0623907,144306,wieś,Jasieniec-gmina wiejska,grójecki
7420,Warszawa,486.770,637.350,0918123,144333,miasto,Warszawa-gmina miejska,Warszawa
7421,Warszawianka,464.505,628.761,0005032,144347,wieś,Lesznowola-gmina wiejska,piaseczyński
7422,Warszawice,458.587,658.582,0688090,144349,wieś,Sobienie-Jeziory-gmina wiejska,otwocki
7423,Warszewka,537.913,569.607,0563513,144389,wieś,Drobin-gmina miejsko-wiejska,płocki
7424,Warszówka,460.503,659.679,0688120,144406,wieś,Sobienie-Jeziory-gmina wiejska,otwocki
7425,Warzyn Kmiecy,547.272,551.290,0575226,144474,wieś,Sierpc-gmina wiejska,sierpecki
7426,Warzyn-Skóry,548.273,550.430,0575232,144472,wieś,Sierpc-gmina wiejska,sierpecki
7427,Wasilew Skrzeszewski,512.085,738.666,0685370,144485,wieś,Repki-gmina wiejska,sokołowski
7428,Wasilew Szlachecki,512.015,740.655,0685392,144486,wieś,Repki-gmina wiejska,sokołowski
7429,Wasiły,589.421,604.276,0114465,144499,wieś,Dzierzgowo-gmina wiejska,mławski
7430,Wasiły-Zygny,605.860,620.396,0507905,144501,wieś,Chorzele-gmina miejsko-wiejska,przasnyski
7431,Watkowo,551.375,622.184,0115401,144530,wieś,Gołymin-Ośrodek-gmina wiejska,ciechanowski
7432,Watraszew,444.956,646.692,0616876,144534,wieś,Chynów-gmina wiejska,grójecki
7433,Wawer,485.854,645.833,0988840,144541,część miasta,Warszawa-gmina miejska,Warszawa
7434,Wawrzyszew,484.680,608.037,0000425,144586,wieś,Błonie-gmina miejsko-wiejska,warszawski zachodni
7435,Wawrzyszów,391.200,632.286,0641733,144588,wieś,Wolanów-gmina wiejska,radomski
7436,Wał,420.693,600.991,0629838,143831,wieś,Nowe Miasto nad Pilicą-gmina miejsko-wiejska,grójecki
7437,Wałsnów,381.694,635.654,0630439,143921,wieś,Orońsko-gmina wiejska,szydłowiecki
7438,Wańtuchy,501.132,718.216,0668525,144061,wieś,Bielany-gmina wiejska,sokołowski
7439,Waśkowólka,474.869,764.608,0012693,144524,wieś,Huszlew-gmina wiejska,łosicki
7440,Wejdo,618.493,669.930,0513952,144872,wieś,Łyse-gmina wiejska,ostrołęcki
7441,Werdun,456.067,618.725,0009484,144969,wieś,Tarczyn-gmina miejsko-wiejska,piaseczyński
7442,Wernerowo,556.439,536.001,0575255,144988,wieś,Sierpc-gmina wiejska,sierpecki
7443,Wesoła,491.805,715.807,0682270,145034,wieś,Mokobody-gmina wiejska,siedlecki
7444,Wesoła,482.707,574.594,0737019,145032,wieś,Rybno-gmina wiejska,sochaczewski
7445,Wesoła,489.651,651.337,0921728,145031,część miasta,Warszawa-gmina miejska,Warszawa
7446,Wesółka,473.799,749.804,0696697,145116,wieś,Zbuczyn-gmina wiejska,siedlecki
7447,Wiadrowo,580.215,560.902,0130352,145451,wieś,Żuromin-gmina miejsko-wiejska,żuromiński
7448,Wiatrowiec,447.026,613.890,0631640,145509,wieś,Pniewy-gmina wiejska,grójecki
7449,Wichorowo,522.284,594.463,0119741,145572,wieś,Naruszewo-gmina wiejska,płoński
7450,Wichradz,438.039,646.725,0640567,145579,wieś,Warka-gmina miejsko-wiejska,grójecki
7451,Wicie,447.136,660.404,0694250,145605,wieś,Wilga-gmina wiejska,garwoliński
7452,Wiciejewo,519.912,568.392,0560704,145610,wieś,Bodzanów-gmina miejsko-wiejska,płocki
7453,Wiciejów,479.897,682.628,0669335,145613,wieś,Cegłów-gmina miejsko-wiejska,miński
7454,Widok,449.855,645.252,0616899,145722,wieś,Chynów-gmina wiejska,grójecki
7455,Widów,440.125,629.698,0614386,145755,wieś,Belsk Duży-gmina wiejska,grójecki
7456,Wiechetki Duże,500.323,717.731,0668548,145796,wieś,Bielany-gmina wiejska,sokołowski
7457,Wiechetki Małe,500.567,717.261,0668554,145797,wieś,Bielany-gmina wiejska,sokołowski
7458,Wieczfnia Kościelna,593.211,598.583,0129060,145816,wieś,Wieczfnia Kościelna-gmina wiejska,mławski
7459,Wieczfnia-Kolonia,591.945,597.425,0129053,145815,kolonia,Wieczfnia Kościelna-gmina wiejska,mławski
7460,Wiejca,489.434,602.376,0003375,145840,wieś,Kampinos-gmina wiejska,warszawski zachodni
7461,Wielgie,377.928,674.202,0617901,145927,wieś,Ciepielów-gmina miejsko-wiejska,lipski
7462,Wielgolas,538.245,650.728,0515632,145935,wieś,Obryte-gmina wiejska,pułtuski
7463,Wielgolas,466.816,686.609,0677790,145936,wieś,Latowicz-gmina miejsko-wiejska,miński
7464,Wielgolas Brzeziński,485.324,663.248,0002915,145939,wieś,Halinów-gmina miejsko-wiejska,miński
7465,Wielgolas Duchnowski,483.965,663.484,0002938,145940,wieś,Halinów-gmina miejsko-wiejska,miński
7466,Wielgolas-Leśniczówka,537.914,649.548,0515655,175567,osada leśna,Obryte-gmina wiejska,pułtuski
7467,Wielgorz,482.546,738.065,0682590,145947,wieś,Mordy-gmina miejsko-wiejska,siedlecki
7468,Wielgołęka,552.292,628.210,0115418,145943,wieś,Gołymin-Ośrodek-gmina wiejska,ciechanowski
7469,Wieliczna,523.698,691.238,0691197,145974,wieś,Stoczek-gmina wiejska,węgrowski
7470,Wieliszew,511.386,633.404,0008639,145991,wieś,Wieliszew-gmina wiejska,legionowski
7471,Wielodróż,567.511,633.954,0518240,146575,wieś,Przasnysz-gmina wiejska,przasnyski
7472,Wielogóra,402.455,648.437,0625243,146579,wieś,Jedlińsk-gmina wiejska,radomski
7473,Wieluń-Zalesie,569.113,569.280,0112325,146634,wieś,Bieżuń-gmina miejsko-wiejska,żuromiński
7474,Wielądki,506.943,692.816,0675809,145874,wieś,Korytnica-gmina wiejska,węgrowski
7475,Wielątki,532.920,659.163,1066774,175670,wieś,Rząśnik-gmina wiejska,wyszkowski
7476,Wielątki Rosochate,531.939,655.719,0520410,145876,wieś,Somianka-gmina wiejska,wyszkowski
7477,Wielątki-Folwark,534.155,656.366,0519239,145875,wieś,Rząśnik-gmina wiejska,wyszkowski
7478,Wielęcin,523.935,648.192,0520426,145919,wieś,Somianka-gmina wiejska,wyszkowski
7479,Wielęcin,523.840,647.181,0524134,145920,osada leśna,Zatory-gmina wiejska,pułtuski
7480,Wieniawa,389.806,625.026,0640886,146638,wieś,Wieniawa-gmina wiejska,przysuski
7481,Wieniec,489.263,567.714,0566670,146646,wieś,Iłów-gmina wiejska,sochaczewski
7482,Wiersze,497.036,613.156,0001471,146802,wieś,Czosnów-gmina wiejska,nowodworski
7483,Wieruchów,486.987,624.614,0006110,146824,wieś,Ożarów Mazowiecki-gmina miejsko-wiejska,warszawski zachodni
7484,Wierzbica,520.384,640.410,0008384,146859,wieś,Serock-gmina miejsko-wiejska,legionowski
7485,Wierzbica,377.866,645.296,0641182,146863,wieś,Wierzbica-gmina wiejska,radomski
7486,Wierzbica Pańska,529.124,580.082,0114086,146887,wieś,Dzierzążnia-gmina wiejska,płoński
7487,Wierzbica Szlachecka,531.155,579.222,0114092,146889,wieś,Dzierzążnia-gmina wiejska,płoński
7488,Wierzbica-Kolonia,375.544,642.427,0641199,146878,wieś,Wierzbica-gmina wiejska,radomski
7489,Wierzbice Górne,507.477,735.114,0685417,146894,wieś,Repki-gmina wiejska,sokołowski
7490,Wierzbice-Guzy,513.648,729.910,0673012,146892,wieś,Jabłonna Lacka-gmina wiejska,sokołowski
7491,Wierzbice-Strupki,513.585,729.200,0673029,146893,wieś,Jabłonna Lacka-gmina wiejska,sokołowski
7492,Wierzbin,489.305,619.684,0009018,146926,wieś,Stare Babice-gmina wiejska,warszawski zachodni
7493,Wierzbno,497.247,694.629,0693760,146977,wieś,Wierzbno-gmina wiejska,węgrowski
7494,Wierzbowo,567.894,615.819,0121821,146998,wieś,Opinogóra Górna-gmina wiejska,ciechanowski
7495,Wierzbowo,569.885,615.650,1054200,199527,osada leśna,Opinogóra Górna-gmina wiejska,ciechanowski
7496,Wierzbówiec,537.184,596.266,0125983,147006,wieś,Sochocin-gmina miejsko-wiejska,płoński
7497,Wierzchowina,436.099,633.668,0623913,147073,wieś,Jasieniec-gmina wiejska,grójecki
7498,Wierzchowiny,414.411,652.071,0625289,147102,wieś,Jedlińsk-gmina wiejska,radomski
7499,Wierzchowiska Drugie,366.489,676.877,0636726,147123,wieś,Sienno-gmina miejsko-wiejska,lipski
7500,Wierzchowiska Pierwsze,368.353,676.522,0636732,147125,wieś,Sienno-gmina miejsko-wiejska,lipski
7501,Wierzchowizna,603.259,645.710,0507911,147135,wieś,Chorzele-gmina miejsko-wiejska,przasnyski
7502,Wierzchy,423.887,600.104,0629844,147176,wieś,Nowe Miasto nad Pilicą-gmina miejsko-wiejska,grójecki
7503,Wieska-Wieś,526.604,735.497,0673035,147234,wieś,Jabłonna Lacka-gmina wiejska,sokołowski
7504,Wikcinek,476.853,583.284,0734096,147434,wieś,Nowa Sucha-gmina wiejska,sochaczewski
7505,Wiksin,580.290,609.667,0115810,147466,wieś,Grudusk-gmina wiejska,ciechanowski
7506,Wiktoria,506.170,683.365,0692127,147469,wieś,Strachówka-gmina wiejska,wołomiński
7507,Wiktorowo,524.825,614.476,0120655,147489,wieś,Nasielsk-gmina miejsko-wiejska,nowodworski
7508,Wiktorowo,587.520,619.880,0512869,147490,wieś,Krzynowłoga Mała-gmina wiejska,przasnyski
7509,Wiktoryn,528.025,650.567,0524111,147518,wieś,Zatory-gmina wiejska,pułtuski
7510,Wiktorzyn,435.703,681.828,0678446,172478,kolonia,Łaskarzew-gmina wiejska,garwoliński
7511,Wiktorzyn,435.158,682.119,0688516,147525,kolonia,Sobolew-gmina wiejska,garwoliński
7512,Wiktorów,490.270,615.906,0004630,147495,wieś,Leszno-gmina wiejska,warszawski zachodni
7513,Wiktorów,507.344,651.365,0007901,147493,wieś,Radzymin-gmina miejsko-wiejska,wołomiński
7514,Wilamowice,526.933,587.139,0114100,147530,wieś,Dzierzążnia-gmina wiejska,płoński
7515,Wilamy,518.687,607.809,0130085,147556,wieś,Załuski-gmina wiejska,płoński
7516,Wilanów,480.715,642.207,0988856,147564,część miasta,Warszawa-gmina miejska,Warszawa
7517,Wilchta,456.510,686.029,0668940,147574,wieś,Borowie-gmina wiejska,garwoliński
7518,Wilcza Góra,469.260,632.614,0005055,147603,wieś,Lesznowola-gmina wiejska,piaseczyński
7519,Wilcza Wola,383.460,628.100,0639541,147657,wieś,Szydłowiec-gmina miejsko-wiejska,szydłowiecki
7520,Wilcza Wólka,454.234,632.706,0007479,147661,wieś,Prażmów-gmina wiejska,piaseczyński
7521,Wilczarz,465.359,673.746,0675005,147693,kolonia,Kołbiel-gmina wiejska,otwocki
7522,Wilcze Tułowskie,499.107,588.328,0009840,147782,wieś,Brochów-gmina wiejska,sochaczewski
7523,Wilcze Śladowskie,499.803,588.206,0009834,147780,wieś,Brochów-gmina wiejska,sochaczewski
7524,Wilcze Średnie,442.668,610.780,0615196,147781,wieś,Błędów-gmina wiejska,grójecki
7525,Wilczeniec,510.037,667.591,0521503,147790,wieś,Tłuszcz-gmina miejsko-wiejska,wołomiński
7526,Wilczkowice Dolne,438.236,662.402,0629028,147810,wieś,Magnuszew-gmina miejsko-wiejska,kozienicki
7527,Wilczkowice Górne,427.072,669.712,0627845,147812,wieś,Kozienice-gmina miejsko-wiejska,kozienicki
7528,Wilczkowo,505.075,577.682,0579394,147825,wieś,Wyszogród-gmina miejsko-wiejska,płocki
7529,Wilczna,381.070,653.796,0637393,147834,wieś,Skaryszew-gmina miejsko-wiejska,radomski
7530,Wilczogóra,554.428,551.787,0575278,147843,wieś,Sierpc-gmina wiejska,sierpecki
7531,Wilczogóra,444.553,623.849,0614400,147844,wieś,Belsk Duży-gmina wiejska,grójecki
7532,Wilczogęby,536.933,688.494,0686121,147839,wieś,Sadowne-gmina wiejska,węgrowski
7533,Wilczonek,484.111,706.728,0676884,147848,wieś,Kotuń-gmina wiejska,siedlecki
7534,Wilczoruda,448.064,614.601,0631663,147852,wieś,Pniewy-gmina wiejska,grójecki
7535,Wilczoruda-Parcela,448.932,615.137,0631670,147854,wieś,Pniewy-gmina wiejska,grójecki
7536,Wilczowola,433.260,661.581,0629034,147855,wieś,Magnuszew-gmina miejsko-wiejska,kozienicki
7537,Wilczowola,398.738,681.457,0632125,147856,wieś,Policzna-gmina wiejska,zwoleński
7538,Wilczy Targ,437.893,631.397,0614417,147943,wieś,Belsk Duży-gmina wiejska,grójecki
7539,Wilczy Ług,384.428,675.329,0640060,147923,wieś,Tczów-gmina wiejska,zwoleński
7540,Wilczynek,455.915,593.192,0735084,147967,wieś,Puszcza Mariańska-gmina wiejska,żyrardowski
7541,Wilewo,568.188,568.559,0112331,147996,wieś,Bieżuń-gmina miejsko-wiejska,żuromiński
7542,Wilga,445.549,663.781,0694310,147998,wieś,Wilga-gmina wiejska,garwoliński
7543,Wilhelmów,432.894,615.282,0615204,148008,wieś,Błędów-gmina wiejska,grójecki
7544,Wilkanowo,511.918,577.200,0571100,148026,wieś,Mała Wieś-gmina wiejska,płocki
7545,Wilkonice,441.384,614.802,0615210,148075,wieś,Błędów-gmina wiejska,grójecki
7546,Wilkowa Wieś,489.177,604.771,0004624,148091,wieś,Leszno-gmina wiejska,warszawski zachodni
7547,Wilkowo,565.492,617.933,0121838,148136,wieś,Opinogóra Górna-gmina wiejska,ciechanowski
7548,Wilkowuje,507.083,592.840,0562175,148151,wieś,Czerwińsk nad Wisłą-gmina miejsko-wiejska,płoński
7549,Wilkowyja,446.524,673.759,0671409,148155,wieś,Garwolin-gmina wiejska,garwoliński
7550,Wilków,489.062,605.832,0004647,148168,wieś,Leszno-gmina wiejska,warszawski zachodni
7551,Wilków Drugi,438.159,611.780,0615256,148178,wieś,Błędów-gmina wiejska,grójecki
7552,Wilków Pierwszy,438.541,611.770,0615233,148181,wieś,Błędów-gmina wiejska,grójecki
7553,Wilków Polski,505.144,602.058,0004311,148182,wieś,Leoncin-gmina wiejska,nowodworski
7554,Wilków nad Wisłą,505.861,601.064,0004328,148179,wieś,Leoncin-gmina wiejska,nowodworski
7555,Wilkówiec,503.989,594.781,0562181,148188,wieś,Czerwińsk nad Wisłą-gmina miejsko-wiejska,płoński
7556,Wilkęsy,542.723,561.054,0563720,148039,wieś,Drobin-gmina miejsko-wiejska,płocki
7557,Wincentowo,543.572,660.858,0519251,148243,wieś,Rząśnik-gmina wiejska,wyszkowski
7558,Wincentowo,538.806,531.743,0561260,148242,wieś,Brudzeń Duży-gmina wiejska,płocki
7559,Wincentów,455.068,648.421,0002074,148250,wieś,Góra Kalwaria-gmina miejsko-wiejska,piaseczyński
7560,Wincentów,510.282,544.922,0569705,148247,wieś,Łąck-gmina wiejska,płocki
7561,Wincentów,400.595,669.082,0631189,148255,wieś,Pionki-gmina wiejska,radomski
7562,Wincentów,363.676,668.031,0635916,148258,wieś,Rzeczniów-gmina wiejska,lipski
7563,Wincentów,385.017,675.825,0640047,148257,wieś,Tczów-gmina wiejska,zwoleński
7564,Wincentów,455.358,590.419,0735090,148248,wieś,Puszcza Mariańska-gmina wiejska,żyrardowski
7565,Wincentówek,504.738,605.040,0004334,148270,wieś,Leoncin-gmina wiejska,nowodworski
7566,Winduga,431.824,665.380,0628655,148288,wieś,Magnuszew-gmina miejsko-wiejska,kozienicki
7567,Windyki,588.047,598.429,0129076,148294,wieś,Wieczfnia Kościelna-gmina wiejska,mławski
7568,Winnica,532.657,631.495,0129484,148379,wieś,Winnica-gmina wiejska,pułtuski
7569,Winnica,535.588,534.345,0561276,148378,wieś,Brudzeń Duży-gmina wiejska,płocki
7570,Winniczka,533.079,631.549,0129490,148406,wieś,Winnica-gmina wiejska,pułtuski
7571,Winniki,528.817,617.045,0120661,148411,wieś,Nasielsk-gmina miejsko-wiejska,nowodworski
7572,Wir,400.530,621.767,0632591,148453,wieś,Potworów-gmina wiejska,przysuski
7573,Wirów,513.254,738.429,0673070,148472,wieś,Jabłonna Lacka-gmina wiejska,sokołowski
7574,Wirów-Klasztor,514.182,740.374,0673093,148473,osada,Jabłonna Lacka-gmina wiejska,sokołowski
7575,Wisielec-Gajówka,494.925,766.748,1061200,199549,osada leśna,Sarnaki-gmina wiejska,łosicki
7576,Wiskitki,469.876,594.725,0739656,148545,miasto,Wiskitki-gmina miejsko-wiejska,żyrardowski
7577,Wisowa,491.021,570.984,0566569,148579,wieś,Iłów-gmina wiejska,sochaczewski
7578,Wistka,393.692,618.001,0633981,148586,wieś,Przysucha-gmina miejsko-wiejska,przysuski
7579,Witalówka,450.356,620.443,0631686,148761,wieś,Pniewy-gmina wiejska,grójecki
7580,Witanki,497.864,708.493,0678191,148767,wieś,Liw-gmina wiejska,węgrowski
7581,Witaszyn,418.460,630.327,0642218,148783,wieś,Wyśmierzyce-gmina miejsko-wiejska,białobrzeski
7582,Witki,485.122,612.763,0000431,148793,wieś,Błonie-gmina miejsko-wiejska,warszawski zachodni
7583,Witki,533.997,636.581,0122967,148792,wieś,Pokrzywnica-gmina wiejska,pułtuski
7584,Witkowice,498.461,584.663,0732275,148802,wieś,Młodzieszyn-gmina wiejska,sochaczewski
7585,Witkowizna,491.180,682.625,0673710,148816,osada,Jakubów-gmina wiejska,miński
7586,Witkowo,544.803,575.212,0124038,148825,wieś,Raciąż-gmina wiejska,płoński
7587,Witoldów,494.428,537.789,0578182,148888,wieś,Szczawin Kościelny-gmina wiejska,gostyniński
7588,Witoldów,407.129,627.828,0634503,148894,przysiółek,Przytyk-gmina miejsko-wiejska,radomski
7589,Witoldów,481.182,589.896,0739171,148889,wieś,Teresin-gmina wiejska,sochaczewski
7590,Witoldów,480.993,590.546,1058119,248326,kolonia,Teresin-gmina wiejska,sochaczewski
7591,Witowy Most,586.472,654.028,0506403,148974,wieś,Baranowo-gmina wiejska,ostrołęcki
7592,Wity,488.993,691.946,0674023,149015,wieś,Kałuszyn-gmina miejsko-wiejska,miński
7593,Wiączemin Polski,508.917,560.336,0575580,145527,wieś,Słubice-gmina wiejska,płocki
7594,Wiązowna,480.910,657.686,0010100,145543,wieś,Wiązowna-gmina wiejska,otwocki
7595,Wiązówka,505.375,582.348,0579388,145554,wieś,Wyszogród-gmina miejsko-wiejska,płocki
7596,Więcków,424.686,694.750,0692682,147386,wieś,Trojanów-gmina wiejska,garwoliński
7597,Więcławice,529.383,528.588,0561253,147394,wieś,Brudzeń Duży-gmina wiejska,płocki
7598,Wiśniew,491.489,685.910,0673704,148675,wieś,Jakubów-gmina wiejska,miński
7599,Wiśniew,472.438,725.852,0694623,148674,wieś,Wiśniew-gmina wiejska,siedlecki
7600,Wiśniew-Kolonia,474.188,725.893,0694630,148676,wieś,Wiśniew-gmina wiejska,siedlecki
7601,Wiśniewko,581.605,589.299,0129691,148683,wieś,Wiśniewo-gmina wiejska,mławski
7602,Wiśniewo,577.551,611.816,0115826,148695,wieś,Grudusk-gmina wiejska,ciechanowski
7603,Wiśniewo,578.586,590.285,0129700,148689,wieś,Wiśniewo-gmina wiejska,mławski
7604,Wiśniewo,569.802,691.138,0508483,148696,wieś,Czerwin-gmina wiejska,ostrołęcki
7605,Wiśniewo,547.648,682.567,0517170,148692,wieś,Ostrów Mazowiecka-gmina wiejska,ostrowski
7606,Wiśniówek,569.058,690.577,0508490,148731,wieś,Czerwin-gmina wiejska,ostrołęcki
7607,Wiśniówek,365.937,680.211,0628477,148732,wieś,Lipsko-gmina miejsko-wiejska,lipski
7608,Wiśniówka,475.847,675.605,0687095,148740,kolonia,Siennica-gmina miejsko-wiejska,miński
7609,Wkra,548.047,587.364,0114927,149044,wieś,Glinojeck-gmina miejsko-wiejska,ciechanowski
7610,Wkra,525.470,606.283,1060889,149045,osada,Joniec-gmina wiejska,płoński
7611,Wodynie,467.937,702.676,0694959,149433,wieś,Wodynie-gmina wiejska,siedlecki
7612,Wodziczna,429.986,619.735,0629554,149445,wieś,Mogielnica-gmina miejsko-wiejska,grójecki
7613,Wodzymin,522.812,557.746,0573960,149459,wieś,Radzanowo-gmina wiejska,płocki
7614,Wodąca,358.703,673.453,0636749,149373,wieś,Sienno-gmina miejsko-wiejska,lipski
7615,Wojciechowice,461.329,643.477,0002080,149480,wieś,Góra Kalwaria-gmina miejsko-wiejska,piaseczyński
7616,Wojciechowo,554.763,569.710,0125629,149496,wieś,Siemiątkowo-gmina wiejska,żuromiński
7617,Wojciechów,404.822,654.541,0624433,149515,wieś,Jastrzębia-gmina wiejska,radomski
7618,Wojciechówka,419.722,639.430,0614593,149544,wieś,Białobrzegi-gmina miejsko-wiejska,białobrzeski
7619,Wojciechówka,397.314,681.591,0632148,149545,wieś,Policzna-gmina wiejska,zwoleński
7620,Wojciechówka,428.051,636.627,0633082,149542,wieś,Promna-gmina wiejska,białobrzeski
7621,Wojciechówka,475.193,679.084,0687379,149541,wieś,Siennica-gmina miejsko-wiejska,miński
7622,Wojcieszyn,489.308,620.641,0009024,149571,wieś,Stare Babice-gmina wiejska,warszawski zachodni
7623,Wojewódki Dolne,504.751,720.028,0668560,149606,wieś,Bielany-gmina wiejska,sokołowski
7624,Wojewódki Górne,505.526,721.353,0668577,149607,wieś,Bielany-gmina wiejska,sokołowski
7625,Wojny,515.915,606.184,0130091,149680,wieś,Załuski-gmina wiejska,płoński
7626,Wojnów,489.398,744.430,0684694,149673,wieś,Mordy-gmina miejsko-wiejska,siedlecki
7627,Wojnówka,580.649,588.236,0129722,149676,wieś,Wiśniewo-gmina wiejska,mławski
7628,Wojska Biel,580.301,657.698,0516092,193395,osada leśna,Olszewo-Borki-gmina wiejska,ostrołęcki
7629,Wojszczyce,515.723,609.520,0010487,149738,wieś,Zakroczym-gmina miejsko-wiejska,nowodworski
7630,Wojsze,571.095,680.910,0508508,149739,wieś,Czerwin-gmina wiejska,ostrołęcki
7631,Wojsławice,390.514,661.395,0621417,149720,wieś,Gózd-gmina wiejska,radomski
7632,Wojtkowa Wieś,545.077,602.117,0121330,149780,wieś,Ojrzeń-gmina wiejska,ciechanowski
7633,Wola,504.333,586.610,0562198,149840,wieś,Czerwińsk nad Wisłą-gmina miejsko-wiejska,płoński
7634,Wola,487.497,633.834,0919884,149841,część miasta,Warszawa-gmina miejska,Warszawa
7635,Wola Aleksandra,505.988,635.327,0005701,149892,wieś,Nieporęt-gmina wiejska,legionowski
7636,Wola Boglewska,441.479,637.221,0623936,149924,wieś,Jasieniec-gmina wiejska,grójecki
7637,Wola Branecka,428.881,638.615,0633219,149927,wieś,Promna-gmina wiejska,białobrzeski
7638,Wola Brudnowska,394.091,625.258,0640892,149930,wieś,Wieniawa-gmina wiejska,przysuski
7639,Wola Brwileńska,522.153,536.640,0572280,149931,wieś,Nowy Duninów-gmina wiejska,płocki
7640,Wola Błędowska,519.465,610.837,0006920,149920,wieś,Pomiechówek-gmina wiejska,nowodworski
7641,Wola Błędowska,601.045,647.074,0506426,149921,wieś,Baranowo-gmina wiejska,ostrołęcki
7642,Wola Chodkowska,424.586,665.415,0627868,149944,wieś,Kozienice-gmina miejsko-wiejska,kozienicki
7643,Wola Cygowska,496.528,666.054,0684330,149953,wieś,Poświętne-gmina wiejska,wołomiński
7644,Wola Ducka,474.556,663.374,0010139,149982,wieś,Wiązowna-gmina wiejska,otwocki
7645,Wola Dębska,585.656,602.289,0128295,149968,wieś,Szydłowo-gmina wiejska,mławski
7646,Wola Dłużniewska,540.241,590.329,0111923,149969,wieś,Baboszewo-gmina wiejska,płoński
7647,Wola Gałecka,399.353,609.401,0635394,149992,wieś,Rusinów-gmina wiejska,przysuski
7648,Wola Goryńska,411.319,655.114,0624440,150000,wieś,Jastrzębia-gmina wiejska,radomski
7649,Wola Gołkowska,466.563,632.455,0006540,149998,wieś,Piaseczno-gmina miejsko-wiejska,piaseczyński
7650,Wola Gołymińska,552.712,626.339,0115424,149999,wieś,Gołymin-Ośrodek-gmina wiejska,ciechanowski
7651,Wola Grabska,446.057,620.295,0631692,150005,wieś,Pniewy-gmina wiejska,grójecki
7652,Wola Grąbiecka,552.752,552.655,0580010,150007,wieś,Zawidz-gmina wiejska,sierpecki
7653,Wola Gutowska,407.172,646.221,0625310,150019,wieś,Jedlińsk-gmina wiejska,radomski
7654,Wola Kanigowska,558.849,593.339,0127203,150038,wieś,Strzegowo-gmina wiejska,mławski
7655,Wola Karczewska,476.129,663.646,0010145,150039,wieś,Wiązowna-gmina wiejska,otwocki
7656,Wola Kiełpińska,516.870,635.116,0008390,150048,wieś,Serock-gmina miejsko-wiejska,legionowski
7657,Wola Kiełpińska,517.213,634.749,0008415,167987,osada leśna,Serock-gmina miejsko-wiejska,legionowski
7658,Wola Klasztorna,409.440,690.943,0636130,150050,wieś,Sieciechów-gmina wiejska,kozienicki
7659,Wola Korycka Dolna,433.543,689.767,0692699,150062,wieś,Trojanów-gmina wiejska,garwoliński
7660,Wola Korycka Górna,433.594,690.302,0692707,150063,wieś,Trojanów-gmina wiejska,garwoliński
7661,Wola Korytnicka,508.356,691.370,0675815,150065,wieś,Korytnica-gmina wiejska,węgrowski
7662,Wola Korzeniowa,371.773,629.431,0639558,150067,wieś,Szydłowiec-gmina miejsko-wiejska,szydłowiecki
7663,Wola Krakowiańska,464.231,623.660,0005523,150074,wieś,Nadarzyn-gmina wiejska,pruszkowski
7664,Wola Krobowska,445.761,631.986,0622440,150078,wieś,Grójec-gmina miejsko-wiejska,grójecki
7665,Wola Kukalska,447.615,638.389,0616913,150088,wieś,Chynów-gmina wiejska,grójecki
7666,Wola Kuraszowa,381.109,618.926,0615612,150090,wieś,Borkowice-gmina wiejska,przysuski
7667,Wola Kęczewska,585.058,580.683,0118486,150045,wieś,Lipowiec Kościelny-gmina wiejska,mławski
7668,Wola Lipieniecka Duża,379.623,639.301,0624083,150098,wieś,Jastrząb-gmina miejsko-wiejska,szydłowiecki
7669,Wola Lipieniecka Mała,378.810,639.198,0624090,150099,wieś,Jastrząb-gmina miejsko-wiejska,szydłowiecki
7670,Wola Magnuszewska,435.679,662.443,0629040,150123,wieś,Magnuszew-gmina miejsko-wiejska,kozienicki
7671,Wola Miastkowska,454.913,696.104,0681023,150136,wieś,Miastków Kościelny-gmina wiejska,garwoliński
7672,Wola Miedniewska,470.297,590.240,0739662,150140,wieś,Wiskitki-gmina miejsko-wiejska,żyrardowski
7673,Wola Mrokowska,464.199,627.399,0005078,150153,wieś,Lesznowola-gmina wiejska,piaseczyński
7674,Wola Mystkowska,531.191,656.939,0520455,150157,wieś,Somianka-gmina wiejska,wyszkowski
7675,Wola Młocka,546.670,595.734,0114940,150145,wieś,Glinojeck-gmina miejsko-wiejska,ciechanowski
7676,Wola Orzeszowska,513.886,713.274,0681371,150176,wieś,Miedzna-gmina wiejska,węgrowski
7677,Wola Ostaszewska,545.389,620.591,0126451,150181,wieś,Sońsk-gmina wiejska,ciechanowski
7678,Wola Owadowska,406.708,652.733,0624479,150183,wieś,Jastrzębia-gmina wiejska,radomski
7679,Wola Pacyńska,496.167,550.948,0572966,150185,wieś,Pacyna-gmina wiejska,gostyniński
7680,Wola Palczewska,433.420,640.985,0640573,150186,wieś,Warka-gmina miejsko-wiejska,grójecki
7681,Wola Paprotnia,482.568,691.008,0683080,150187,wieś,Mrozy-gmina miejsko-wiejska,miński
7682,Wola Pasikońska,489.810,594.199,0003381,150188,wieś,Kampinos-gmina wiejska,warszawski zachodni
7683,Wola Pawłowska,560.018,602.343,0112928,150189,wieś,Ciechanów-gmina wiejska,ciechanowski
7684,Wola Pawłowska,357.701,693.182,0637967,150190,wieś,Solec nad Wisłą-gmina miejsko-wiejska,lipski
7685,Wola Pieczyska,452.512,640.921,0616936,150195,wieś,Chynów-gmina wiejska,grójecki
7686,Wola Pniewska,451.395,620.012,0631700,150201,wieś,Pniewy-gmina wiejska,grójecki
7687,Wola Pobiedzińska,418.072,611.544,0629850,150202,wieś,Nowe Miasto nad Pilicą-gmina miejsko-wiejska,grójecki
7688,Wola Polewna,544.652,658.827,0519268,150206,wieś,Rząśnik-gmina wiejska,wyszkowski
7689,Wola Polska,491.618,681.930,0673727,150208,wieś,Jakubów-gmina wiejska,miński
7690,Wola Polska,456.846,595.231,0735109,150207,wieś,Puszcza Mariańska-gmina wiejska,żyrardowski
7691,Wola Prażmowska,454.952,636.578,0007485,150216,wieś,Prażmów-gmina wiejska,piaseczyński
7692,Wola Proszkowska,573.029,578.556,0127960,150218,wieś,Szreńsk-gmina wiejska,mławski
7693,Wola Przypkowska,461.851,625.740,0009490,150226,wieś,Tarczyn-gmina miejsko-wiejska,piaseczyński
7694,Wola Rafałowska,479.272,691.898,0683097,150233,wieś,Mrozy-gmina miejsko-wiejska,miński
7695,Wola Rasztowska,510.863,655.422,0511640,150243,wieś,Klembów-gmina wiejska,wołomiński
7696,Wola Rowska,443.234,680.074,0678624,150250,wieś,Łaskarzew-gmina wiejska,garwoliński
7697,Wola Rębkowska,451.843,675.747,0671473,150244,wieś,Garwolin-gmina wiejska,garwoliński
7698,Wola Ręczajska,497.146,663.643,0684346,150245,wieś,Poświętne-gmina wiejska,wołomiński
7699,Wola Serocka,467.192,703.165,0694988,150267,wieś,Wodynie-gmina wiejska,siedlecki
7700,Wola Smolana,518.810,633.503,0008421,150283,wieś,Serock-gmina miejsko-wiejska,legionowski
7701,Wola Solecka Druga,373.231,686.631,0628490,150286,wieś,Lipsko-gmina miejsko-wiejska,lipski
7702,Wola Solecka Pierwsza,372.576,689.005,0628508,150287,wieś,Lipsko-gmina miejsko-wiejska,lipski
7703,Wola Stanisławowska,472.401,690.600,0669341,150291,wieś,Cegłów-gmina miejsko-wiejska,miński
7704,Wola Starogrodzka,463.048,679.153,0683832,150294,wieś,Parysów-gmina wiejska,garwoliński
7705,Wola Starowiejska,439.460,624.723,0614363,150296,wieś,Belsk Duży-gmina wiejska,grójecki
7706,Wola Suchożebrska,491.058,720.512,0692328,150303,wieś,Suchożebry-gmina wiejska,siedlecki
7707,Wola Sufczyńska,468.056,673.055,0675034,150304,wieś,Kołbiel-gmina wiejska,otwocki
7708,Wola Szydłowska,576.666,596.428,0127580,150310,wieś,Stupsk-gmina wiejska,mławski
7709,Wola Taczowska,400.147,642.050,0642661,150314,wieś,Zakrzew-gmina wiejska,radomski
7710,Wola Trębska,496.314,534.987,0578199,150317,wieś,Szczawin Kościelny-gmina wiejska,gostyniński
7711,Wola Trębska-Parcel,497.865,535.194,0578207,150318,wieś,Szczawin Kościelny-gmina wiejska,gostyniński
7712,Wola Wacławowska,393.741,639.744,0641710,150324,przysiółek,Wolanów-gmina wiejska,radomski
7713,Wola Wierzbowska,567.600,617.464,0121850,150337,wieś,Opinogóra Górna-gmina wiejska,ciechanowski
7714,Wola Więcierzowa,397.259,617.067,0634006,150339,wieś,Przysucha-gmina miejsko-wiejska,przysuski
7715,Wola Wodyńska,467.836,707.118,0695002,150346,wieś,Wodynie-gmina wiejska,siedlecki
7716,Wola Wodzyńska,541.441,602.113,0121347,150348,wieś,Ojrzeń-gmina wiejska,ciechanowski
7717,Wola Worowska,448.339,627.301,0622463,150351,wieś,Grójec-gmina miejsko-wiejska,grójecki
7718,Wola Wrzeszczowska,405.360,625.627,0634510,150352,wieś,Przytyk-gmina miejsko-wiejska,radomski
7719,Wola Wągrodzka,455.576,638.578,0007500,150327,wieś,Prażmów-gmina wiejska,piaseczyński
7720,Wola Władysławowska,450.363,666.915,0671527,150344,wieś,Garwolin-gmina wiejska,garwoliński
7721,Wola Włościańska,572.380,646.325,0512094,150345,wieś,Krasnosielc-gmina wiejska,makowski
7722,Wola Zagrodnia,376.634,621.459,0616014,150364,wieś,Chlewiska-gmina wiejska,szydłowiecki
7723,Wola Ładowska,500.359,571.847,0566693,150107,wieś,Iłów-gmina wiejska,sochaczewski
7724,Wola Łaskarzewska,438.572,675.961,0678601,150111,wieś,Łaskarzew-gmina wiejska,garwoliński
7725,Wola Łaszewska,556.679,575.438,0125635,150114,wieś,Siemiątkowo-gmina wiejska,żuromiński
7726,Wola Łuszczewska,484.138,603.638,0000448,150119,wieś,Błonie-gmina miejsko-wiejska,warszawski zachodni
7727,Wola Łącka,510.049,538.944,0569734,150115,wieś,Łąck-gmina wiejska,płocki
7728,Wola Łęczeszycka,434.604,621.294,0614423,150116,wieś,Belsk Duży-gmina wiejska,grójecki
7729,Wola Żelechowska,441.461,696.785,0697136,150381,wieś,Żelechów-gmina miejsko-wiejska,garwoliński
7730,Wola Życka,426.194,688.081,0692713,150386,wieś,Trojanów-gmina wiejska,garwoliński
7731,Wola Żyrowska,449.958,635.538,0616942,150389,wieś,Chynów-gmina wiejska,grójecki
7732,Wola-Folwark,540.278,592.317,0111930,149896,wieś,Baboszewo-gmina wiejska,płoński
7733,Wola-Józefowo,571.620,646.205,0512088,149897,wieś,Krasnosielc-gmina wiejska,makowski
7734,Wola-Kolonia,577.066,594.800,0127574,149898,wieś,Stupsk-gmina wiejska,mławski
7735,Wola-Krysk,519.419,594.286,0119385,149899,wieś,Naruszewo-gmina wiejska,płoński
7736,Wolany,557.327,567.168,0125658,150414,kolonia,Siemiątkowo-gmina wiejska,żuromiński
7737,Wolanów,392.146,637.505,0641791,150409,wieś,Wolanów-gmina wiejska,radomski
7738,Wolica,474.178,627.799,0005546,150472,wieś,Nadarzyn-gmina wiejska,pruszkowski
7739,Wolica,482.383,615.654,0005836,150470,osada,Ożarów Mazowiecki-gmina miejsko-wiejska,warszawski zachodni
7740,Wolkowe,619.501,658.735,0515023,150563,wieś,Myszyniec-gmina miejsko-wiejska,ostrołęcki
7741,Wolska Dąbrowa,412.041,653.238,0624491,150604,wieś,Jastrzębia-gmina wiejska,radomski
7742,Wolskie,484.790,617.396,0006126,150617,wieś,Ożarów Mazowiecki-gmina miejsko-wiejska,warszawski zachodni
7743,Worowice,520.636,579.521,0561862,150853,wieś,Bulkowo-gmina wiejska,płocki
7744,Worowice-Wyroby,530.827,568.862,0577136,150855,wieś,Staroźreby-gmina miejsko-wiejska,płocki
7745,Worów,447.832,626.836,0622470,150860,wieś,Grójec-gmina miejsko-wiejska,grójecki
7746,Wołomin,500.554,653.190,0921792,150707,miasto,Wołomin-gmina miejsko-wiejska,wołomiński
7747,Wołowa,522.375,565.752,0561833,150736,wieś,Bulkowo-gmina wiejska,płocki
7748,Wołyńce,477.758,720.231,0686888,150805,wieś,Siedlce-gmina wiejska,siedlecki
7749,Wołyńce-Kolonia,478.105,719.711,0686894,150806,wieś,Siedlce-gmina wiejska,siedlecki
7750,Wołyńskie,497.503,568.739,0566701,150808,wieś,Iłów-gmina wiejska,sochaczewski
7751,Woźbin,479.483,689.396,0669358,150904,wieś,Cegłów-gmina miejsko-wiejska,miński
7752,Woźniki,492.267,757.630,0015668,150933,wieś,Łosice-gmina miejsko-wiejska,łosicki
7753,Woźniki,524.275,595.632,0122370,150932,wieś,Płońsk-gmina wiejska,płoński
7754,Woźniki,525.595,561.346,0573977,150931,wieś,Radzanowo-gmina wiejska,płocki
7755,Woźniki-Paklewy,527.274,561.922,0574020,96371,wieś,Radzanowo-gmina wiejska,płocki
7756,Wrociszew,433.110,642.955,0640580,151536,wieś,Warka-gmina miejsko-wiejska,grójecki
7757,Wrogocin,536.651,568.863,0563737,151561,wieś,Drobin-gmina miejsko-wiejska,płocki
7758,Wroninko,525.313,588.349,0122393,151609,wieś,Płońsk-gmina wiejska,płoński
7759,Wronino,523.396,588.873,0119669,151610,wieś,Naruszewo-gmina wiejska,płoński
7760,Wronka,590.122,559.962,0118960,151614,wieś,Lubowidz-gmina miejsko-wiejska,żuromiński
7761,Wronowo,555.721,629.851,0117073,151633,wieś,Karniewo-gmina wiejska,makowski
7762,Wrotnów,520.890,707.574,0681388,151682,wieś,Miedzna-gmina wiejska,węgrowski
7763,Wrzeszczów,404.726,626.787,0634578,151826,wieś,Przytyk-gmina miejsko-wiejska,radomski
7764,Września,564.899,551.730,0574379,151840,wieś,Rościszewo-gmina wiejska,sierpecki
7765,Wrzos,400.913,627.260,0634590,151860,wieś,Przytyk-gmina miejsko-wiejska,radomski
7766,Wrzoski,518.344,711.052,0681419,151872,wieś,Miedzna-gmina wiejska,węgrowski
7767,Wrzosów,398.449,659.852,0625390,151898,wieś,Jedlnia-Letnisko-gmina miejsko-wiejska,radomski
7768,Wrzosówka,502.036,613.532,0001494,151903,wieś,Czosnów-gmina wiejska,nowodworski
7769,Wrząca,509.294,526.368,0564978,151779,wieś,Gostynin-gmina wiejska,gostyniński
7770,Wróble-Wargocin,420.850,679.754,0680851,151704,wieś,Maciejowice-gmina miejsko-wiejska,garwoliński
7771,Wróblewko,556.672,617.614,0115430,151711,wieś,Gołymin-Ośrodek-gmina wiejska,ciechanowski
7772,Wróblewo,557.011,616.921,0115460,151718,wieś,Gołymin-Ośrodek-gmina wiejska,ciechanowski
7773,Wróblewo,521.528,589.242,0119729,151720,wieś,Naruszewo-gmina wiejska,płoński
7774,Wróblewo,568.748,578.315,0124363,151716,wieś,Radzanów-gmina wiejska,mławski
7775,Wróblewo-Osiedle,522.234,590.616,0119735,168070,osada,Naruszewo-gmina wiejska,płoński
7776,Wręcza,459.817,599.632,0735546,151519,wieś,Mszczonów-gmina miejsko-wiejska,żyrardowski
7777,Wsola,404.386,647.318,0625326,152002,wieś,Jedlińsk-gmina wiejska,radomski
7778,Wszebory,514.974,660.300,0509146,152033,wieś,Dąbrówka-gmina wiejska,wołomiński
7779,Wszebory,540.065,716.775,0669849,152032,wieś,Ceranów-gmina wiejska,sokołowski
7780,Wszeliwy,492.751,565.685,0566718,152040,wieś,Iłów-gmina wiejska,sochaczewski
7781,Wujówka,511.941,675.927,0673414,152083,wieś,Jadów-gmina miejsko-wiejska,wołomiński
7782,Wyborów,432.466,653.613,0622055,152097,wieś,Grabów nad Pilicą-gmina wiejska,kozienicki
7783,Wycech-Gajówka,524.180,700.433,0691062,175625,osada leśna,Stoczek-gmina wiejska,węgrowski
7784,Wychódźc,504.530,596.267,0562212,152191,wieś,Czerwińsk nad Wisłą-gmina miejsko-wiejska,płoński
7785,Wycinki,533.821,597.584,0125990,152234,wieś,Sochocin-gmina miejsko-wiejska,płoński
7786,Wycinki Osowskie,465.044,614.816,0740777,152256,wieś,Żabia Wola-gmina wiejska,grodziski
7787,Wycześniak,453.044,590.143,0735115,152266,wieś,Puszcza Mariańska-gmina wiejska,żyrardowski
7788,Wyczółki,485.486,752.198,0016774,152274,wieś,Olszanka-gmina wiejska,łosicki
7789,Wyczółki,485.533,734.570,0682620,152271,wieś,Mordy-gmina miejsko-wiejska,siedlecki
7790,Wyczółki,499.866,697.948,0693782,152272,wieś,Wierzbno-gmina wiejska,węgrowski
7791,Wyczółki,476.911,598.894,0723224,152269,wieś,Baranów-gmina wiejska,grodziski
7792,Wyczółki,478.982,587.185,0738591,152268,wieś,Sochaczew-gmina wiejska,sochaczewski
7793,Wyczółki,485.366,752.935,1054877,152275,kolonia,Olszanka-gmina wiejska,łosicki
7794,Wyderka,571.298,616.024,0113030,145663,kolonia,Czernice Borowe-gmina wiejska,przasnyski
7795,Wydmusy,611.791,658.424,0515030,152337,wieś,Myszyniec-gmina miejsko-wiejska,ostrołęcki
7796,Wydrzyn,388.410,618.591,0640900,152380,wieś,Wieniawa-gmina wiejska,przysuski
7797,Wyglądały,513.791,676.506,0673420,152465,wieś,Jadów-gmina miejsko-wiejska,wołomiński
7798,Wyględy,489.503,616.137,0004660,152473,wieś,Leszno-gmina wiejska,warszawski zachodni
7799,Wyględów,368.649,673.189,0636755,152467,wieś,Sienno-gmina miejsko-wiejska,lipski
7800,Wyględówek,495.829,690.047,0693799,152469,wieś,Wierzbno-gmina wiejska,węgrowski
7801,Wyględówka,481.325,718.051,1056050,152471,kolonia,Siedlce-gmina wiejska,siedlecki
7802,Wygnanka,448.677,612.175,0732909,152479,wieś,Mszczonów-gmina miejsko-wiejska,żyrardowski
7803,Wygnanki,482.178,768.592,0020586,152491,wieś,Stara Kornica-gmina wiejska,łosicki
7804,Wygnanów,402.756,625.715,0634615,152497,wieś,Przytyk-gmina miejsko-wiejska,radomski
7805,Wygoda,467.104,655.184,0003659,152579,wieś,Karczew-gmina miejsko-wiejska,otwocki
7806,Wygoda,477.563,762.233,0012718,152588,wieś,Huszlew-gmina wiejska,łosicki
7807,Wygoda,582.723,569.397,0117720,152563,osada,Kuczbork-Osada-gmina wiejska,żuromiński
7808,Wygoda,559.587,592.951,0126801,152565,osada,Strzegowo-gmina wiejska,mławski
7809,Wygoda,579.159,627.799,0518257,152580,wieś,Przasnysz-gmina wiejska,przasnyski
7810,Wygoda,398.696,689.859,0632177,152599,wieś,Policzna-gmina wiejska,zwoleński
7811,Wygoda,362.204,679.592,0636778,152624,wieś,Sienno-gmina miejsko-wiejska,lipski
7812,Wygoda,458.330,678.286,0684040,152581,wieś,Pilawa-gmina miejsko-wiejska,garwoliński
7813,Wygoda,455.732,591.017,0735144,152577,wieś,Puszcza Mariańska-gmina wiejska,żyrardowski
7814,Wygoda Smoszewska,510.046,601.986,0010501,152658,wieś,Zakroczym-gmina miejsko-wiejska,nowodworski
7815,Wygodne,447.461,643.304,0616959,152669,wieś,Chynów-gmina wiejska,grójecki
7816,Wyjazd,485.844,592.101,0738326,152826,wieś,Sochaczew-gmina wiejska,sochaczewski
7817,Wykno,578.457,638.254,0511835,152852,osada leśna,Krasnosielc-gmina wiejska,makowski
7818,Wykowo,512.846,557.388,0576007,152873,wieś,Słupno-gmina wiejska,płocki
7819,Wykrot,610.791,661.905,0511166,152886,osada leśna,Kadzidło-gmina wiejska,ostrołęcki
7820,Wykrot,611.020,661.738,0511172,152885,osada leśna,Kadzidło-gmina wiejska,ostrołęcki
7821,Wykrot,612.905,661.396,0515046,152884,wieś,Myszyniec-gmina miejsko-wiejska,ostrołęcki
7822,Wylazłowo,593.404,560.150,0118977,152905,wieś,Lubowidz-gmina miejsko-wiejska,żuromiński
7823,Wylezin,455.709,629.265,0009538,152914,wieś,Tarczyn-gmina miejsko-wiejska,piaseczyński
7824,Wymysły,513.550,612.418,0006965,153084,wieś,Pomiechówek-gmina wiejska,nowodworski
7825,Wymysły,576.094,645.685,0512125,153086,wieś,Krasnosielc-gmina wiejska,makowski
7826,Wymysły,520.776,720.577,0685720,153088,wieś,Sabnie-gmina wiejska,sokołowski
7827,Wymysłów,384.774,613.430,0615635,153028,wieś,Borkowice-gmina wiejska,przysuski
7828,Wymysłów,419.151,677.811,0627710,153010,wieś,Kozienice-gmina miejsko-wiejska,kozienicki
7829,Wymysłów,387.020,658.756,0637430,153013,wieś,Skaryszew-gmina miejsko-wiejska,radomski
7830,Wymysłów,389.093,630.006,0641822,153012,wieś,Wolanów-gmina wiejska,radomski
7831,Wymysłów,456.010,603.984,0732915,153002,wieś,Mszczonów-gmina miejsko-wiejska,żyrardowski
7832,Wymysłów,485.216,593.112,0738600,153001,wieś,Sochaczew-gmina wiejska,sochaczewski
7833,Wymyśle Polskie,505.106,557.136,0575597,153097,wieś,Słubice-gmina wiejska,płocki
7834,Wypychy,506.759,694.769,0675821,153228,wieś,Korytnica-gmina wiejska,węgrowski
7835,Wypędy,476.230,629.005,0008125,153170,wieś,Raszyn-gmina wiejska,pruszkowski
7836,Wyrozęby-Konaty,503.130,733.200,0685430,153364,wieś,Repki-gmina wiejska,sokołowski
7837,Wyrozęby-Podawce,503.024,733.864,0685452,153365,wieś,Repki-gmina wiejska,sokołowski
7838,Wyrzyki,489.051,765.449,0020600,153410,wieś,Stara Kornica-gmina wiejska,łosicki
7839,Wyrzyki,536.855,617.536,0128711,153407,wieś,Świercze-gmina wiejska,pułtuski
7840,Wyrąb,512.615,724.236,0689131,153237,wieś,Sokołów Podlaski-gmina wiejska,sokołowski
7841,Wyrąb Karwacki,573.230,633.027,0518270,153253,wieś,Przasnysz-gmina wiejska,przasnyski
7842,Wysocarz,574.529,687.033,0522336,153457,wieś,Troszyn-gmina wiejska,ostrołęcki
7843,Wysocin,386.118,686.755,0633610,153462,wieś,Przyłęk-gmina wiejska,zwoleński
7844,Wysocko,380.464,629.569,0639564,153473,wieś,Szydłowiec-gmina miejsko-wiejska,szydłowiecki
7845,Wysocze,561.670,682.059,0522773,153478,wieś,Wąsewo-gmina wiejska,ostrowski
7846,Wysoczyn,451.798,625.929,0622492,153482,wieś,Grójec-gmina miejsko-wiejska,grójecki
7847,Wysoczyn,451.879,655.728,0688137,153483,wieś,Sobienie-Jeziory-gmina wiejska,otwocki
7848,Wysoka,381.901,631.364,0639593,153508,wieś,Szydłowiec-gmina miejsko-wiejska,szydłowiecki
7849,Wysokie Koło,403.000,696.762,0620369,153679,wieś,Gniewoszów-gmina wiejska,kozienicki
7850,Wysokin,408.306,607.766,0630244,153699,wieś,Odrzywół-gmina miejsko-wiejska,przysuski
7851,Występ,412.761,693.729,0636152,153771,wieś,Sieciechów-gmina wiejska,kozienicki
7852,Wysychy,516.354,663.772,0523672,153790,wieś,Zabrodzie-gmina wiejska,wyszkowski
7853,Wyszel,588.075,659.163,0516063,153819,wieś,Olszewo-Borki-gmina wiejska,ostrołęcki
7854,Wyszków,497.570,704.837,0678200,153842,wieś,Liw-gmina wiejska,węgrowski
7855,Wyszków,528.395,666.014,0966470,153841,miasto,Wyszków-gmina miejsko-wiejska,wyszkowski
7856,Wyszogród,503.333,581.007,0969356,153859,miasto,Wyszogród-gmina miejsko-wiejska,płocki
7857,Wyszomierz,500.468,723.946,0668583,153865,wieś,Bielany-gmina wiejska,sokołowski
7858,Wyszomierz,522.002,711.522,0676513,153864,wieś,Kosów Lacki-gmina miejsko-wiejska,sokołowski
7859,Wyszyna,526.592,539.921,0576409,153890,wieś,Stara Biała-gmina wiejska,płocki
7860,Wyszyny Kościelne,576.597,593.402,0127597,153899,wieś,Stupsk-gmina wiejska,mławski
7861,Wywóz,392.388,603.303,0619076,153952,wieś,Gielniów-gmina miejsko-wiejska,przysuski
7862,Wywóz,391.518,603.948,0619099,153954,kolonia,Gielniów-gmina miejsko-wiejska,przysuski
7863,Wyłazy,487.255,717.695,0682301,152926,wieś,Mokobody-gmina wiejska,siedlecki
7864,Wyśmierzyce,419.144,625.829,0974044,153900,miasto,Wyśmierzyce-gmina miejsko-wiejska,białobrzeski
7865,Wyżega,620.642,673.279,0514101,153998,wieś,Łyse-gmina wiejska,ostrołęcki
7866,Wzgórze-Leśniczówka,543.338,648.048,0515603,157948,osada leśna,Obryte-gmina wiejska,pułtuski
7867,Wójtostwo,516.759,627.267,0006936,151012,wieś,Pomiechówek-gmina wiejska,nowodworski
7868,Wójtostwo,417.757,678.427,0627874,151014,wieś,Kozienice-gmina miejsko-wiejska,kozienicki
7869,Wójtowizna,455.643,666.197,0683418,151042,wieś,Osieck-gmina miejsko-wiejska,otwocki
7870,Wójty,515.523,680.007,0673390,151068,wieś,Jadów-gmina miejsko-wiejska,wołomiński
7871,Wójty-Trojany,548.099,632.683,0116300,151070,wieś,Gzy-gmina wiejska,pułtuski
7872,Wójtówka,484.735,587.592,0738585,149804,wieś,Sochaczew-gmina wiejska,sochaczewski
7873,Wólka,491.730,616.811,0004653,151107,wieś,Leszno-gmina wiejska,warszawski zachodni
7874,Wólka,523.031,563.048,0574037,151096,wieś,Radzanowo-gmina wiejska,płocki
7875,Wólka,373.628,688.043,0628514,151119,wieś,Lipsko-gmina miejsko-wiejska,lipski
7876,Wólka,497.724,693.019,0693776,151110,wieś,Wierzbno-gmina wiejska,węgrowski
7877,Wólka Bachańska,405.968,690.517,0620323,151164,wieś,Gniewoszów-gmina wiejska,kozienicki
7878,Wólka Brzezińska,562.247,672.606,0510416,151179,wieś,Goworowo-gmina wiejska,ostrołęcki
7879,Wólka Brzózka,414.897,661.149,0619863,151184,wieś,Głowaczów-gmina miejsko-wiejska,kozienicki
7880,Wólka Czarnińska,491.369,674.493,0690217,151188,wieś,Stanisławów-gmina miejsko-wiejska,miński
7881,Wólka Czarnogłowska,495.531,686.125,0670663,151190,wieś,Dobre-gmina miejsko-wiejska,miński
7882,Wólka Czerwińska,571.664,688.108,0508514,151195,wieś,Czerwin-gmina wiejska,ostrołęcki
7883,Wólka Czosnowska,502.104,613.978,0001488,151196,wieś,Czosnów-gmina wiejska,nowodworski
7884,Wólka Dańkowska,432.505,618.615,0615279,151198,wieś,Błędów-gmina wiejska,grójecki
7885,Wólka Dolna,534.368,709.514,0676482,151204,wieś,Kosów Lacki-gmina miejsko-wiejska,sokołowski
7886,Wólka Domaniowska,396.458,627.697,0634532,151205,wieś,Przytyk-gmina miejsko-wiejska,radomski
7887,Wólka Drążdżewska,583.468,643.099,0512102,151208,wieś,Krasnosielc-gmina wiejska,makowski
7888,Wólka Dworska,463.396,652.223,0002097,151212,wieś,Góra Kalwaria-gmina miejsko-wiejska,piaseczyński
7889,Wólka Dąbrowicka,500.552,667.480,0684352,151199,wieś,Poświętne-gmina wiejska,wołomiński
7890,Wólka Dąbrowska,373.785,679.619,0617982,151200,wieś,Ciepielów-gmina miejsko-wiejska,lipski
7891,Wólka Dłużewska,467.741,680.183,0687400,151201,wieś,Siennica-gmina miejsko-wiejska,miński
7892,Wólka Garwarska,549.892,590.042,0114956,151214,wieś,Glinojeck-gmina miejsko-wiejska,ciechanowski
7893,Wólka Gonciarska,376.947,664.987,0626410,151213,wieś,Kazanów-gmina miejsko-wiejska,zwoleński
7894,Wólka Gostomska,421.268,613.530,0629560,151218,wieś,Mogielnica-gmina miejsko-wiejska,grójecki
7895,Wólka Gołoska,435.229,611.885,0615285,151217,wieś,Błędów-gmina wiejska,grójecki
7896,Wólka Grochowa,551.221,674.968,0509880,151223,wieś,Długosiodło-gmina wiejska,wyszkowski
7897,Wólka Grodziska,473.423,608.870,0002594,151224,wieś,Grodzisk Mazowiecki-gmina miejsko-wiejska,grodziski
7898,Wólka Gruszczyńska,444.242,661.427,0694327,151227,wieś,Wilga-gmina wiejska,garwoliński
7899,Wólka Górska,506.511,619.035,0003100,151220,wieś,Jabłonna-gmina wiejska,legionowski
7900,Wólka Iłówiecka,476.258,673.329,0682005,151232,wieś,Mińsk Mazowiecki-gmina wiejska,miński
7901,Wólka Jeżewska,456.269,616.904,0009509,151238,wieś,Tarczyn-gmina miejsko-wiejska,piaseczyński
7902,Wólka Kadłubska,412.386,632.044,0635069,151240,wieś,Radzanów-gmina wiejska,białobrzeski
7903,Wólka Kamienna,472.820,741.371,0696705,151243,wieś,Zbuczyn-gmina wiejska,siedlecki
7904,Wólka Kałuska,489.241,688.702,0674030,151241,wieś,Kałuszyn-gmina miejsko-wiejska,miński
7905,Wólka Kikolska,517.590,622.542,0006942,151251,wieś,Pomiechówek-gmina wiejska,nowodworski
7906,Wólka Kliczewska,575.464,568.396,0130369,151252,wieś,Żuromin-gmina miejsko-wiejska,żuromiński
7907,Wólka Kobyla,472.936,714.767,0687675,151257,wieś,Skórzec-gmina wiejska,siedlecki
7908,Wólka Kobylańska,503.732,683.262,0670670,151258,wieś,Dobre-gmina miejsko-wiejska,miński
7909,Wólka Kokosia,499.232,680.091,0670692,151260,wieś,Dobre-gmina miejsko-wiejska,miński
7910,Wólka Kosowska,467.284,626.264,0005084,151268,wieś,Lesznowola-gmina wiejska,piaseczyński
7911,Wólka Kozodawska,465.776,637.277,0006557,151272,wieś,Piaseczno-gmina miejsko-wiejska,piaseczyński
7912,Wólka Kozłowska,512.316,664.180,0521963,151271,wieś,Tłuszcz-gmina miejsko-wiejska,wołomiński
7913,Wólka Kożuchowska,419.860,627.251,0642230,151273,wieś,Wyśmierzyce-gmina miejsko-wiejska,białobrzeski
7914,Wólka Krępska,370.766,680.813,0628106,151278,wieś,Lipsko-gmina miejsko-wiejska,lipski
7915,Wólka Kunińska,556.593,670.489,0510439,151285,wieś,Goworowo-gmina wiejska,ostrołęcki
7916,Wólka Kurdybanowska,436.025,614.387,0615291,151286,wieś,Błędów-gmina wiejska,grójecki
7917,Wólka Lesiowska,404.664,655.916,0624516,151289,wieś,Jastrzębia-gmina wiejska,radomski
7918,Wólka Leśna,487.151,732.753,0682608,151291,wieś,Siedlce-gmina wiejska,siedlecki
7919,Wólka Ligęzowska,413.913,609.230,0629867,151293,wieś,Nowe Miasto nad Pilicą-gmina miejsko-wiejska,grójecki
7920,Wólka Lubielska,546.310,661.760,0519280,151295,wieś,Rząśnik-gmina wiejska,wyszkowski
7921,Wólka Magierowa,415.998,609.389,0629873,151312,wieś,Nowe Miasto nad Pilicą-gmina miejsko-wiejska,grójecki
7922,Wólka Miedzyńska,514.545,715.749,0689125,151322,wieś,Sokołów Podlaski-gmina wiejska,sokołowski
7923,Wólka Mińska,484.842,675.526,0682011,151324,wieś,Mińsk Mazowiecki-gmina wiejska,miński
7924,Wólka Mlęcka,494.815,678.408,0670717,151326,wieś,Dobre-gmina miejsko-wiejska,miński
7925,Wólka Modrzejowa,360.096,665.963,0635922,151327,wieś,Rzeczniów-gmina wiejska,lipski
7926,Wólka Modrzejowa-Kolonia,359.463,666.379,0635939,151328,wieś,Rzeczniów-gmina wiejska,lipski
7927,Wólka Nadbużna,540.968,716.889,0669789,151329,wieś,Ceranów-gmina wiejska,sokołowski
7928,Wólka Niska,499.595,559.819,0574586,151334,wieś,Sanniki-gmina miejsko-wiejska,gostyniński
7929,Wólka Nosowska,487.641,772.806,0020534,151335,wieś,Stara Kornica-gmina wiejska,łosicki
7930,Wólka Okrąglik,533.604,708.057,0676499,151341,wieś,Kosów Lacki-gmina miejsko-wiejska,sokołowski
7931,Wólka Ostrożeńska,441.112,689.449,0671964,151350,wieś,Górzno-gmina wiejska,garwoliński
7932,Wólka Paplińska,516.741,691.116,0679279,151354,wieś,Łochów-gmina miejsko-wiejska,węgrowski
7933,Wólka Piaseczna,550.944,674.120,0509896,151362,wieś,Długosiodło-gmina wiejska,wyszkowski
7934,Wólka Piecząca,497.840,675.342,0690230,151365,wieś,Stanisławów-gmina miejsko-wiejska,miński
7935,Wólka Pierzchnieńska,412.082,634.575,0638435,151366,wieś,Stara Błotnica-gmina wiejska,białobrzeski
7936,Wólka Policka,402.464,684.043,0632160,151381,wieś,Policzna-gmina wiejska,zwoleński
7937,Wólka Pracka,463.814,630.889,0006586,151387,wieś,Piaseczno-gmina miejsko-wiejska,piaseczyński
7938,Wólka Proszewska,494.531,709.036,0682287,151389,wieś,Mokobody-gmina wiejska,siedlecki
7939,Wólka Przybójewska,508.019,600.105,0562206,151392,wieś,Czerwińsk nad Wisłą-gmina miejsko-wiejska,płoński
7940,Wólka Pęcherska,464.588,635.863,0006570,151359,osada,Piaseczno-gmina miejsko-wiejska,piaseczyński
7941,Wólka Radzymińska,507.500,642.125,0005718,151398,wieś,Nieporęt-gmina wiejska,legionowski
7942,Wólka Radzymińska,506.112,642.543,0005730,86927,osada leśna,Nieporęt-gmina wiejska,legionowski
7943,Wólka Rakowska,584.035,645.560,0512119,151399,wieś,Krasnosielc-gmina wiejska,makowski
7944,Wólka Rydzewska,557.616,594.809,0112934,151410,wieś,Ciechanów-gmina wiejska,ciechanowski
7945,Wólka Rytelska,538.217,716.609,0669810,151412,wieś,Ceranów-gmina wiejska,sokołowski
7946,Wólka Seroczyńska,564.873,692.291,0508520,151413,wieś,Czerwin-gmina wiejska,ostrołęcki
7947,Wólka Smolana,493.107,589.725,0009857,151417,wieś,Brochów-gmina wiejska,sochaczewski
7948,Wólka Smoszewska,508.850,606.583,0010493,151419,wieś,Zakroczym-gmina miejsko-wiejska,nowodworski
7949,Wólka Somiankowska,526.937,656.713,0520461,151423,wieś,Somianka-gmina wiejska,wyszkowski
7950,Wólka Soseńska,484.789,742.972,0682614,151424,wieś,Mordy-gmina miejsko-wiejska,siedlecki
7951,Wólka Sulejowska,512.830,672.645,0673408,151429,wieś,Jadów-gmina miejsko-wiejska,wołomiński
7952,Wólka Szczawińska,535.463,613.087,0121011,151431,wieś,Nowe Miasto-gmina miejsko-wiejska,płoński
7953,Wólka Szelężna,387.973,682.055,0643488,151434,wieś,Zwoleń-gmina miejsko-wiejska,zwoleński
7954,Wólka Tarnowska,438.178,664.239,0629057,151441,wieś,Magnuszew-gmina miejsko-wiejska,kozienicki
7955,Wólka Turowska,443.141,630.301,0622486,151449,wieś,Grójec-gmina miejsko-wiejska,grójecki
7956,Wólka Twarogowa,381.702,660.873,0637401,151450,wieś,Skaryszew-gmina miejsko-wiejska,radomski
7957,Wólka Tyrzyńska,416.466,681.048,0627897,151451,wieś,Kozienice-gmina miejsko-wiejska,kozienicki
7958,Wólka Tyrzyńska B,417.223,681.427,1063994,175454,wieś,Kozienice-gmina miejsko-wiejska,kozienicki
7959,Wólka Wiciejowska,478.123,682.152,0669364,151456,wieś,Cegłów-gmina miejsko-wiejska,miński
7960,Wólka Wiśniewska,476.225,724.139,0694646,151460,wieś,Wiśniew-gmina wiejska,siedlecki
7961,Wólka Wojcieszkowska,410.380,694.534,0636146,151462,wieś,Sieciechów-gmina wiejska,kozienicki
7962,Wólka Wołyniecka,478.001,722.292,0694652,151466,wieś,Wiśniew-gmina wiejska,siedlecki
7963,Wólka Wręcka,458.302,598.079,0732890,151467,wieś,Mszczonów-gmina miejsko-wiejska,żyrardowski
7964,Wólka Wybraniecka,491.715,670.419,0690246,151468,wieś,Stanisławów-gmina miejsko-wiejska,miński
7965,Wólka Wysoka,498.935,560.434,0574570,151471,wieś,Sanniki-gmina miejsko-wiejska,gostyniński
7966,Wólka Wysoka,499.164,561.512,1054819,151472,osada leśna,Słubice-gmina wiejska,płocki
7967,Wólka Zaleska,522.767,634.024,0122973,151480,wieś,Pokrzywnica-gmina wiejska,pułtuski
7968,Wólka Zamojska,390.606,689.474,0633604,151485,wieś,Przyłęk-gmina wiejska,zwoleński
7969,Wólka Zatorska,526.014,648.485,0524128,151488,wieś,Zatory-gmina wiejska,pułtuski
7970,Wólka Zatorska-Gajówka,526.715,647.532,0524140,170818,osada leśna,Zatory-gmina wiejska,pułtuski
7971,Wólka Załęska,462.862,650.126,0002105,151482,wieś,Góra Kalwaria-gmina miejsko-wiejska,piaseczyński
7972,Wólka Załęska,451.641,616.920,0631717,151483,wieś,Pniewy-gmina wiejska,grójecki
7973,Wólka Zdziwójska,606.679,616.724,0507928,151491,wieś,Chorzele-gmina miejsko-wiejska,przasnyski
7974,Wólka Łagowska,393.590,693.406,0633596,151297,wieś,Przyłęk-gmina wiejska,zwoleński
7975,Wólka Łanięcka,561.413,620.651,0121867,151299,wieś,Opinogóra Górna-gmina wiejska,ciechanowski
7976,Wólka Łukowska,557.792,629.799,0117067,151309,wieś,Karniewo-gmina wiejska,makowski
7977,Wólka Łysowska,498.372,749.686,0684725,151310,wieś,Przesmyki-gmina wiejska,siedlecki
7978,Wólka Łęczeszycka,435.231,622.614,0614430,151303,wieś,Belsk Duży-gmina wiejska,grójecki
7979,Wólka Żukowska,489.133,711.154,0682293,151498,wieś,Mokobody-gmina wiejska,siedlecki
7980,Wólka-Biernaty,488.054,747.910,0684719,151147,wieś,Mordy-gmina miejsko-wiejska,siedlecki
7981,Wólka-Folwark,536.929,655.997,0519274,151150,wieś,Rząśnik-gmina wiejska,wyszkowski
7982,Wólka-Konstancja,489.786,671.235,0690223,151153,wieś,Stanisławów-gmina miejsko-wiejska,miński
7983,Wólka-Przekory,536.027,656.128,0519297,151158,wieś,Rząśnik-gmina wiejska,wyszkowski
7984,Wólka-Wojciechówek,547.604,660.687,0519311,151159,wieś,Rząśnik-gmina wiejska,wyszkowski
7985,Wąglewo,597.999,664.400,0511255,144662,kolonia,Kadzidło-gmina wiejska,ostrołęcki
7986,Wągrodno,456.560,639.238,0007462,144679,wieś,Prażmów-gmina wiejska,piaseczyński
7987,Wągrodno,522.932,621.356,0120649,144678,wieś,Nasielsk-gmina miejsko-wiejska,nowodworski
7988,Wąsewo,559.832,679.883,0522744,144706,wieś,Wąsewo-gmina wiejska,ostrowski
7989,Wąsewo-Kolonia,560.256,681.412,0522750,144707,wieś,Wąsewo-gmina wiejska,ostrowski
7990,Wąsewo-Lachowiec,556.545,681.019,0522767,144708,kolonia,Wąsewo-gmina wiejska,ostrowski
7991,Wąski Las,557.169,648.134,0508810,144719,osada leśna,Czerwonka-gmina wiejska,makowski
7992,Wąsosze,590.805,601.752,0129047,144780,wieś,Wieczfnia Kościelna-gmina wiejska,mławski
7993,Wąsosze,500.719,697.845,0693753,144781,wieś,Wierzbno-gmina wiejska,węgrowski
7994,Wąsy,490.964,692.426,0674017,144792,wieś,Kałuszyn-gmina miejsko-wiejska,miński
7995,Wąsy-Kolonia,487.291,613.298,0004601,144793,wieś,Leszno-gmina wiejska,warszawski zachodni
7996,Wąsy-Wieś,487.592,611.836,0004618,144794,wieś,Leszno-gmina wiejska,warszawski zachodni
7997,Węgra,577.823,618.633,0113313,145344,wieś,Czernice Borowe-gmina wiejska,przasnyski
7998,Węgrzynowo,564.083,636.404,0517654,145385,wieś,Płoniawy-Bramura-gmina wiejska,makowski
7999,Węgrzynowo,543.763,547.691,0565446,145384,wieś,Gozdowo-gmina wiejska,sierpecki
8000,Węgrzynowo,509.048,574.788,0571062,145386,wieś,Mała Wieś-gmina wiejska,płocki
8001,Węgrzynówek,565.679,637.926,0517677,145393,wieś,Płoniawy-Bramura-gmina wiejska,makowski
8002,Węgrów,507.947,705.211,0975871,145355,miasto,Węgrów-gmina miejska,węgrowski
8003,Wępiły,537.989,572.197,0124021,145397,wieś,Raciąż-gmina wiejska,płoński
8004,Węszelówka,448.953,645.773,0616882,145400,wieś,Chynów-gmina wiejska,grójecki
8005,Węże,503.482,714.472,0689094,145413,wieś,Sokołów Podlaski-gmina wiejska,sokołowski
8006,Wężewo,563.675,629.997,0117587,145422,wieś,Krasne-gmina wiejska,przasnyski
8007,Wężowiec,424.489,615.753,0629548,145427,wieś,Mogielnica-gmina miejsko-wiejska,grójecki
8008,Wężyczyn,469.910,693.295,0677783,145439,wieś,Latowicz-gmina miejsko-wiejska,miński
8009,Wężyk,464.210,611.049,0002559,145440,wieś,Grodzisk Mazowiecki-gmina miejsko-wiejska,grodziski
8010,Wężyki,490.880,575.689,0737031,145441,wieś,Rybno-gmina wiejska,sochaczewski
8011,Wężówka,515.824,675.281,0673199,145434,wieś,Jadów-gmina miejsko-wiejska,wołomiński
8012,Władków,469.176,608.616,0002571,149061,wieś,Grodzisk Mazowiecki-gmina miejsko-wiejska,grodziski
8013,Władysławowo,563.955,558.842,0112348,149083,wieś,Bieżuń-gmina miejsko-wiejska,żuromiński
8014,Władysławowo,530.934,612.638,0121005,149085,wieś,Nowe Miasto-gmina miejsko-wiejska,płoński
8015,Władysławowo,559.095,612.629,0121844,149084,wieś,Opinogóra Górna-gmina wiejska,ciechanowski
8016,Władysławów,464.434,653.605,0003524,149101,wieś,Karczew-gmina miejsko-wiejska,otwocki
8017,Władysławów,468.304,631.980,0005061,149100,wieś,Lesznowola-gmina wiejska,piaseczyński
8018,Władysławów,496.141,592.441,0009627,149096,wieś,Brochów-gmina wiejska,sochaczewski
8019,Władysławów,480.025,767.417,0012701,149105,wieś,Huszlew-gmina wiejska,łosicki
8020,Władysławów,501.422,568.374,0566687,149095,wieś,Iłów-gmina wiejska,sochaczewski
8021,Władysławów,507.385,540.233,0569711,149093,wieś,Łąck-gmina wiejska,płocki
8022,Władysławów,377.361,669.550,0626202,149117,wieś,Kazanów-gmina miejsko-wiejska,zwoleński
8023,Władysławów,364.693,680.404,0628230,149119,wieś,Lipsko-gmina miejsko-wiejska,lipski
8024,Władysławów,396.450,687.174,0632131,149120,wieś,Policzna-gmina wiejska,zwoleński
8025,Władysławów,395.522,608.570,0635388,149132,wieś,Rusinów-gmina wiejska,przysuski
8026,Władysławów,451.283,667.499,0671467,149103,wieś,Garwolin-gmina wiejska,garwoliński
8027,Władysławów,513.901,731.312,0673101,149104,wieś,Jabłonna Lacka-gmina wiejska,sokołowski
8028,Władysławów,438.598,693.031,0697060,149111,wieś,Żelechów-gmina miejsko-wiejska,garwoliński
8029,Władysławów,454.099,607.862,0732884,149098,wieś,Mszczonów-gmina miejsko-wiejska,żyrardowski
8030,Władysławów,486.151,581.982,0738579,149097,wieś,Sochaczew-gmina wiejska,sochaczewski
8031,Władysławów,466.480,616.550,0740760,149099,wieś,Żabia Wola-gmina wiejska,grodziski
8032,Władzin,470.027,673.131,0675028,149144,wieś,Kołbiel-gmina wiejska,otwocki
8033,Włochy,483.903,630.484,0988862,149157,część miasta,Warszawa-gmina miejska,Warszawa
8034,Włoczewo,533.721,542.918,0576390,149173,wieś,Stara Biała-gmina wiejska,płocki
8035,Włodki,503.615,729.304,0685423,149186,wieś,Repki-gmina wiejska,sokołowski
8036,Włodków,437.706,683.085,0678469,149189,kolonia,Łaskarzew-gmina wiejska,garwoliński
8037,Włóki,525.674,576.835,0561796,149320,wieś,Bulkowo-gmina wiejska,płocki
8038,Zabagnie,490.713,772.747,0020379,193106,kolonia,Stara Kornica-gmina wiejska,łosicki
8039,Zabagnie,420.447,645.391,0639156,154697,wieś,Stromiec-gmina wiejska,białobrzeski
8040,Zabiele,556.441,589.205,0127226,154751,wieś,Strzegowo-gmina wiejska,mławski
8041,Zabiele,582.550,681.461,0519624,154760,wieś,Rzekuń-gmina wiejska,ostrołęcki
8042,Zabiele Wielkie,582.187,657.438,0516117,154778,wieś,Olszewo-Borki-gmina wiejska,ostrołęcki
8043,Zabiele Wielkie,580.881,656.853,0516123,168370,osada leśna,Olszewo-Borki-gmina wiejska,ostrołęcki
8044,Zabiele-Pikuły,551.018,729.208,0395398,154775,wieś,Boguty-Pianki-gmina wiejska,ostrowski
8045,Zabiele-Piliki,581.413,658.681,0516070,154776,wieś,Olszewo-Borki-gmina wiejska,ostrołęcki
8046,Zabieżki,463.629,669.477,0001092,154797,wieś,Celestynów-gmina wiejska,otwocki
8047,Zaborowie,384.942,631.744,0630451,154947,wieś,Orońsko-gmina wiejska,szydłowiecki
8048,Zaborowo,520.718,586.221,0119758,172562,wieś,Naruszewo-gmina wiejska,płoński
8049,Zaborze,497.812,755.693,0017638,155016,wieś,Platerów-gmina wiejska,łosicki
8050,Zaborze,520.322,615.540,0120678,155015,wieś,Nasielsk-gmina miejsko-wiejska,nowodworski
8051,Zaborze,530.402,640.497,0122980,155013,wieś,Pokrzywnica-gmina wiejska,pułtuski
8052,Zaborze Krzeczanowskie,555.302,574.744,0125664,155033,wieś,Siemiątkowo-gmina wiejska,żuromiński
8053,Zaborów,489.797,614.435,0004676,154978,wieś,Leszno-gmina wiejska,warszawski zachodni
8054,Zaborów,437.237,630.435,0614446,154980,wieś,Belsk Duży-gmina wiejska,grójecki
8055,Zaborów Nowy,504.442,523.151,0564694,90465,wieś,Gostynin-gmina wiejska,gostyniński
8056,Zaborów Stary,502.646,524.241,0564932,130137,wieś,Gostynin-gmina wiejska,gostyniński
8057,Zaborówek,489.686,611.180,0004699,154991,wieś,Leszno-gmina wiejska,warszawski zachodni
8058,Zaborówek,437.683,629.745,0614452,154994,wieś,Belsk Duży-gmina wiejska,grójecki
8059,Zabraniec,495.100,659.037,0684369,155050,wieś,Poświętne-gmina wiejska,wołomiński
8060,Zabrodzie,585.153,669.937,0516130,155084,wieś,Olszewo-Borki-gmina wiejska,ostrołęcki
8061,Zabrodzie,518.504,664.588,0523689,155079,wieś,Zabrodzie-gmina wiejska,wyszkowski
8062,Zabruzdy,452.804,696.763,0681030,155120,wieś,Miastków Kościelny-gmina wiejska,garwoliński
8063,Zabruzdy-Kolonia,451.936,695.937,0681069,155121,wieś,Miastków Kościelny-gmina wiejska,garwoliński
8064,Zabuże,501.712,775.398,0019123,155175,wieś,Sarnaki-gmina wiejska,łosicki
8065,Zabłocie,522.285,631.543,0008444,154829,wieś,Serock-gmina miejsko-wiejska,legionowski
8066,Zabłocie,393.993,635.290,0641851,154847,wieś,Wolanów-gmina wiejska,radomski
8067,Zabłocie,468.721,730.459,0694669,154838,wieś,Wiśniew-gmina wiejska,siedlecki
8068,Zabłotnia,475.929,606.651,0002602,154901,wieś,Grodzisk Mazowiecki-gmina miejsko-wiejska,grodziski
8069,Zacharzów,414.059,628.612,0635129,155199,wieś,Radzanów-gmina wiejska,białobrzeski
8070,Zachmiel,423.870,645.559,0638903,155219,wieś,Stromiec-gmina wiejska,białobrzeski
8071,Zacisze,502.975,753.939,0675258,155319,osada,Korczew-gmina wiejska,siedlecki
8072,Zadobrze,403.754,662.570,0631226,155488,wieś,Pionki-gmina wiejska,radomski
8073,Zadobrze,403.927,661.402,0631249,168403,osada leśna,Pionki-gmina wiejska,radomski
8074,Zadziory,594.419,637.249,0510764,168395,osada leśna,Jednorożec-gmina wiejska,przasnyski
8075,Zadąbrowie,419.254,654.357,0619550,155379,wieś,Głowaczów-gmina miejsko-wiejska,kozienicki
8076,Zadąbrów,395.062,630.487,0640923,155385,wieś,Wieniawa-gmina wiejska,przysuski
8077,Zadębie,453.911,638.385,0007516,155398,wieś,Prażmów-gmina wiejska,piaseczyński
8078,Zadębie,448.740,647.956,0616965,155399,wieś,Chynów-gmina wiejska,grójecki
8079,Zagaty,598.366,630.471,0507727,155816,kolonia,Chorzele-gmina miejsko-wiejska,przasnyski
8080,Zagościniec,503.092,654.537,0010330,155900,wieś,Wołomin-gmina miejsko-wiejska,wołomiński
8081,Zagroba,530.535,560.470,0560124,156266,wieś,Bielsk-gmina wiejska,płocki
8082,Zagroby,441.901,658.368,0629063,156287,wieś,Magnuszew-gmina miejsko-wiejska,kozienicki
8083,Zagrodniki,526.698,689.467,0679285,156341,wieś,Łochów-gmina miejsko-wiejska,węgrowski
8084,Zagrodniki,527.104,689.072,0679300,168417,osada leśna,Łochów-gmina miejsko-wiejska,węgrowski
8085,Zagórze,491.888,660.301,0002944,156038,wieś,Halinów-gmina miejsko-wiejska,miński
8086,Zagórze,483.766,653.760,0010040,156041,osada,Wiązowna-gmina wiejska,otwocki
8087,Zagórze,392.229,619.971,0640930,156058,wieś,Wieniawa-gmina wiejska,przysuski
8088,Zajezierze,412.048,694.739,0636169,156762,wieś,Sieciechów-gmina wiejska,kozienicki
8089,Zając,499.922,707.715,0678239,156661,wieś,Liw-gmina wiejska,węgrowski
8090,Zajączków,378.350,686.194,0616400,156726,wieś,Chotcza-gmina wiejska,lipski
8091,Zakliczewo,554.575,642.483,0521408,156906,wieś,Szelków-gmina wiejska,makowski
8092,Zakobiel,528.489,612.827,0121028,156923,wieś,Nowe Miasto-gmina miejsko-wiejska,płoński
8093,Zakocie,580.351,627.665,0518286,156930,wieś,Przasnysz-gmina wiejska,przasnyski
8094,Zakole-Wiktorowo,479.291,679.142,0682028,156941,wieś,Mińsk Mazowiecki-gmina wiejska,miński
8095,Zakroczym,508.711,609.510,0921869,157068,miasto,Zakroczym-gmina miejsko-wiejska,nowodworski
8096,Zakrze,491.708,752.659,0015674,157080,wieś,Łosice-gmina miejsko-wiejska,łosicki
8097,Zakrzew,437.883,654.895,0622084,157093,wieś,Grabów nad Pilicą-gmina wiejska,kozienicki
8098,Zakrzew,398.954,639.151,0642678,157095,wieś,Zakrzew-gmina wiejska,radomski
8099,Zakrzew,503.281,688.500,0675838,157090,wieś,Korytnica-gmina wiejska,węgrowski
8100,Zakrzew,445.721,661.109,0694362,157092,wieś,Wilga-gmina wiejska,garwoliński
8101,Zakrzew,477.850,579.284,0734110,157088,wieś,Nowa Sucha-gmina wiejska,sochaczewski
8102,Zakrzew-Kolonia,398.255,638.501,0642684,157102,wieś,Zakrzew-gmina wiejska,radomski
8103,Zakrzew-Las,398.023,636.988,0642690,157103,kolonia,Zakrzew-gmina wiejska,radomski
8104,Zakrzewek,559.425,694.566,0517223,157112,wieś,Ostrów Mazowiecka-gmina wiejska,ostrowski
8105,Zakrzewko,537.584,541.164,0565452,157127,wieś,Gozdowo-gmina wiejska,sierpecki
8106,Zakrzewo,559.822,637.230,0117080,157154,wieś,Karniewo-gmina wiejska,makowski
8107,Zakrzewo,535.682,556.060,0560147,157153,wieś,Bielsk-gmina wiejska,płocki
8108,Zakrzewo Kościelne,506.544,567.506,0571122,157168,wieś,Mała Wieś-gmina wiejska,płocki
8109,Zakrzewo Małe,571.812,604.252,0115849,157169,przysiółek,Grudusk-gmina wiejska,ciechanowski
8110,Zakrzewo Wielkie,572.493,604.093,0115832,157171,wieś,Grudusk-gmina wiejska,ciechanowski
8111,Zakrzewo Wielkie,594.317,601.963,0129099,157170,wieś,Wieczfnia Kościelna-gmina wiejska,mławski
8112,Zakrzewo Wielkie,543.974,716.791,0411849,157172,wieś,Zaręby Kościelne-gmina wiejska,ostrowski
8113,Zakrzewo-Kopijki,545.010,715.914,0411832,157158,wieś,Zaręby Kościelne-gmina wiejska,ostrowski
8114,Zakrzewo-Słomy,542.176,717.694,0402945,157163,wieś,Nur-gmina wiejska,ostrowski
8115,Zakrzewo-Zalesie,546.154,717.439,0407842,157165,wieś,Szulborze Wielkie-gmina wiejska,ostrowski
8116,Zakrzewska Wola,449.980,631.060,0622500,157178,wieś,Grójec-gmina miejsko-wiejska,grójecki
8117,Zakrzewska Wola,400.011,636.293,0642715,157179,wieś,Zakrzew-gmina wiejska,radomski
8118,Zakrzówek,441.442,702.733,0697159,157216,wieś,Żelechów-gmina miejsko-wiejska,garwoliński
8119,Zakrzówek-Kolonia,384.682,667.029,0626455,157224,wieś,Kazanów-gmina miejsko-wiejska,zwoleński
8120,Zakrzówek-Wieś,383.263,666.028,0626478,157225,wieś,Kazanów-gmina miejsko-wiejska,zwoleński
8121,Zakręt,486.211,654.747,0010151,157036,wieś,Wiązowna-gmina wiejska,otwocki
8122,Zakręt,544.808,637.479,0123300,157033,wieś,Pułtusk-gmina miejsko-wiejska,pułtuski
8123,Zakącie,445.665,673.254,0671540,156861,wieś,Garwolin-gmina wiejska,garwoliński
8124,Zalas,544.208,676.864,0509904,157277,wieś,Długosiodło-gmina wiejska,wyszkowski
8125,Zalas,620.825,670.309,0514118,157278,wieś,Łyse-gmina wiejska,ostrołęcki
8126,Zalesice,379.313,648.722,0641213,157350,wieś,Wierzbica-gmina wiejska,radomski
8127,Zalesice-Kolonia,378.292,647.225,0641220,157355,wieś,Wierzbica-gmina wiejska,radomski
8128,Zalesie,489.633,619.556,0009030,157436,wieś,Stare Babice-gmina wiejska,warszawski zachodni
8129,Zalesie,491.620,772.966,0020250,157460,wieś,Stara Kornica-gmina wiejska,łosicki
8130,Zalesie,551.352,589.932,0114962,157415,wieś,Glinojeck-gmina miejsko-wiejska,ciechanowski
8131,Zalesie,555.322,631.061,0117009,157418,wieś,Karniewo-gmina wiejska,makowski
8132,Zalesie,560.962,633.080,0117593,157417,wieś,Krasne-gmina wiejska,przasnyski
8133,Zalesie,571.926,587.163,0126830,59966,kolonia,Strzegowo-gmina wiejska,mławski
8134,Zalesie,583.115,603.644,0128042,157412,wieś,Szydłowo-gmina wiejska,mławski
8135,Zalesie,608.638,656.832,0515052,157432,wieś,Myszyniec-gmina miejsko-wiejska,ostrołęcki
8136,Zalesie,563.139,689.075,0517230,157421,wieś,Ostrów Mazowiecka-gmina wiejska,ostrowski
8137,Zalesie,567.433,648.174,0521041,157419,wieś,Sypniewo-gmina wiejska,makowski
8138,Zalesie,513.016,670.372,0521791,157431,wieś,Tłuszcz-gmina miejsko-wiejska,wołomiński
8139,Zalesie,491.975,567.807,0566730,157433,wieś,Iłów-gmina wiejska,sochaczewski
8140,Zalesie,552.878,553.502,0580026,157414,wieś,Zawidz-gmina wiejska,sierpecki
8141,Zalesie,442.068,613.018,0615300,157463,wieś,Błędów-gmina wiejska,grójecki
8142,Zalesie,448.812,648.090,0616971,157449,wieś,Chynów-gmina wiejska,grójecki
8143,Zalesie,408.385,692.488,0620398,157472,wieś,Gniewoszów-gmina wiejska,kozienicki
8144,Zalesie,448.658,625.758,0622517,157447,wieś,Grójec-gmina miejsko-wiejska,grójecki
8145,Zalesie,422.088,596.617,0629904,157465,wieś,Nowe Miasto nad Pilicą-gmina miejsko-wiejska,grójecki
8146,Zalesie,403.312,673.478,0631255,140590,wieś,Pionki-gmina wiejska,radomski
8147,Zalesie,378.297,659.075,0637453,157479,wieś,Skaryszew-gmina miejsko-wiejska,radomski
8148,Zalesie,508.683,696.387,0675844,157452,wieś,Korytnica-gmina wiejska,węgrowski
8149,Zalesie,494.226,741.769,0684748,157459,wieś,Przesmyki-gmina wiejska,siedlecki
8150,Zalesie,534.449,687.038,0686138,157422,wieś,Sadowne-gmina wiejska,węgrowski
8151,Zalesie,472.503,676.691,0687416,157444,wieś,Siennica-gmina miejsko-wiejska,miński
8152,Zalesie,492.764,671.396,0690252,157438,wieś,Stanisławów-gmina miejsko-wiejska,miński
8153,Zalesie,465.339,615.338,0740790,157445,wieś,Żabia Wola-gmina wiejska,grodziski
8154,Zalesie Borowe,522.781,633.013,0008450,157600,wieś,Serock-gmina miejsko-wiejska,legionowski
8155,Zalesie Górne,464.310,639.691,0006617,157606,wieś,Piaseczno-gmina miejsko-wiejska,piaseczyński
8156,Zalesie-Lenki,539.398,631.338,0116323,157592,wieś,Gzy-gmina wiejska,pułtuski
8157,Zaleś,507.599,741.688,0675360,157670,wieś,Korczew-gmina wiejska,siedlecki
8158,Zaleś,526.115,719.054,0690861,157669,wieś,Sterdyń-gmina wiejska,sokołowski
8159,Zaliwie-Brzozówka,491.465,709.690,0682318,157734,wieś,Mokobody-gmina wiejska,siedlecki
8160,Zaliwie-Piegawki,491.453,711.346,0682324,157735,wieś,Mokobody-gmina wiejska,siedlecki
8161,Zaliwie-Szpinki,492.935,710.346,0682330,157736,wieś,Mokobody-gmina wiejska,siedlecki
8162,Zambrzycha,581.684,660.278,0516100,157945,osada leśna,Olszewo-Borki-gmina wiejska,ostrołęcki
8163,Zambrzyniec,520.245,691.640,0679316,157946,wieś,Łochów-gmina miejsko-wiejska,węgrowski
8164,Zambski Kościelne,545.633,649.547,0515684,157949,wieś,Obryte-gmina wiejska,pułtuski
8165,Zambski Stare,544.779,650.385,0515514,129448,wieś,Obryte-gmina wiejska,pułtuski
8166,Zambski-Gajówka,546.681,645.591,0515715,199648,osada leśna,Obryte-gmina wiejska,pułtuski
8167,Zameczek,403.184,634.359,0634621,158018,osada,Przytyk-gmina miejsko-wiejska,radomski
8168,Zameczek-Kolonia,403.295,632.834,0634294,189376,kolonia,Przytyk-gmina miejsko-wiejska,radomski
8169,Zamienie,473.917,635.080,0005090,158100,osada,Lesznowola-gmina wiejska,piaseczyński
8170,Zamienie,479.101,671.433,0682034,158101,wieś,Mińsk Mazowiecki-gmina wiejska,miński
8171,Zamość,495.558,601.942,0004340,158363,wieś,Leoncin-gmina wiejska,nowodworski
8172,Zamość,542.862,671.268,0509910,158361,wieś,Długosiodło-gmina wiejska,wyszkowski
8173,Zamość,571.291,651.574,0521058,158365,wieś,Sypniewo-gmina wiejska,makowski
8174,Zamość,577.834,679.887,0522342,158366,wieś,Troszyn-gmina wiejska,ostrołęcki
8175,Zamość,558.392,552.110,0574385,158360,wieś,Rościszewo-gmina wiejska,sierpecki
8176,Zamość Nowy,391.084,689.670,0633449,158372,wieś,Przyłęk-gmina wiejska,zwoleński
8177,Zamość Stary,391.489,688.316,0633567,158373,wieś,Przyłęk-gmina wiejska,zwoleński
8178,Zamość-Gajówka,558.632,549.606,0574209,195154,osada leśna,Rościszewo-gmina wiejska,sierpecki
8179,Zaorze,569.064,685.824,0508543,158495,wieś,Czerwin-gmina wiejska,ostrołęcki
8180,Zaorze,556.949,667.680,0510451,158494,wieś,Goworowo-gmina wiejska,ostrołęcki
8181,Zapiecki,518.295,627.351,0006971,158605,wieś,Pomiechówek-gmina wiejska,nowodworski
8182,Zapieczne,575.209,677.807,0522359,158610,wieś,Troszyn-gmina wiejska,ostrołęcki
8183,Zapniów,384.519,609.722,0633828,158666,osada leśna,Przysucha-gmina miejsko-wiejska,przysuski
8184,Zapole,466.762,613.215,0002140,158681,wieś,Grodzisk Mazowiecki-gmina miejsko-wiejska,grodziski
8185,Zapole,510.110,670.339,0521727,158679,wieś,Tłuszcz-gmina miejsko-wiejska,wołomiński
8186,Zapusta,358.886,682.397,0636784,158827,wieś,Sienno-gmina miejsko-wiejska,lipski
8187,Zarzecze,445.232,667.972,0693859,159156,osada leśna,Wilga-gmina wiejska,garwoliński
8188,Zarzetka,533.728,686.819,0686150,159245,wieś,Sadowne-gmina wiejska,węgrowski
8189,Zarębin,505.838,593.031,0562229,158924,wieś,Czerwińsk nad Wisłą-gmina miejsko-wiejska,płoński
8190,Zaręby,517.173,609.112,0010518,158970,wieś,Zakroczym-gmina miejsko-wiejska,nowodworski
8191,Zaręby,559.592,633.953,0117096,158969,wieś,Karniewo-gmina wiejska,makowski
8192,Zaręby,606.610,635.129,0507934,158971,wieś,Chorzele-gmina miejsko-wiejska,przasnyski
8193,Zaręby,460.328,619.059,0740808,158972,wieś,Żabia Wola-gmina wiejska,grodziski
8194,Zaręby Kościelne,548.140,710.752,0411855,158992,wieś,Zaręby Kościelne-gmina wiejska,ostrowski
8195,Zaręby Leśne,546.816,711.209,0411861,158994,wieś,Zaręby Kościelne-gmina wiejska,ostrowski
8196,Zaręby-Bolędy,558.040,720.615,0394861,158978,wieś,Andrzejewo-gmina wiejska,ostrowski
8197,Zaręby-Choromany,558.579,721.876,0394884,158979,wieś,Andrzejewo-gmina wiejska,ostrowski
8198,Zaręby-Warchoły,559.700,720.036,0394890,158991,wieś,Andrzejewo-gmina wiejska,ostrowski
8199,Zasiadały,446.574,693.566,0681075,159289,wieś,Miastków Kościelny-gmina wiejska,garwoliński
8200,Zasonie,536.120,610.474,0121034,159341,wieś,Nowe Miasto-gmina miejsko-wiejska,płoński
8201,Zastawie,558.596,679.190,0522780,159380,wieś,Wąsewo-gmina wiejska,ostrowski
8202,Zastocze,384.965,685.489,0643502,159449,przysiółek,Zwoleń-gmina miejsko-wiejska,zwoleński
8203,Zastronie,382.884,630.783,0639618,159463,wieś,Szydłowiec-gmina miejsko-wiejska,szydłowiecki
8204,Zastruże,432.567,644.417,0640596,159472,wieś,Warka-gmina miejsko-wiejska,grójecki
8205,Zaszków,536.228,733.121,0402951,159492,wieś,Nur-gmina wiejska,ostrowski
8206,Zaszków-Kolonia,536.718,731.245,0402968,159493,wieś,Nur-gmina wiejska,ostrowski
8207,Zatopolice,395.803,640.346,0642767,159566,wieś,Zakrzew-gmina wiejska,radomski
8208,Zator,456.328,594.540,0735167,159568,wieś,Puszcza Mariańska-gmina wiejska,żyrardowski
8209,Zatorowizna,577.462,543.833,0118983,159573,wieś,Lubowidz-gmina miejsko-wiejska,żuromiński
8210,Zatory,528.745,647.837,0524157,159575,wieś,Zatory-gmina wiejska,pułtuski
8211,Zawada,391.812,610.935,0634012,159684,wieś,Przysucha-gmina miejsko-wiejska,przysuski
8212,Zawada Nowa,405.845,688.597,0631953,159727,wieś,Policzna-gmina wiejska,zwoleński
8213,Zawada Stara,403.888,688.017,0632059,159730,wieś,Policzna-gmina wiejska,zwoleński
8214,Zawadka,464.880,675.877,0683938,159740,kolonia,Pilawa-gmina miejsko-wiejska,garwoliński
8215,Zawadki,574.573,629.269,0518292,159759,wieś,Przasnysz-gmina wiejska,przasnyski
8216,Zawady,487.446,597.063,0003398,159794,wieś,Kampinos-gmina wiejska,warszawski zachodni
8217,Zawady,511.229,650.620,0007918,159792,wieś,Radzymin-gmina miejsko-wiejska,wołomiński
8218,Zawady,583.509,609.997,0114471,159801,wieś,Dzierzgowo-gmina wiejska,mławski
8219,Zawady,578.144,579.292,0118492,159785,wieś,Lipowiec Kościelny-gmina wiejska,mławski
8220,Zawady,602.619,648.994,0506432,159800,wieś,Baranowo-gmina wiejska,ostrołęcki
8221,Zawady,578.489,693.506,0522365,159804,wieś,Troszyn-gmina wiejska,ostrołęcki
8222,Zawady,566.536,541.505,0578443,195178,wieś,Szczutowo-gmina wiejska,sierpecki
8223,Zawady,444.607,644.112,0616988,159813,wieś,Chynów-gmina wiejska,grójecki
8224,Zawady,388.578,627.295,0640952,159817,wieś,Wieniawa-gmina wiejska,przysuski
8225,Zawady,530.925,718.109,0669878,159789,wieś,Ceranów-gmina wiejska,sokołowski
8226,Zawady,507.314,698.877,0678268,159805,wieś,Liw-gmina wiejska,węgrowski
8227,Zawady,490.826,746.914,0684754,159810,wieś,Przesmyki-gmina wiejska,siedlecki
8228,Zawady,504.507,729.361,0685475,159806,wieś,Repki-gmina wiejska,sokołowski
8229,Zawady,472.061,743.753,0696711,159811,wieś,Zbuczyn-gmina wiejska,siedlecki
8230,Zawady B,540.098,608.717,0121040,159832,wieś,Nowe Miasto-gmina miejsko-wiejska,płoński
8231,Zawady Dworskie,550.185,628.527,0115476,159833,wieś,Gołymin-Ośrodek-gmina wiejska,ciechanowski
8232,Zawady Dworskie,569.756,644.975,0517683,159834,wieś,Płoniawy-Bramura-gmina wiejska,makowski
8233,Zawady Stare,540.304,611.248,0120974,159841,wieś,Nowe Miasto-gmina miejsko-wiejska,płoński
8234,Zawady Włościańskie,549.669,629.211,0115482,159842,wieś,Gołymin-Ośrodek-gmina wiejska,ciechanowski
8235,Zawady-Huta,571.539,643.992,0517690,159826,wieś,Płoniawy-Bramura-gmina wiejska,makowski
8236,Zawady-Ponikiew,562.326,655.870,0508780,159830,wieś,Różan-gmina miejsko-wiejska,makowski
8237,Zawały,360.125,665.041,0635951,159917,wieś,Rzeczniów-gmina wiejska,lipski
8238,Zawidz Kościelny,551.700,558.689,0580032,159943,wieś,Zawidz-gmina wiejska,sierpecki
8239,Zawidz Mały,551.447,560.142,0580049,159944,wieś,Zawidz-gmina wiejska,sierpecki
8240,Zawiesiuchy,495.430,664.071,0690275,159993,wieś,Stanisławów-gmina miejsko-wiejska,miński
8241,Zawisty,551.879,730.582,0395435,160014,wieś,Boguty-Pianki-gmina wiejska,ostrowski
8242,Zawisty Nadbużne,540.684,707.367,0514609,160022,wieś,Małkinia Górna-gmina miejsko-wiejska,ostrowski
8243,Zawisty Podleśne,542.403,707.260,0514615,160023,wieś,Małkinia Górna-gmina miejsko-wiejska,ostrowski
8244,Zawiszyn,517.961,681.581,0673443,160034,wieś,Jadów-gmina miejsko-wiejska,wołomiński
8245,Zawodne,455.543,633.829,0007522,160056,wieś,Prażmów-gmina wiejska,piaseczyński
8246,Zawodzie,615.669,658.729,0514934,160065,osada leśna,Myszyniec-gmina miejsko-wiejska,ostrołęcki
8247,Zawonia,384.157,624.689,0616037,160144,wieś,Chlewiska-gmina wiejska,szydłowiecki
8248,Zazdrość,518.575,663.466,0523695,160204,wieś,Zabrodzie-gmina wiejska,wyszkowski
8249,Zazdrość,462.241,599.729,0735569,160205,wieś,Radziejowice-gmina wiejska,żyrardowski
8250,Zaława,378.874,623.267,0616020,157756,wieś,Chlewiska-gmina wiejska,szydłowiecki
8251,Załazy,393.212,689.290,0633633,157779,wieś,Przyłęk-gmina wiejska,zwoleński
8252,Załogi,574.327,638.281,0511918,157847,osada leśna,Krasnosielc-gmina wiejska,makowski
8253,Załogi-Cibory,569.846,618.890,0113359,157851,kolonia,Czernice Borowe-gmina wiejska,przasnyski
8254,Załogi-Jędrzejki,570.671,619.242,0113320,157852,wieś,Czernice Borowe-gmina wiejska,przasnyski
8255,Załszyn,542.706,540.553,0571636,157867,wieś,Mochowo-gmina wiejska,sierpecki
8256,Załuski,517.256,603.971,0130100,157887,wieś,Załuski-gmina wiejska,płoński
8257,Załuski,571.859,687.356,0508537,157890,wieś,Czerwin-gmina wiejska,ostrołęcki
8258,Załuski,436.576,613.888,0615316,157891,wieś,Błędów-gmina wiejska,grójecki
8259,Załuski-Lipniewo,556.957,717.002,0394855,157892,wieś,Andrzejewo-gmina wiejska,ostrowski
8260,Załusków,495.083,566.999,0566747,157895,wieś,Iłów-gmina wiejska,sochaczewski
8261,Załuzie,559.692,655.426,0518731,157897,wieś,Różan-gmina miejsko-wiejska,makowski
8262,Załuzie,560.134,657.068,0518748,168353,osada leśna,Różan-gmina miejsko-wiejska,makowski
8263,Załuże-Imbrzyki,564.150,617.541,0121873,157911,wieś,Opinogóra Górna-gmina wiejska,ciechanowski
8264,Załącze,446.058,625.704,0622523,157785,wieś,Grójec-gmina miejsko-wiejska,grójecki
8265,Załęże,595.860,601.106,0129120,157821,wieś,Wieczfnia Kościelna-gmina wiejska,mławski
8266,Załęże Duże,452.931,619.314,0631723,157840,wieś,Pniewy-gmina wiejska,grójecki
8267,Załęże Wielkie,565.403,659.343,0518725,157843,wieś,Różan-gmina miejsko-wiejska,makowski
8268,Załęże-Eliasze,566.681,656.802,0518694,157830,wieś,Różan-gmina miejsko-wiejska,makowski
8269,Załęże-Gartki,566.079,658.133,0518702,157831,wieś,Różan-gmina miejsko-wiejska,makowski
8270,Załęże-Ponikiewka,567.121,654.727,0514822,157834,wieś,Młynarze-gmina wiejska,makowski
8271,Załęże-Sędzięta,566.958,657.664,0518719,157837,wieś,Różan-gmina miejsko-wiejska,makowski
8272,Zaścienie,513.366,660.266,0509152,159516,wieś,Dąbrówka-gmina wiejska,wołomiński
8273,Zaździerz,510.010,546.291,0569757,160214,wieś,Łąck-gmina wiejska,płocki
8274,Zażelazna,466.482,718.946,0670870,160219,wieś,Domanice-gmina wiejska,siedlecki
8275,Zberoż,579.307,616.887,0113365,160278,wieś,Czernice Borowe-gmina wiejska,przasnyski
8276,Zbijów Duży,369.608,639.066,0629169,160320,wieś,Mirów-gmina wiejska,szydłowiecki
8277,Zbijów Mały,368.346,640.907,0629175,160321,wieś,Mirów-gmina wiejska,szydłowiecki
8278,Zbiroża,455.515,609.737,0732921,160329,wieś,Mszczonów-gmina miejsko-wiejska,żyrardowski
8279,Zboiska,458.589,607.661,0735575,160343,wieś,Radziejowice-gmina wiejska,żyrardowski
8280,Zbożenna,389.981,617.184,0634029,160370,wieś,Przysucha-gmina miejsko-wiejska,przysuski
8281,Zbrochy,586.515,621.620,0512875,160417,przysiółek,Krzynowłoga Mała-gmina wiejska,przasnyski
8282,Zbrosza Duża,434.028,635.111,0623942,160426,wieś,Jasieniec-gmina wiejska,grójecki
8283,Zbrosza Mała,430.667,636.496,0632705,160427,wieś,Promna-gmina wiejska,białobrzeski
8284,Zbroszki,533.111,632.710,0129509,160428,wieś,Winnica-gmina wiejska,pułtuski
8285,Zbrzeźnia,562.891,573.839,0124140,10937,kolonia,Radzanów-gmina wiejska,mławski
8286,Zbuczyn,474.820,735.476,0696734,160446,wieś,Zbuczyn-gmina wiejska,siedlecki
8287,Zbyczyn,414.255,692.666,0636206,160458,wieś,Sieciechów-gmina wiejska,kozienicki
8288,Zbyszków,450.274,649.251,0616847,160484,wieś,Chynów-gmina wiejska,grójecki
8289,Zbyszyno,532.480,583.107,0111946,160489,wieś,Baboszewo-gmina wiejska,płoński
8290,Zbójno,543.139,550.640,0565469,160412,wieś,Gozdowo-gmina wiejska,sierpecki
8291,Zdany,476.375,733.350,0696757,160515,wieś,Zbuczyn-gmina wiejska,siedlecki
8292,Zdonków,386.614,618.786,0615670,160536,wieś,Borkowice-gmina wiejska,przysuski
8293,Zdroje,574.773,593.358,0127611,160589,wieś,Stupsk-gmina wiejska,mławski
8294,Zdrojki,580.965,546.279,0119014,160618,wieś,Lubowidz-gmina miejsko-wiejska,żuromiński
8295,Zdunek,609.196,647.819,0514874,160673,osada leśna,Myszyniec-gmina miejsko-wiejska,ostrołęcki
8296,Zdunek,610.485,654.675,0515069,160672,wieś,Myszyniec-gmina miejsko-wiejska,ostrołęcki
8297,Zdunków,402.697,694.391,0620406,160676,wieś,Gniewoszów-gmina wiejska,kozienicki
8298,Zdunowo,516.919,602.424,0130116,160683,wieś,Załuski-gmina wiejska,płoński
8299,Zdunówek,546.450,580.125,0124067,160688,wieś,Raciąż-gmina wiejska,płoński
8300,Zdwórz,507.692,545.346,0569763,160711,wieś,Łąck-gmina wiejska,płocki
8301,Zdziar Mały,529.641,569.849,0577159,160725,wieś,Staroźreby-gmina miejsko-wiejska,płocki
8302,Zdziar Wielki,530.274,571.131,0577165,160726,wieś,Staroźreby-gmina miejsko-wiejska,płocki
8303,Zdziar-Las,528.286,570.137,0577142,160722,wieś,Staroźreby-gmina miejsko-wiejska,płocki
8304,Zdziarka,504.711,591.970,0562235,160730,wieś,Czerwińsk nad Wisłą-gmina miejsko-wiejska,płoński
8305,Zdziebórz,527.836,654.712,0520478,160738,wieś,Somianka-gmina wiejska,wyszkowski
8306,Zdziechów,380.430,632.834,0639647,160750,wieś,Szydłowiec-gmina miejsko-wiejska,szydłowiecki
8307,Zdziechów,380.412,632.968,0639682,160752,kolonia,Szydłowiec-gmina miejsko-wiejska,szydłowiecki
8308,Zdziechów,396.756,642.581,0642780,160749,wieś,Zakrzew-gmina wiejska,radomski
8309,Zdziembórz,537.002,534.293,0561282,160758,wieś,Brudzeń Duży-gmina wiejska,płocki
8310,Zdzieszyn,456.235,599.988,0732938,160769,wieś,Mszczonów-gmina miejsko-wiejska,żyrardowski
8311,Zdziwój Nowy,603.974,617.398,0507638,160779,wieś,Chorzele-gmina miejsko-wiejska,przasnyski
8312,Zdziwój Stary,604.769,617.394,0507880,160780,wieś,Chorzele-gmina miejsko-wiejska,przasnyski
8313,Zegrze,512.482,638.196,0008467,160806,wieś,Serock-gmina miejsko-wiejska,legionowski
8314,Zegrze Południowe,511.757,636.843,0005747,160808,wieś,Nieporęt-gmina wiejska,legionowski
8315,Zegrzynek,514.974,639.803,0008243,160810,kolonia,Serock-gmina miejsko-wiejska,legionowski
8316,Zelki Dąbrowe,553.076,638.323,0117104,160846,wieś,Karniewo-gmina wiejska,makowski
8317,Zemborzyn Drugi,359.393,689.094,0638027,160872,wieś,Solec nad Wisłą-gmina miejsko-wiejska,lipski
8318,Zemborzyn Pierwszy,357.584,691.683,0638040,160874,wieś,Solec nad Wisłą-gmina miejsko-wiejska,lipski
8319,Zembrzus Wielki,574.428,612.859,0113371,160882,wieś,Czernice Borowe-gmina wiejska,przasnyski
8320,Zembrów,522.946,724.221,0685736,160875,wieś,Sabnie-gmina wiejska,sokołowski
8321,Zemły,498.337,713.193,0682347,160886,wieś,Mokobody-gmina wiejska,siedlecki
8322,Zenonów,387.872,651.498,0627029,160894,wieś,Kowala-gmina wiejska,radomski
8323,Zeńbok,568.959,605.901,0124831,160895,wieś,Regimin-gmina wiejska,ciechanowski
8324,Zgagowo-Wieś,553.930,556.486,0580061,160948,wieś,Zawidz-gmina wiejska,sierpecki
8325,Zglechów,473.331,682.173,0687422,160958,wieś,Siennica-gmina miejsko-wiejska,miński
8326,Zgleczewo Panieńskie,542.144,714.855,0411878,160960,wieś,Zaręby Kościelne-gmina wiejska,ostrowski
8327,Zgleczewo Szlacheckie,542.287,715.780,0411884,160961,wieś,Zaręby Kościelne-gmina wiejska,ostrowski
8328,Zglenice Duże,547.980,540.888,0571659,160963,wieś,Mochowo-gmina wiejska,sierpecki
8329,Zglenice Małe,547.150,541.310,0571665,160964,wieś,Mochowo-gmina wiejska,sierpecki
8330,Zglenice-Budy,548.750,538.564,0571642,160962,wieś,Mochowo-gmina wiejska,sierpecki
8331,Zgliczyn Kościelny,566.137,569.993,0124423,160966,kolonia,Radzanów-gmina wiejska,mławski
8332,Zgliczyn Pobodzy,565.603,569.174,0112354,160967,wieś,Bieżuń-gmina miejsko-wiejska,żuromiński
8333,Zgliczyn Witowy,565.245,570.379,0124430,160968,wieś,Radzanów-gmina wiejska,mławski
8334,Zgliczyn-Glinki,567.193,570.462,0124392,160965,wieś,Radzanów-gmina wiejska,mławski
8335,Zgorzała,473.156,635.557,0005109,161031,wieś,Lesznowola-gmina wiejska,piaseczyński
8336,Zgorzałowo,562.491,683.924,0522796,161036,wieś,Wąsewo-gmina wiejska,ostrowski
8337,Zgrzebichy,521.095,694.216,0691211,161072,wieś,Stoczek-gmina wiejska,węgrowski
8338,Zgórze,450.745,689.134,0681098,161065,wieś,Miastków Kościelny-gmina wiejska,garwoliński
8339,Zieleniec,505.532,522.024,0564984,161130,wieś,Gostynin-gmina wiejska,gostyniński
8340,Zieleniec,415.873,653.871,0619870,161138,wieś,Głowaczów-gmina miejsko-wiejska,kozienicki
8341,Zieleniec,530.286,692.012,0686173,161131,wieś,Sadowne-gmina wiejska,węgrowski
8342,Zieleniec,531.702,694.663,0686180,161132,osada leśna,Sadowne-gmina wiejska,węgrowski
8343,Zielona,564.992,624.219,0117601,161223,wieś,Krasne-gmina wiejska,przasnyski
8344,Zielona,581.086,564.718,0117883,161221,wieś,Kuczbork-Osada-gmina wiejska,żuromiński
8345,Zielona,540.144,604.178,0121353,161222,wieś,Ojrzeń-gmina wiejska,ciechanowski
8346,Zielonka,392.922,606.362,0619107,161410,wieś,Gielniów-gmina miejsko-wiejska,przysuski
8347,Zielonka,495.585,646.780,0921970,161397,miasto,Zielonka-gmina miejska,wołomiński
8348,Zielonka Nowa,389.978,683.803,0643241,161426,wieś,Zwoleń-gmina miejsko-wiejska,zwoleński
8349,Zielonka Stara,389.614,683.936,0643318,161429,wieś,Zwoleń-gmina miejsko-wiejska,zwoleński
8350,Zielonki,488.857,623.990,0009053,161446,osada,Stare Babice-gmina wiejska,warszawski zachodni
8351,Zielonki,558.961,630.037,0117446,172565,kolonia,Krasne-gmina wiejska,przasnyski
8352,Zielonki-Parcela,488.914,624.092,0009047,161444,wieś,Stare Babice-gmina wiejska,warszawski zachodni
8353,Zielonki-Wieś,489.000,623.181,0009060,161445,wieś,Stare Babice-gmina wiejska,warszawski zachodni
8354,Zieluminek,561.311,576.512,0124475,161527,wieś,Radzanów-gmina wiejska,mławski
8355,Zieluń,590.640,557.265,0119066,161528,wieś,Lubowidz-gmina miejsko-wiejska,żuromiński
8356,Zieluń-Osada,590.258,556.961,0119050,196577,osada,Lubowidz-gmina miejsko-wiejska,żuromiński
8357,Ziemaki,573.414,657.623,0521064,161530,wieś,Sypniewo-gmina wiejska,makowski
8358,Ziemiany,557.119,570.725,0125670,161542,wieś,Siemiątkowo-gmina wiejska,żuromiński
8359,Ziemięcin,441.415,615.582,0615322,161555,wieś,Błędów-gmina wiejska,grójecki
8360,Zienie,485.206,761.772,0012724,161583,wieś,Huszlew-gmina wiejska,łosicki
8361,Zimna Woda,590.031,657.127,0506018,161667,przysiółek,Baranowo-gmina wiejska,ostrołęcki
8362,Zimna Woda,454.269,609.963,0732944,161660,wieś,Mszczonów-gmina miejsko-wiejska,żyrardowski
8363,Zimnice,450.229,606.353,0732950,161749,wieś,Mszczonów-gmina miejsko-wiejska,żyrardowski
8364,Zimnowoda,494.007,689.653,0674046,161765,wieś,Kałuszyn-gmina miejsko-wiejska,miński
8365,Zimolza,567.509,555.894,0119356,161808,wieś,Lutocin-gmina wiejska,żuromiński
8366,Ziomaki,383.606,630.832,0639630,161834,wieś,Szydłowiec-gmina miejsko-wiejska,szydłowiecki
8367,Ziomaki,496.840,703.992,0672410,161833,wieś,Grębków-gmina wiejska,węgrowski
8368,Ziomaki,489.138,714.077,0682353,161832,wieś,Mokobody-gmina wiejska,siedlecki
8369,Ziomek,596.571,648.805,0506449,161838,wieś,Baranowo-gmina wiejska,ostrołęcki
8370,Znamiączki,550.324,671.365,0509927,162185,wieś,Długosiodło-gmina wiejska,wyszkowski
8371,Zofinin,508.922,679.973,0692133,162234,wieś,Strachówka-gmina wiejska,wołomiński
8372,Zofiówka,506.614,547.195,0569770,162249,wieś,Łąck-gmina wiejska,płocki
8373,Zofiówka,433.959,617.043,0615339,162258,wieś,Błędów-gmina wiejska,grójecki
8374,Zofiówka,368.335,677.593,0628520,162260,wieś,Lipsko-gmina miejsko-wiejska,lipski
8375,Zosin,485.492,589.668,0738616,162320,wieś,Sochaczew-gmina wiejska,sochaczewski
8376,Zuzanów,453.161,663.907,0688150,162439,wieś,Sobienie-Jeziory-gmina wiejska,otwocki
8377,Zuzela,541.673,718.728,0402980,162440,wieś,Nur-gmina wiejska,ostrowski
8378,Zuzinów,513.556,524.376,0564990,162441,wieś,Gostynin-gmina wiejska,gostyniński
8379,Zuzułka,516.895,703.393,0681425,162444,wieś,Miedzna-gmina wiejska,węgrowski
8380,Zwierzyniec,510.972,651.866,0007924,162530,wieś,Radzymin-gmina miejsko-wiejska,wołomiński
8381,Zwierzyniec,584.508,642.648,0512131,162536,wieś,Krasnosielc-gmina wiejska,makowski
8382,Zwierzyniec,429.095,655.569,0622109,162538,wieś,Grabów nad Pilicą-gmina wiejska,kozienicki
8383,Zwola,399.721,692.294,0620234,162624,wieś,Gniewoszów-gmina wiejska,kozienicki
8384,Zwola,449.939,697.783,0681141,162623,wieś,Miastków Kościelny-gmina wiejska,garwoliński
8385,Zwola Poduchowna,448.732,698.046,0681170,162628,wieś,Miastków Kościelny-gmina wiejska,garwoliński
8386,Zwoleń,508.065,537.640,0565009,162631,wieś,Gostynin-gmina wiejska,gostyniński
8387,Zwoleń,390.824,680.120,0974096,162632,miasto,Zwoleń-gmina miejsko-wiejska,zwoleński
8388,Zychorzyn,397.509,606.640,0635431,162659,wieś,Rusinów-gmina wiejska,przysuski
8389,Zychorzyn-Kolonia,396.536,606.698,0635448,162660,kolonia,Rusinów-gmina wiejska,przysuski
8390,Zyck Nowy,505.138,562.677,0575485,90486,wieś,Słubice-gmina wiejska,płocki
8391,Zyck Polski,506.328,564.032,0575605,164428,wieś,Słubice-gmina wiejska,płocki
8392,Zygmuntowo,552.902,584.455,0114979,162697,wieś,Glinojeck-gmina miejsko-wiejska,ciechanowski
8393,Zygmuntowo,560.752,614.751,0121910,162698,wieś,Opinogóra Górna-gmina wiejska,ciechanowski
8394,Zygmuntowo,543.719,669.388,0509933,162699,wieś,Długosiodło-gmina wiejska,wyszkowski
8395,Zygmunty,439.275,683.383,0678660,162726,wieś,Łaskarzew-gmina wiejska,garwoliński
8396,Zygmuntów,393.618,609.100,0619136,162712,wieś,Gielniów-gmina miejsko-wiejska,przysuski
8397,Ząbki,493.593,644.412,0921958,160232,miasto,Ząbki-gmina miejska,wołomiński
8398,Ząbków,512.226,715.150,0689148,160238,wieś,Sokołów Podlaski-gmina wiejska,sokołowski
8399,Ząbków-Kolonia,512.111,715.667,0689154,160239,wieś,Sokołów Podlaski-gmina wiejska,sokołowski
8400,Zągoty,532.976,550.288,0560153,160255,wieś,Bielsk-gmina wiejska,płocki
8401,Złe Borki,555.840,566.731,0125687,161879,przysiółek,Siemiątkowo-gmina wiejska,żuromiński
8402,Złota,482.254,573.696,0737083,161913,wieś,Rybno-gmina wiejska,sochaczewski
8403,Złota Góra,607.830,674.333,0514160,161936,wieś,Łyse-gmina wiejska,ostrołęcki
8404,Złota Góra,444.607,624.639,0614469,161939,wieś,Belsk Duży-gmina wiejska,grójecki
8405,Złotki,548.639,731.583,0395501,168189,wieś,Boguty-Pianki-gmina wiejska,ostrowski
8406,Złotki,534.737,701.815,0686196,161991,wieś,Sadowne-gmina wiejska,węgrowski
8407,Złotokłos,461.415,631.047,0006652,162059,wieś,Piaseczno-gmina miejsko-wiejska,piaseczyński
8408,Złotopole,536.869,575.635,0124073,162061,wieś,Raciąż-gmina wiejska,płoński
8409,Złotopolice,512.834,602.368,0130122,162063,wieś,Załuski-gmina wiejska,płoński
8410,Złotowo,570.145,575.277,0127976,162085,wieś,Szreńsk-gmina wiejska,mławski
8411,Ćmiszew Rybnowski,485.859,577.769,0736592,21131,wieś,Rybno-gmina wiejska,sochaczewski
8412,Ćmiszew-Parcel,484.715,578.288,0736586,21130,wieś,Rybno-gmina wiejska,sochaczewski
8413,Ćwiersk,542.381,580.747,0123429,21162,wieś,Raciąż-gmina wiejska,płoński
8414,Ćwiklin,533.392,590.907,0122000,21171,wieś,Płońsk-gmina wiejska,płoński
8415,Ćwiklinek,535.369,592.584,0122016,21172,wieś,Płońsk-gmina wiejska,płoński
8416,Łacha,521.616,641.705,0008295,71034,wieś,Serock-gmina miejsko-wiejska,legionowski
8417,Łachoń,535.745,634.217,0129320,71058,wieś,Winnica-gmina wiejska,pułtuski
8418,Łachy Włościańskie,550.414,661.359,0519771,83716,wieś,Rzewnie-gmina wiejska,makowski
8419,Łady,475.136,633.864,0008007,71099,wieś,Raszyn-gmina wiejska,pruszkowski
8420,Łady,500.720,573.369,0566316,71098,wieś,Iłów-gmina wiejska,sochaczewski
8421,Łady-Krajęczyno,540.947,630.639,0116027,71102,wieś,Gzy-gmina wiejska,pułtuski
8422,Łady-Mans,572.575,686.944,0508313,71100,wieś,Czerwin-gmina wiejska,ostrołęcki
8423,Ładzyń,489.354,673.579,0689970,71112,wieś,Stanisławów-gmina miejsko-wiejska,miński
8424,Łagiewniki,514.675,559.426,0560259,71136,wieś,Bodzanów-gmina miejsko-wiejska,płocki
8425,Łaguny,568.794,619.931,0121614,71194,wieś,Opinogóra Górna-gmina wiejska,ciechanowski
8426,Łaguszów,392.704,693.841,0633389,71198,wieś,Przyłęk-gmina wiejska,zwoleński
8427,Łagów,392.441,691.372,0633366,71185,wieś,Przyłęk-gmina wiejska,zwoleński
8428,Łajski,508.867,632.221,0008533,71205,wieś,Wieliszew-gmina wiejska,legionowski
8429,Łanięta,583.788,622.315,0512473,71259,wieś,Krzynowłoga Mała-gmina wiejska,przasnyski
8430,Łasice,499.429,586.355,0009745,71403,wieś,Brochów-gmina wiejska,sochaczewski
8431,Łasiewity,556.414,659.401,0519794,71411,wieś,Rzewnie-gmina wiejska,makowski
8432,Łaskarzew,439.082,678.742,0975434,71427,miasto,Łaskarzew-gmina miejska,garwoliński
8433,Łaszczyn,438.287,613.619,0615026,71462,wieś,Błędów-gmina wiejska,grójecki
8434,Łaszewo,555.883,572.583,0125380,71473,wieś,Siemiątkowo-gmina wiejska,żuromiński
8435,Łaszewo-Wietrznik,555.013,573.231,0125405,71475,wieś,Siemiątkowo-gmina wiejska,żuromiński
8436,Łaszówka,422.661,665.613,0627561,71481,wieś,Kozienice-gmina miejsko-wiejska,kozienicki
8437,Ławeczko Nowe,391.272,695.373,0633432,71509,wieś,Przyłęk-gmina wiejska,zwoleński
8438,Ławeczko Stare,390.800,696.196,0633544,71510,wieś,Przyłęk-gmina wiejska,zwoleński
8439,Ławki,455.544,642.663,0007261,71535,wieś,Prażmów-gmina wiejska,piaseczyński
8440,Ławy,493.355,614.262,0004481,71578,wieś,Leszno-gmina wiejska,warszawski zachodni
8441,Ławy,485.748,760.384,0012629,71580,wieś,Huszlew-gmina wiejska,łosicki
8442,Ławy,582.595,676.793,0519475,71579,wieś,Rzekuń-gmina wiejska,ostrołęcki
8443,Łaz,602.970,633.443,0507578,71599,wieś,Chorzele-gmina miejsko-wiejska,przasnyski
8444,Łaziska,496.913,574.081,0566322,71666,wieś,Iłów-gmina wiejska,sochaczewski
8445,Łaziska,501.348,559.938,0575396,71665,wieś,Słubice-gmina wiejska,płocki
8446,Łaziska,374.274,675.707,0617479,71672,wieś,Ciepielów-gmina miejsko-wiejska,lipski
8447,Łaziska,386.214,633.917,0630385,71670,wieś,Orońsko-gmina wiejska,szydłowiecki
8448,Łaziska,489.894,681.455,0673584,71667,wieś,Jakubów-gmina wiejska,miński
8449,Łazy,490.391,594.973,0003263,71771,wieś,Kampinos-gmina wiejska,warszawski zachodni
8450,Łazy,470.073,628.656,0004848,71774,wieś,Lesznowola-gmina wiejska,piaseczyński
8451,Łazy,581.565,557.302,0118635,71765,wieś,Lubowidz-gmina miejsko-wiejska,żuromiński
8452,Łazy,597.051,619.529,0507377,71775,kolonia,Chorzele-gmina miejsko-wiejska,przasnyski
8453,Łazy,574.806,641.657,0511870,71780,wieś,Krasnosielc-gmina wiejska,makowski
8454,Łazy,585.527,666.977,0515885,71777,wieś,Olszewo-Borki-gmina wiejska,ostrołęcki
8455,Łazy,560.739,534.412,0578450,71763,wieś,Szczutowo-gmina wiejska,sierpecki
8456,Łazy,367.095,625.427,0639239,71791,wieś,Szydłowiec-gmina miejsko-wiejska,szydłowiecki
8457,Łazy,526.278,677.560,0678972,71782,wieś,Łochów-gmina miejsko-wiejska,węgrowski
8458,Łazy Leśne,493.046,595.742,0003151,71959,wieś,Kampinos-gmina wiejska,warszawski zachodni
8459,Łazów,527.626,728.659,0690559,71736,wieś,Sterdyń-gmina wiejska,sokołowski
8460,Łazówek,526.754,730.356,0690571,71743,wieś,Sterdyń-gmina wiejska,sokołowski
8461,Łazęki,514.054,588.034,0119474,71637,wieś,Naruszewo-gmina wiejska,płoński
8462,Łaś,556.059,653.508,0519802,71483,wieś,Rzewnie-gmina wiejska,makowski
8463,Łaś,557.165,653.784,0519819,168354,osada leśna,Rzewnie-gmina wiejska,makowski
8464,Łaźniew,485.047,614.075,0000224,71995,wieś,Błonie-gmina miejsko-wiejska,warszawski zachodni
8465,Łaźniew-Majątek,485.020,613.942,0000230,71996,wieś,Błonie-gmina miejsko-wiejska,warszawski zachodni
8466,Łaźniewek,486.176,613.081,0000247,71997,wieś,Błonie-gmina miejsko-wiejska,warszawski zachodni
8467,Łbiska,463.923,637.354,0006391,72470,wieś,Piaseczno-gmina miejsko-wiejska,piaseczyński
8468,Łbowo,510.668,597.999,0561997,72471,wieś,Czerwińsk nad Wisłą-gmina miejsko-wiejska,płoński
8469,Łebki,562.738,593.330,0126882,72485,wieś,Strzegowo-gmina wiejska,mławski
8470,Łebki Wielkie,548.617,608.837,0121206,72492,wieś,Ojrzeń-gmina wiejska,ciechanowski
8471,Łempinek,544.029,572.791,0123783,72514,wieś,Raciąż-gmina wiejska,płoński
8472,Łempino,544.189,574.161,0123790,72515,wieś,Raciąż-gmina wiejska,płoński
8473,Łochów,521.447,682.096,0975492,73032,miasto,Łochów-gmina miejsko-wiejska,węgrowski
8474,Łodziska,591.321,666.548,0513171,73061,wieś,Lelis-gmina wiejska,ostrołęcki
8475,Łodziska,590.023,666.026,0513188,193364,osada leśna,Lelis-gmina wiejska,ostrołęcki
8476,Łoje,585.755,620.450,0512480,73070,wieś,Krzynowłoga Mała-gmina wiejska,przasnyski
8477,Łoje,413.358,689.958,0636011,73071,wieś,Sieciechów-gmina wiejska,kozienicki
8478,Łojew,524.472,686.252,0679010,73074,wieś,Łochów-gmina miejsko-wiejska,węgrowski
8479,Łojki,525.653,683.394,0679026,73083,wieś,Łochów-gmina miejsko-wiejska,węgrowski
8480,Łojków,406.120,616.900,0632415,73088,wieś,Potworów-gmina wiejska,przysuski
8481,Łokietnica,504.950,537.161,0564576,73109,wieś,Gostynin-gmina wiejska,gostyniński
8482,Łomia,583.787,589.201,0118405,73120,wieś,Lipowiec Kościelny-gmina wiejska,mławski
8483,Łomianki,498.080,628.528,0920864,73122,miasto,Łomianki-gmina miejsko-wiejska,warszawski zachodni
8484,Łomianki Dolne,499.866,628.570,0005167,73124,wieś,Łomianki-gmina miejsko-wiejska,warszawski zachodni
8485,Łomna,503.393,620.796,0001347,73133,wieś,Czosnów-gmina wiejska,nowodworski
8486,Łomna,526.914,716.510,0676223,73134,wieś,Kosów Lacki-gmina miejsko-wiejska,sokołowski
8487,Łomna-Las,502.798,622.247,0001353,73139,wieś,Czosnów-gmina wiejska,nowodworski
8488,Łomnica,466.807,700.438,0694818,73155,wieś,Wodynie-gmina wiejska,siedlecki
8489,Łomnica,444.192,696.799,0696869,73156,wieś,Żelechów-gmina miejsko-wiejska,garwoliński
8490,Łoniewo,523.469,563.601,0573693,73205,wieś,Radzanowo-gmina wiejska,płocki
8491,Łopacianka,458.145,695.868,0668896,73223,wieś,Borowie-gmina wiejska,garwoliński
8492,Łopacin,543.192,612.375,0126296,73227,wieś,Sońsk-gmina wiejska,ciechanowski
8493,Łopianka,523.112,685.530,0679032,73271,wieś,Łochów-gmina miejsko-wiejska,węgrowski
8494,Łosewo,526.682,634.412,0122743,73333,wieś,Pokrzywnica-gmina wiejska,pułtuski
8495,Łosia Wólka,501.417,616.666,0001360,73338,wieś,Czosnów-gmina wiejska,nowodworski
8496,Łosice,489.281,753.902,0922120,73344,miasto,Łosice-gmina miejsko-wiejska,łosicki
8497,Łosie,512.280,648.266,0007657,73351,wieś,Radzymin-gmina miejsko-wiejska,wołomiński
8498,Łosiewice,527.240,684.888,0679049,73368,wieś,Łochów-gmina miejsko-wiejska,węgrowski
8499,Łosiewice,527.495,685.152,0679078,196116,osada leśna,Łochów-gmina miejsko-wiejska,węgrowski
8500,Łosinno,531.368,659.738,0523169,73386,wieś,Wyszków-gmina miejsko-wiejska,wyszkowski
8501,Łoziska,469.824,636.249,0004883,73556,wieś,Lesznowola-gmina wiejska,piaseczyński
8502,Łozy,498.917,737.934,0683507,73572,wieś,Paprotnia-gmina wiejska,siedlecki
8503,Łoś,459.058,633.858,0007290,73438,wieś,Prażmów-gmina wiejska,piaseczyński
8504,Łoś,459.733,636.252,0007309,168386,osada leśna,Prażmów-gmina wiejska,piaseczyński
8505,Łoś,459.844,634.135,0007315,168385,osada leśna,Prażmów-gmina wiejska,piaseczyński
8506,Łubianki,512.370,720.308,0688982,73631,kolonia,Sokołów Podlaski-gmina wiejska,sokołowski
8507,Łubiec,493.117,608.918,0004498,73640,wieś,Leszno-gmina wiejska,warszawski zachodni
8508,Łubienica,533.791,641.149,0122750,73643,wieś,Pokrzywnica-gmina wiejska,pułtuski
8509,Łubienica,532.629,641.683,0122766,168400,osada,Pokrzywnica-gmina wiejska,pułtuski
8510,Łubienica-Superunki,532.498,640.503,0122772,73644,wieś,Pokrzywnica-gmina wiejska,pułtuski
8511,Łubna,465.222,645.912,0001844,73671,wieś,Góra Kalwaria-gmina miejsko-wiejska,piaseczyński
8512,Łubno,464.392,593.317,0739403,73693,wieś,Wiskitki-gmina miejsko-wiejska,żyrardowski
8513,Łucznica,455.919,670.250,0683950,73761,wieś,Pilawa-gmina miejsko-wiejska,garwoliński
8514,Łuczynów,417.883,673.138,0627584,73768,wieś,Kozienice-gmina miejsko-wiejska,kozienicki
8515,Łuczynów,395.485,685.689,0631930,73769,wieś,Policzna-gmina wiejska,zwoleński
8516,Ługi,571.840,571.079,0127829,73871,wieś,Szreńsk-gmina wiejska,mławski
8517,Ługi,393.400,687.064,0643092,73891,wieś,Zwoleń-gmina miejsko-wiejska,zwoleński
8518,Ługi Wielkie,478.110,732.699,0696556,73956,wieś,Zbuczyn-gmina wiejska,siedlecki
8519,Ługi-Rętki,477.925,731.273,0696540,73945,wieś,Zbuczyn-gmina wiejska,siedlecki
8520,Ługowa Wola,398.875,685.205,0631947,73966,wieś,Policzna-gmina wiejska,zwoleński
8521,Ługowice,419.940,615.187,0629360,73970,wieś,Mogielnica-gmina miejsko-wiejska,grójecki
8522,Ługówka,460.314,646.854,0002016,73985,wieś,Góra Kalwaria-gmina miejsko-wiejska,piaseczyński
8523,Łukaszów,409.505,622.783,0634940,74013,wieś,Radzanów-gmina wiejska,białobrzeski
8524,Łukawa,414.020,656.027,0619567,74020,wieś,Głowaczów-gmina miejsko-wiejska,kozienicki
8525,Łukawska Wola,415.293,657.164,0619573,74050,wieś,Głowaczów-gmina miejsko-wiejska,kozienicki
8526,Łukomie,561.748,548.448,0574161,74069,wieś,Rościszewo-gmina wiejska,sierpecki
8527,Łukomie-Kolonia,562.999,548.048,0574178,74070,wieś,Rościszewo-gmina wiejska,sierpecki
8528,Łukoszyn,536.318,539.434,0571412,74075,wieś,Mochowo-gmina wiejska,sierpecki
8529,Łukoszyno-Biki,537.358,538.100,0571429,74077,wieś,Mochowo-gmina wiejska,sierpecki
8530,Łukoszyno-Borki,536.241,537.928,0560940,74078,wieś,Brudzeń Duży-gmina wiejska,płocki
8531,Łukowo,555.656,628.204,0116932,74110,wieś,Karniewo-gmina wiejska,makowski
8532,Łukówiec,465.751,657.603,0003547,74120,wieś,Karczew-gmina miejsko-wiejska,otwocki
8533,Łukówiec,468.850,695.507,0682904,74121,wieś,Mrozy-gmina miejsko-wiejska,miński
8534,Łukówiec,460.362,682.040,0683714,74099,wieś,Parysów-gmina wiejska,garwoliński
8535,Łupiny,470.112,722.205,0694497,45191,wieś,Wiśniew-gmina wiejska,siedlecki
8536,Łuszczanów Drugi,496.870,546.298,0572765,74196,wieś,Pacyna-gmina wiejska,gostyniński
8537,Łuszczanów Pierwszy,498.590,546.227,0577892,74197,wieś,Szczawin Kościelny-gmina wiejska,gostyniński
8538,Łuszczanówek,495.027,546.881,0572771,74198,wieś,Pacyna-gmina wiejska,gostyniński
8539,Łuzki,487.271,760.781,0015556,74230,wieś,Łosice-gmina miejsko-wiejska,łosicki
8540,Łuzki,514.244,734.073,0672797,74229,wieś,Jabłonna Lacka-gmina wiejska,sokołowski
8541,Łychowska Wola,436.105,637.465,0623735,74287,wieś,Jasieniec-gmina wiejska,grójecki
8542,Łychów,436.153,635.582,0623741,74288,wieś,Jasieniec-gmina wiejska,grójecki
8543,Łyczyn,468.661,647.426,0003910,74306,osada,Konstancin-Jeziorna-gmina miejsko-wiejska,piaseczyński
8544,Łysa Góra,508.191,637.705,1053903,74414,osada leśna,Nieporęt-gmina wiejska,legionowski
8545,Łysakowo,574.042,607.492,0115648,74729,wieś,Grudusk-gmina wiejska,ciechanowski
8546,Łysakowo,537.558,550.711,0565311,74730,wieś,Gozdowo-gmina wiejska,sierpecki
8547,Łyse,614.072,670.612,0513662,74747,wieś,Łyse-gmina wiejska,ostrołęcki
8548,Łysobyki,507.676,667.375,0521733,74848,wieś,Tłuszcz-gmina miejsko-wiejska,wołomiński
8549,Łyszkowo,559.293,629.558,0117430,74924,kolonia,Krasne-gmina wiejska,przasnyski
8550,Łysów,498.210,751.553,0684547,74886,wieś,Przesmyki-gmina wiejska,siedlecki
8551,Łąck,511.303,541.511,0569562,72016,wieś,Łąck-gmina wiejska,płocki
8552,Łąck,509.412,542.816,1059840,199610,osada leśna,Łąck-gmina wiejska,płocki
8553,Łączany,377.655,650.333,0641006,72041,wieś,Wierzbica-gmina wiejska,radomski
8554,Łączka,545.224,676.868,0509554,72052,wieś,Długosiodło-gmina wiejska,wyszkowski
8555,Łączka,480.403,701.695,0676708,72054,wieś,Kotuń-gmina wiejska,siedlecki
8556,Łączki,625.883,670.192,0513656,72066,wieś,Łyse-gmina wiejska,ostrołęcki
8557,Łąki,481.250,611.724,0000483,72235,wieś,Błonie-gmina miejsko-wiejska,warszawski zachodni
8558,Łąki,510.862,644.322,0007640,72232,wieś,Radzymin-gmina miejsko-wiejska,wołomiński
8559,Łąki,447.669,689.404,0671792,72237,wieś,Górzno-gmina wiejska,garwoliński
8560,Łąki,373.678,654.189,1055322,236267,osada,Iłża-gmina miejsko-wiejska,radomski
8561,Łątczyn,585.032,686.525,0996011,72433,wieś,Troszyn-gmina wiejska,ostrołęcki
8562,Łążek,588.416,573.265,0117788,72443,wieś,Kuczbork-Osada-gmina wiejska,żuromiński
8563,Łęcino,532.068,644.186,0523927,72527,wieś,Zatory-gmina wiejska,pułtuski
8564,Łęczeszyce,435.770,622.269,0614140,72536,wieś,Belsk Duży-gmina wiejska,grójecki
8565,Łęcznowola,470.929,736.584,0696533,72554,wieś,Zbuczyn-gmina wiejska,siedlecki
8566,Łęczycki,497.103,739.603,0683499,72565,wieś,Paprotnia-gmina wiejska,siedlecki
8567,Łęg,471.875,649.555,0003895,72598,wieś,Konstancin-Jeziorna-gmina miejsko-wiejska,piaseczyński
8568,Łęg,596.323,603.271,0128935,72590,wieś,Wieczfnia Kościelna-gmina wiejska,mławski
8569,Łęg,380.224,670.375,0626277,72609,wieś,Kazanów-gmina miejsko-wiejska,zwoleński
8570,Łęg Kościelny,539.136,559.138,0563370,72688,wieś,Drobin-gmina miejsko-wiejska,płocki
8571,Łęg Nurski,539.246,722.191,0402744,72691,wieś,Nur-gmina wiejska,ostrowski
8572,Łęg Probostwo,538.497,560.236,0563387,72677,wieś,Drobin-gmina miejsko-wiejska,płocki
8573,Łęg Przedmiejski,588.282,673.667,0513053,72694,wieś,Lelis-gmina wiejska,ostrołęcki
8574,Łęg Starościński,589.922,677.341,0513113,72699,wieś,Lelis-gmina wiejska,ostrołęcki
8575,Łęgi,567.798,641.674,0517424,72599,przysiółek,Płoniawy-Bramura-gmina wiejska,makowski
8576,Łęgonice,417.681,605.741,0629689,72775,wieś,Nowe Miasto nad Pilicą-gmina miejsko-wiejska,grójecki
8577,Łęgonice Małe,416.678,605.324,0630050,72776,wieś,Odrzywół-gmina miejsko-wiejska,przysuski
8578,Łęka,493.487,665.918,0689987,72805,wieś,Stanisławów-gmina miejsko-wiejska,miński
8579,Łękawica,430.340,659.812,0621950,72834,wieś,Grabów nad Pilicą-gmina wiejska,kozienicki
8580,Łękawica,475.117,681.651,0687178,72833,wieś,Siennica-gmina miejsko-wiejska,miński
8581,Łęki,558.859,622.702,0121620,72850,wieś,Opinogóra Górna-gmina wiejska,ciechanowski
8582,Łęki,477.291,702.254,0676714,72851,wieś,Kotuń-gmina wiejska,siedlecki
8583,Łępice,534.234,635.805,0122737,72902,wieś,Pokrzywnica-gmina wiejska,pułtuski
8584,Łępin,407.334,636.542,0638560,72904,kolonia,Stara Błotnica-gmina wiejska,białobrzeski
8585,Łętownica-Parcele,559.856,716.176,0394654,72929,wieś,Andrzejewo-gmina wiejska,ostrowski
8586,Łętowo,518.559,572.253,0560466,72933,wieś,Bodzanów-gmina miejsko-wiejska,płocki
8587,Łętów,454.367,686.269,0668880,72936,wieś,Borowie-gmina wiejska,garwoliński
8588,Ściborowo,512.895,574.894,0571056,136714,wieś,Mała Wieś-gmina wiejska,płocki
8589,Ścięciel,608.827,628.555,0507897,136802,wieś,Chorzele-gmina miejsko-wiejska,przasnyski
8590,Śladów,502.159,588.640,0009811,136865,wieś,Brochów-gmina wiejska,sochaczewski
8591,Ślepioty,539.382,674.843,1060470,136950,osada,Brańszczyk-gmina wiejska,wyszkowski
8592,Ślepkowo Królewskie,525.365,558.606,0573902,136954,wieś,Radzanowo-gmina wiejska,płocki
8593,Ślepkowo Szlacheckie,525.564,557.987,0573919,136955,wieś,Radzanowo-gmina wiejska,płocki
8594,Ślepowola,421.564,616.986,0629502,136961,wieś,Mogielnica-gmina miejsko-wiejska,grójecki
8595,Ślepowron,393.843,642.359,0641667,136963,wieś,Wolanów-gmina wiejska,radomski
8596,Ślepowrony,529.482,601.522,0125977,136964,wieś,Sochocin-gmina miejsko-wiejska,płoński
8597,Ślepowrony,533.729,731.211,0402891,136965,wieś,Nur-gmina wiejska,ostrowski
8598,Śliski,530.451,645.029,0524080,137015,wieś,Zatory-gmina wiejska,pułtuski
8599,Śliwiny,407.974,627.034,0634733,137035,wieś,Radzanów-gmina wiejska,białobrzeski
8600,Ślubowo,541.023,618.400,0126445,137080,wieś,Sońsk-gmina wiejska,ciechanowski
8601,Ślubów,522.356,663.449,0523324,137083,wieś,Wyszków-gmina miejsko-wiejska,wyszkowski
8602,Śląsko,366.280,684.763,0628388,136896,wieś,Lipsko-gmina miejsko-wiejska,lipski
8603,Ślężany,520.346,652.510,0509100,136997,wieś,Dąbrówka-gmina wiejska,wołomiński
8604,Śmiary,468.609,722.560,0694600,137120,wieś,Wiśniew-gmina wiejska,siedlecki
8605,Śmiary-Kolonia,468.192,719.798,0670864,137121,wieś,Domanice-gmina wiejska,siedlecki
8606,Śmiechówek,436.218,613.847,0615138,137134,wieś,Błędów-gmina wiejska,grójecki
8607,Śmietanki,413.143,678.873,0627822,137188,wieś,Kozienice-gmina miejsko-wiejska,kozienicki
8608,Śmiłowo,538.158,555.703,0559990,137227,wieś,Bielsk-gmina wiejska,płocki
8609,Śmiłów,375.828,633.170,0624077,137231,wieś,Jastrząb-gmina miejsko-wiejska,szydłowiecki
8610,Śniadków,381.614,639.311,0630416,137240,wieś,Orońsko-gmina wiejska,szydłowiecki
8611,Śniadków Dolny,451.821,657.592,0688025,137241,wieś,Sobienie-Jeziory-gmina wiejska,otwocki
8612,Śniadków Górny,452.797,658.154,0688031,137242,wieś,Sobienie-Jeziory-gmina wiejska,otwocki
8613,Śniadków Górny A,452.851,657.798,0688048,137243,wieś,Sobienie-Jeziory-gmina wiejska,otwocki
8614,Śniadowo,517.249,611.025,0010470,137245,wieś,Zakroczym-gmina miejsko-wiejska,nowodworski
8615,Śniadówko,517.500,613.824,0006913,137250,wieś,Pomiechówek-gmina wiejska,nowodworski
8616,Śnice,498.402,709.273,0678133,137263,wieś,Liw-gmina wiejska,węgrowski
8617,Śniechy,552.041,534.898,0571620,137267,wieś,Mochowo-gmina wiejska,sierpecki
8618,Śniedzanowo,556.888,549.979,0574356,137270,wieś,Rościszewo-gmina wiejska,sierpecki
8619,Śniegocin,528.962,559.952,0573948,137272,wieś,Radzanowo-gmina wiejska,płocki
8620,Środoń,520.970,530.601,0572251,137525,wieś,Nowy Duninów-gmina wiejska,płocki
8621,Śródborze,544.154,584.613,0111917,137534,wieś,Baboszewo-gmina wiejska,płoński
8622,Śródborze,551.840,592.202,0114880,137533,wieś,Glinojeck-gmina miejsko-wiejska,ciechanowski
8623,Śródmieście,486.542,637.285,0919810,137568,część miasta,Warszawa-gmina miejska,Warszawa
8624,Świdno,420.893,620.670,0629519,137724,wieś,Mogielnica-gmina miejsko-wiejska,grójecki
8625,Świdno,497.407,692.522,0693730,137723,wieś,Wierzbno-gmina wiejska,węgrowski
8626,Świdrygały,422.362,610.804,0629809,137760,wieś,Nowe Miasto nad Pilicą-gmina miejsko-wiejska,grójecki
8627,Świdrów,502.326,687.134,0670640,137741,wieś,Dobre-gmina miejsko-wiejska,miński
8628,Świdwiborek,614.938,650.926,0515017,137762,wieś,Myszyniec-gmina miejsko-wiejska,ostrołęcki
8629,Świercze,535.312,619.245,0128651,137847,wieś,Świercze-gmina wiejska,pułtuski
8630,Świercze-Siółki,534.226,619.042,0128668,137861,wieś,Świercze-gmina wiejska,pułtuski
8631,Świerczek,378.053,632.276,0639529,137864,wieś,Szydłowiec-gmina miejsko-wiejska,szydłowiecki
8632,Świerczyn,542.345,564.625,0563654,137892,wieś,Drobin-gmina miejsko-wiejska,płocki
8633,Świerczynek,540.811,565.723,0563690,137926,wieś,Drobin-gmina miejsko-wiejska,płocki
8634,Świerkowo,530.354,616.456,0128680,138006,wieś,Świercze-gmina wiejska,pułtuski
8635,Świerże,564.686,696.819,0520722,138071,wieś,Stary Lubotyń-gmina wiejska,ostrowski
8636,Świerże Górne,424.101,671.801,0627839,138080,wieś,Kozienice-gmina miejsko-wiejska,kozienicki
8637,Świerże Zielone,550.733,713.438,0411810,138081,wieś,Zaręby Kościelne-gmina wiejska,ostrowski
8638,Świerże-Kiełcze,551.806,713.513,0411766,138075,wieś,Zaręby Kościelne-gmina wiejska,ostrowski
8639,Świerże-Kolonia,548.555,714.098,0411789,193461,kolonia,Zaręby Kościelne-gmina wiejska,ostrowski
8640,Świerże-Kończany,550.361,713.274,0411772,138077,wieś,Zaręby Kościelne-gmina wiejska,ostrowski
8641,Świerże-Leśniewek,549.588,715.339,0407820,138078,wieś,Szulborze Wielkie-gmina wiejska,ostrowski
8642,Świerże-Panki,551.272,713.629,0411795,138079,wieś,Zaręby Kościelne-gmina wiejska,ostrowski
8643,Świesielice,377.168,684.068,0617835,138083,wieś,Ciepielów-gmina miejsko-wiejska,lipski
8644,Świeszewko,532.061,617.261,0128697,138086,wieś,Świercze-gmina wiejska,pułtuski
8645,Świeszewo,528.118,641.614,0122944,138089,wieś,Pokrzywnica-gmina wiejska,pułtuski
8646,Świeszewo,531.421,616.601,0128705,138088,wieś,Świercze-gmina wiejska,pułtuski
8647,Świetlikowa Wola,399.050,684.032,0632088,138096,wieś,Policzna-gmina wiejska,zwoleński
8648,Świniary,592.771,624.676,0512740,138423,wieś,Krzynowłoga Mała-gmina wiejska,przasnyski
8649,Świniary,508.076,562.060,0575574,138422,wieś,Słubice-gmina wiejska,płocki
8650,Świniary,497.622,715.173,0682264,138424,wieś,Mokobody-gmina wiejska,siedlecki
8651,Świniarów,491.519,755.527,0015645,138409,wieś,Łosice-gmina miejsko-wiejska,łosicki
8652,Świnice,458.340,601.332,0732861,138437,wieś,Mszczonów-gmina miejsko-wiejska,żyrardowski
8653,Świniotop,527.282,674.186,0523330,138467,wieś,Wyszków-gmina miejsko-wiejska,wyszkowski
8654,Świniów,383.271,632.579,0639535,138471,wieś,Szydłowiec-gmina miejsko-wiejska,szydłowiecki
8655,Święcice,484.325,615.980,0006095,138121,wieś,Ożarów Mazowiecki-gmina miejsko-wiejska,warszawski zachodni
8656,Święcienica,521.623,632.600,0008378,138135,wieś,Serock-gmina miejsko-wiejska,legionowski
8657,Święcieniec,518.039,562.017,0575999,138136,wieś,Słupno-gmina wiejska,płocki
8658,Święta Rozalia,553.126,654.194,0519995,138183,osada leśna,Rzewnie-gmina wiejska,makowski
8659,Świętochy,471.678,682.868,0687362,138299,wieś,Siennica-gmina miejsko-wiejska,miński
8660,Świętochów,456.555,622.504,0009461,138296,wieś,Tarczyn-gmina miejsko-wiejska,piaseczyński
8661,Żabia Wola,406.597,637.707,0638582,162848,wieś,Stara Błotnica-gmina wiejska,białobrzeski
8662,Żabia Wola,464.181,616.051,0740814,162845,wieś,Żabia Wola-gmina wiejska,grodziski
8663,Żabianka,428.541,696.496,0692720,162859,wieś,Trojanów-gmina wiejska,garwoliński
8664,Żabiczyn,522.039,625.357,0120684,162877,wieś,Nasielsk-gmina miejsko-wiejska,nowodworski
8665,Żabieniec,468.148,622.235,0005440,162914,osada,Nadarzyn-gmina wiejska,pruszkowski
8666,Żabieniec,467.565,640.073,0006669,162915,wieś,Piaseczno-gmina miejsko-wiejska,piaseczyński
8667,Żabieniec,456.072,681.890,0683855,162916,wieś,Parysów-gmina wiejska,garwoliński
8668,Żabiki,544.351,539.674,0571671,162945,wieś,Mochowo-gmina wiejska,sierpecki
8669,Żabin,566.977,673.949,0510468,162959,wieś,Goworowo-gmina wiejska,ostrołęcki
8670,Żabin Karniewski,554.966,636.844,0117110,162961,wieś,Karniewo-gmina wiejska,makowski
8671,Żabin Łukowski,553.787,627.412,0117127,162962,wieś,Karniewo-gmina wiejska,makowski
8672,Żaboklik,584.470,614.327,0114502,163087,wieś,Dzierzgowo-gmina wiejska,mławski
8673,Żabokliki,504.529,696.512,0675850,163090,wieś,Korytnica-gmina wiejska,węgrowski
8674,Żabokliki,484.761,726.969,0686902,163089,wieś,Siedlce-gmina wiejska,siedlecki
8675,Żabokliki-Kolonia,484.278,727.886,0686919,163091,wieś,Siedlce-gmina wiejska,siedlecki
8676,Żabowo,551.115,561.520,0580078,163104,wieś,Zawidz-gmina wiejska,sierpecki
8677,Żaby,481.721,602.938,0723230,163123,wieś,Baranów-gmina wiejska,grodziski
8678,Żachy-Pawły,548.173,702.021,0514621,163131,wieś,Małkinia Górna-gmina miejsko-wiejska,ostrowski
8679,Żaków,470.117,682.341,0687439,163175,wieś,Siennica-gmina miejsko-wiejska,miński
8680,Żakówek,469.658,682.770,0687451,163177,wieś,Siennica-gmina miejsko-wiejska,miński
8681,Żanecin,507.483,721.412,0689160,163211,wieś,Sokołów Podlaski-gmina wiejska,sokołowski
8682,Żanęcin,478.923,659.022,0010174,163212,wieś,Wiązowna-gmina wiejska,otwocki
8683,Żarnowo,581.931,608.071,0115855,163296,wieś,Grudusk-gmina wiejska,ciechanowski
8684,Żarnówka,579.369,548.505,0119072,163308,wieś,Lubowidz-gmina miejsko-wiejska,żuromiński
8685,Żarnówka,493.424,696.345,0672432,163310,wieś,Grębków-gmina wiejska,węgrowski
8686,Żarówka,557.046,545.151,0575166,163329,kolonia,Sierpc-gmina wiejska,sierpecki
8687,Żbiki,564.432,628.848,0117618,163364,wieś,Krasne-gmina wiejska,przasnyski
8688,Żbiki-Antosy,566.870,626.649,0117630,163365,kolonia,Krasne-gmina wiejska,przasnyski
8689,Żbiki-Gawronki,566.018,627.951,0117624,163366,wieś,Krasne-gmina wiejska,przasnyski
8690,Żbiki-Kierzki,563.918,626.897,0117653,163367,wieś,Krasne-gmina wiejska,przasnyski
8691,Żbiki-Starki,565.054,626.804,0117647,163368,wieś,Krasne-gmina wiejska,przasnyski
8692,Żdżar,485.183,701.329,0676890,163387,wieś,Kotuń-gmina wiejska,siedlecki
8693,Żdżarki,413.429,608.459,0629910,163392,wieś,Nowe Miasto nad Pilicą-gmina miejsko-wiejska,grójecki
8694,Żdżary,422.367,601.284,0629927,163399,wieś,Nowe Miasto nad Pilicą-gmina miejsko-wiejska,grójecki
8695,Żdżary,402.375,666.242,0631278,163404,wieś,Pionki-gmina wiejska,radomski
8696,Żdżary,402.032,666.649,0631284,104471,osada leśna,Pionki-gmina wiejska,radomski
8697,Żdżarów,486.555,579.878,0738622,163393,wieś,Sochaczew-gmina wiejska,sochaczewski
8698,Żebraczka,464.397,698.956,0695048,163427,wieś,Wodynie-gmina wiejska,siedlecki
8699,Żebrak,471.712,711.547,0687681,163432,wieś,Skórzec-gmina wiejska,siedlecki
8700,Żebry-Chudek,582.527,663.320,0516146,163454,wieś,Olszewo-Borki-gmina wiejska,ostrołęcki
8701,Żebry-Falbogi,541.408,627.054,0116346,163456,wieś,Gzy-gmina wiejska,pułtuski
8702,Żebry-Idźki,575.952,613.629,0113394,163457,kolonia,Czernice Borowe-gmina wiejska,przasnyski
8703,Żebry-Kolonia,539.981,726.807,0402997,163458,wieś,Nur-gmina wiejska,ostrowski
8704,Żebry-Kordy,576.913,613.202,0113388,163461,wieś,Czernice Borowe-gmina wiejska,przasnyski
8705,Żebry-Laskowiec,541.594,726.075,0403005,163462,wieś,Nur-gmina wiejska,ostrowski
8706,Żebry-Marcisze,577.152,614.078,0113402,163463,kolonia,Czernice Borowe-gmina wiejska,przasnyski
8707,Żebry-Ostrowy,580.563,663.018,0516152,163464,wieś,Olszewo-Borki-gmina wiejska,ostrołęcki
8708,Żebry-Perosy,573.727,664.670,0516175,163465,wieś,Olszewo-Borki-gmina wiejska,ostrołęcki
8709,Żebry-Stara Wieś,576.509,663.310,0516198,163467,wieś,Olszewo-Borki-gmina wiejska,ostrołęcki
8710,Żebry-Sławki,576.222,662.022,0516181,163468,wieś,Olszewo-Borki-gmina wiejska,ostrołęcki
8711,Żebry-Wiatraki,540.159,626.951,0116352,163470,wieś,Gzy-gmina wiejska,pułtuski
8712,Żebry-Wierzchlas,578.268,659.666,0516206,163471,wieś,Olszewo-Borki-gmina wiejska,ostrołęcki
8713,Żebry-Żabin,577.016,661.932,0516212,163473,wieś,Olszewo-Borki-gmina wiejska,ostrołęcki
8714,Żebrówka,491.061,688.330,0674052,163447,wieś,Kałuszyn-gmina miejsko-wiejska,miński
8715,Żelazna,447.959,648.555,0616994,163537,wieś,Chynów-gmina wiejska,grójecki
8716,Żelazna,462.641,676.646,0684056,163536,wieś,Pilawa-gmina miejsko-wiejska,garwoliński
8717,Żelazna Nowa,439.907,661.178,0628862,163543,wieś,Magnuszew-gmina miejsko-wiejska,kozienicki
8718,Żelazna Prywatna,598.077,643.246,0510959,163544,wieś,Jednorożec-gmina wiejska,przasnyski
8719,Żelazna Rządowa,598.237,642.655,0510965,163545,wieś,Jednorożec-gmina wiejska,przasnyski
8720,Żelazna Rządowa-Gutocha,598.972,643.701,0510988,40321,osada,Jednorożec-gmina wiejska,przasnyski
8721,Żelazna Stara,439.194,660.452,0628951,163546,wieś,Magnuszew-gmina miejsko-wiejska,kozienicki
8722,Żelazowa Wola,488.855,589.443,0738668,163565,wieś,Sochaczew-gmina wiejska,sochaczewski
8723,Żelazy-Brokowo,552.591,720.290,0394915,163576,wieś,Andrzejewo-gmina wiejska,ostrowski
8724,Żelazów,507.924,696.065,0675867,163572,wieś,Korytnica-gmina wiejska,węgrowski
8725,Żelaźnia,583.086,559.406,0119089,163580,wieś,Lubowidz-gmina miejsko-wiejska,żuromiński
8726,Żelechy,535.369,596.853,0126008,163601,wieś,Sochocin-gmina miejsko-wiejska,płoński
8727,Żelechów,447.990,650.050,0617019,163597,wieś,Chynów-gmina wiejska,grójecki
8728,Żelechów,462.546,618.777,0740820,163596,wieś,Żabia Wola-gmina wiejska,grodziski
8729,Żelechów,441.976,699.604,0975983,163599,miasto,Żelechów-gmina miejsko-wiejska,garwoliński
8730,Żeleźnia,553.321,588.198,0114985,163609,wieś,Glinojeck-gmina miejsko-wiejska,ciechanowski
8731,Żeleźniki,514.829,707.972,0681454,163624,wieś,Miedzna-gmina wiejska,węgrowski
8732,Żeliszew Duży,478.450,704.692,0676915,163661,wieś,Kotuń-gmina wiejska,siedlecki
8733,Żeliszew Podkościelny,478.958,705.729,0676938,163662,wieś,Kotuń-gmina wiejska,siedlecki
8734,Żelków,478.435,717.535,0687698,163675,wieś,Skórzec-gmina wiejska,siedlecki
8735,Żelków-Kolonia,480.284,719.961,0686925,163677,wieś,Siedlce-gmina wiejska,siedlecki
8736,Żerań,453.321,589.876,0735138,196771,osada,Puszcza Mariańska-gmina wiejska,żyrardowski
8737,Żerań Duży,574.444,666.800,0516229,163695,wieś,Olszewo-Borki-gmina wiejska,ostrołęcki
8738,Żerań Mały,573.698,667.298,0516235,163696,wieś,Olszewo-Borki-gmina wiejska,ostrołęcki
8739,Żerdź,402.492,629.954,0634638,163712,wieś,Przytyk-gmina miejsko-wiejska,radomski
8740,Żerniki,530.017,534.824,0561299,163748,wieś,Brudzeń Duży-gmina wiejska,płocki
8741,Żmijewek Włościański,573.511,687.662,0522394,163876,wieś,Troszyn-gmina wiejska,ostrołęcki
8742,Żmijewek-Mans,573.955,688.614,0522388,163875,wieś,Troszyn-gmina wiejska,ostrołęcki
8743,Żmijewo Kościelne,573.868,599.774,0127657,163863,wieś,Stupsk-gmina wiejska,mławski
8744,Żmijewo-Gaje,571.042,600.801,0127634,163854,wieś,Stupsk-gmina wiejska,mławski
8745,Żmijewo-Kuce,571.673,602.755,0127670,163855,wieś,Stupsk-gmina wiejska,mławski
8746,Żmijewo-Ponki,571.880,600.215,0127700,163859,wieś,Stupsk-gmina wiejska,mławski
8747,Żmijewo-Trojany,572.992,599.790,0127717,163861,kolonia,Stupsk-gmina wiejska,mławski
8748,Żmijewo-Zagroby,573.921,689.315,0522371,163862,wieś,Troszyn-gmina wiejska,ostrołęcki
8749,Żmijków,394.342,631.969,0634199,163864,wieś,Przytyk-gmina miejsko-wiejska,radomski
8750,Żochowo,561.294,701.170,0520745,163899,wieś,Stary Lubotyń-gmina wiejska,ostrowski
8751,Żochowo,553.030,538.912,0575284,163898,wieś,Sierpc-gmina wiejska,sierpecki
8752,Żochowo Stare,530.543,574.183,0577188,163900,wieś,Staroźreby-gmina miejsko-wiejska,płocki
8753,Żochy,545.984,606.972,0121360,163905,wieś,Ojrzeń-gmina wiejska,ciechanowski
8754,Żochy,570.989,689.717,0508550,163907,wieś,Czerwin-gmina wiejska,ostrołęcki
8755,Żochy,526.776,709.945,0676520,163906,wieś,Kosów Lacki-gmina miejsko-wiejska,sokołowski
8756,Żoliborz,491.129,635.575,0920048,163917,część miasta,Warszawa-gmina miejska,Warszawa
8757,Żołędowo,525.618,610.497,0121057,163929,wieś,Nowe Miasto-gmina miejsko-wiejska,płoński
8758,Żuki,546.067,540.173,0571694,164080,wieś,Mochowo-gmina wiejska,sierpecki
8759,Żukowo,515.869,585.539,0119764,164107,wieś,Naruszewo-gmina wiejska,płoński
8760,Żukowo,526.876,550.786,0560160,164106,wieś,Bielsk-gmina wiejska,płocki
8761,Żukowo Poświętne,516.219,583.619,0119698,164111,wieś,Naruszewo-gmina wiejska,płoński
8762,Żukowo-Strusie,545.868,569.998,0124080,164108,wieś,Raciąż-gmina wiejska,płoński
8763,Żukowo-Wawrzonki,544.805,571.924,0124096,164109,wieś,Raciąż-gmina wiejska,płoński
8764,Żuków,477.464,612.677,0002619,164123,wieś,Grodzisk Mazowiecki-gmina miejsko-wiejska,grodziski
8765,Żuków,387.237,621.479,0640969,164129,wieś,Wieniawa-gmina wiejska,przysuski
8766,Żuków,486.147,672.219,0682057,164125,wieś,Mińsk Mazowiecki-gmina wiejska,miński
8767,Żuków,490.258,712.863,0682360,164126,wieś,Mokobody-gmina wiejska,siedlecki
8768,Żuków,458.761,597.063,0735180,164124,wieś,Puszcza Mariańska-gmina wiejska,żyrardowski
8769,Żuków,490.378,586.283,0738674,164122,wieś,Sochaczew-gmina wiejska,sochaczewski
8770,Żukówka,480.048,611.082,0000460,164146,wieś,Błonie-gmina miejsko-wiejska,warszawski zachodni
8771,Żulin,517.819,695.583,0691228,164152,wieś,Stoczek-gmina wiejska,węgrowski
8772,Żurawieniec,542.764,689.518,0507124,164259,osada leśna,Brok-gmina miejsko-wiejska,ostrowski
8773,Żurawin,547.296,536.398,0571702,164276,wieś,Mochowo-gmina wiejska,sierpecki
8774,Żurawinek,545.836,534.996,0571719,164281,wieś,Mochowo-gmina wiejska,sierpecki
8775,Żurawiniec,399.912,607.225,0635425,164298,osada,Rusinów-gmina wiejska,przysuski
8776,Żurawlówka,477.320,763.440,0012730,164327,wieś,Huszlew-gmina wiejska,łosicki
8777,Żuromin,578.213,560.942,0930851,164350,miasto,Żuromin-gmina miejsko-wiejska,żuromiński
8778,Żurominek,571.273,589.210,0129739,164351,wieś,Wiśniewo-gmina wiejska,mławski
8779,Żwirówka,486.573,664.212,0002950,164394,wieś,Halinów-gmina miejsko-wiejska,miński
8780,Żychowo,550.305,578.185,0124104,164421,wieś,Raciąż-gmina wiejska,płoński
8781,Życzyn,426.525,689.380,0692742,164431,wieś,Trojanów-gmina wiejska,garwoliński
8782,Żydy,411.228,622.847,0635158,164530,wieś,Radzanów-gmina wiejska,białobrzeski
8783,Żyrardów,466.546,599.173,0977210,164568,miasto,Żyrardów-gmina miejska,żyrardowski
8784,Żyrów,448.558,635.151,0617031,164575,wieś,Chynów-gmina wiejska,grójecki
8785,Żyrówek,449.869,634.619,0622530,164577,wieś,Grójec-gmina miejsko-wiejska,grójecki
8786,Żytnia,486.478,720.047,0686948,164597,wieś,Siedlce-gmina wiejska,siedlecki
8787,Żytowo,550.555,553.743,0580084,164612,wieś,Zawidz-gmina wiejska,sierpecki
8788,Żyłowo,562.231,697.958,0520751,164560,wieś,Stary Lubotyń-gmina wiejska,ostrowski
8789,Żyźniewo,580.693,692.404,0522402,164641,wieś,Troszyn-gmina wiejska,ostrołęcki
8790,Żółkwy,509.867,731.602,0685481,163988,wieś,Repki-gmina wiejska,sokołowski
8791,Żółtowo,545.371,539.133,0571688,164011,wieś,Mochowo-gmina wiejska,sierpecki
8792,Żółwin,472.657,618.508,0000773,164021,wieś,Brwinów-gmina miejsko-wiejska,pruszkowski
